mode: set
github.com/luxfi/precompile/ai/ai_mining.go:110.67,111.21 1 1
github.com/luxfi/precompile/ai/ai_mining.go:112.28,113.51 1 0
github.com/luxfi/precompile/ai/ai_mining.go:114.28,115.51 1 1
github.com/luxfi/precompile/ai/ai_mining.go:116.28,117.51 1 0
github.com/luxfi/precompile/ai/ai_mining.go:118.10,119.40 1 1
github.com/luxfi/precompile/ai/ai_mining.go:123.69,124.44 1 0
github.com/luxfi/precompile/ai/ai_mining.go:124.44,126.3 1 0
github.com/luxfi/precompile/ai/ai_mining.go:127.2,128.51 2 0
github.com/luxfi/precompile/ai/ai_mining.go:128.51,130.3 1 0
github.com/luxfi/precompile/ai/ai_mining.go:131.2,131.58 1 0
github.com/luxfi/precompile/ai/ai_mining.go:134.69,135.44 1 1
github.com/luxfi/precompile/ai/ai_mining.go:135.44,137.3 1 1
github.com/luxfi/precompile/ai/ai_mining.go:138.2,139.51 2 1
github.com/luxfi/precompile/ai/ai_mining.go:139.51,141.3 1 0
github.com/luxfi/precompile/ai/ai_mining.go:142.2,142.58 1 1
github.com/luxfi/precompile/ai/ai_mining.go:145.69,146.44 1 0
github.com/luxfi/precompile/ai/ai_mining.go:146.44,148.3 1 0
github.com/luxfi/precompile/ai/ai_mining.go:149.2,150.51 2 0
github.com/luxfi/precompile/ai/ai_mining.go:150.51,152.3 1 0
github.com/luxfi/precompile/ai/ai_mining.go:153.2,153.58 1 0
github.com/luxfi/precompile/ai/ai_mining.go:166.74,167.39 1 1
github.com/luxfi/precompile/ai/ai_mining.go:167.39,169.3 1 1
github.com/luxfi/precompile/ai/ai_mining.go:172.2,179.9 4 1
github.com/luxfi/precompile/ai/ai_mining.go:179.9,181.3 1 1
github.com/luxfi/precompile/ai/ai_mining.go:184.2,189.20 5 1
github.com/luxfi/precompile/ai/ai_mining.go:195.57,196.23 1 1
github.com/luxfi/precompile/ai/ai_mining.go:196.23,198.3 1 1
github.com/luxfi/precompile/ai/ai_mining.go:213.2,213.23 1 1
github.com/luxfi/precompile/ai/ai_mining.go:213.23,215.3 1 1
github.com/luxfi/precompile/ai/ai_mining.go:219.2,220.16 2 1
github.com/luxfi/precompile/ai/ai_mining.go:220.16,222.3 1 0
github.com/luxfi/precompile/ai/ai_mining.go:224.2,224.19 1 1
github.com/luxfi/precompile/ai/ai_mining.go:231.66,232.25 1 1
github.com/luxfi/precompile/ai/ai_mining.go:232.25,234.3 1 0
github.com/luxfi/precompile/ai/ai_mining.go:237.2,237.23 1 1
github.com/luxfi/precompile/ai/ai_mining.go:237.23,239.3 1 0
github.com/luxfi/precompile/ai/ai_mining.go:242.2,242.25 1 1
github.com/luxfi/precompile/ai/ai_mining.go:242.25,244.3 1 0
github.com/luxfi/precompile/ai/ai_mining.go:249.2,249.18 1 1
github.com/luxfi/precompile/ai/ai_mining.go:254.53,259.26 3 1
github.com/luxfi/precompile/ai/ai_mining.go:259.26,260.13 1 1
github.com/luxfi/precompile/ai/ai_mining.go:260.13,262.4 1 1
github.com/luxfi/precompile/ai/ai_mining.go:264.2,264.14 1 1
github.com/luxfi/precompile/ai/ai_mining.go:269.56,270.30 1 1
github.com/luxfi/precompile/ai/ai_mining.go:270.30,272.3 1 1
github.com/luxfi/precompile/ai/ai_mining.go:274.2,278.12 4 1
github.com/luxfi/precompile/ai/ai_mining.go:282.45,291.2 6 1
github.com/luxfi/precompile/ai/ai_mining.go:295.71,307.2 9 1
github.com/luxfi/precompile/ai/ai_mining.go:310.53,311.21 1 1
github.com/luxfi/precompile/ai/ai_mining.go:312.28,313.16 1 1
github.com/luxfi/precompile/ai/ai_mining.go:314.28,315.16 1 1
github.com/luxfi/precompile/ai/ai_mining.go:316.28,317.16 1 1
github.com/luxfi/precompile/ai/ai_mining.go:318.10,319.36 1 1
github.com/luxfi/precompile/ai/ai_mining.go:324.57,325.15 1 1
github.com/luxfi/precompile/ai/ai_mining.go:326.9,327.35 1 1
github.com/luxfi/precompile/ai/ai_mining.go:328.9,329.35 1 1
github.com/luxfi/precompile/ai/ai_mining.go:330.9,331.35 1 1
github.com/luxfi/precompile/ai/ai_mining.go:332.10,333.36 1 1
github.com/luxfi/precompile/ai/ai_mining.go:338.148,339.39 1 1
github.com/luxfi/precompile/ai/ai_mining.go:339.39,342.3 2 0
github.com/luxfi/precompile/ai/ai_mining.go:344.2,350.46 6 1
github.com/luxfi/precompile/ai/ai_mining.go:350.46,352.3 1 1
github.com/luxfi/precompile/ai/ai_mining.go:354.2,354.8 1 1
github.com/luxfi/precompile/ai/ai_mining.go:358.125,368.23 8 1
github.com/luxfi/precompile/ai/ai_mining.go:368.23,370.3 1 1
github.com/luxfi/precompile/ai/ai_mining.go:372.2,372.14 1 1
github.com/luxfi/precompile/ai/ai_mining.go:376.57,378.9 2 1
github.com/luxfi/precompile/ai/ai_mining.go:378.9,380.3 1 1
github.com/luxfi/precompile/ai/ai_mining.go:381.2,381.18 1 1
github.com/luxfi/precompile/ai/ai_mining.go:389.26,391.2 1 0
github.com/luxfi/precompile/ai/ai_mining.go:394.26,395.23 1 0
github.com/luxfi/precompile/ai/ai_mining.go:395.23,397.24 2 0
github.com/luxfi/precompile/ai/ai_mining.go:397.24,399.4 1 0
github.com/luxfi/precompile/ai/ai_mining.go:401.2,401.14 1 0
github.com/luxfi/precompile/ai/ai_mining.go:405.25,407.2 1 0
github.com/luxfi/precompile/ai/ai_mining.go:425.59,426.32 1 0
github.com/luxfi/precompile/ai/ai_mining.go:426.32,428.3 1 0
github.com/luxfi/precompile/ai/ai_mining.go:429.2,431.3 1 0
github.com/luxfi/precompile/ai/ai_mining.go:435.101,444.40 7 0
github.com/luxfi/precompile/ai/ai_mining.go:444.40,447.3 2 0
github.com/luxfi/precompile/ai/ai_mining.go:448.2,448.14 1 0
github.com/luxfi/precompile/ai/ai_mining.go:452.37,456.2 3 0
github.com/luxfi/precompile/ai/ai_mining.go:459.43,460.29 1 0
github.com/luxfi/precompile/ai/ai_mining.go:460.29,462.3 1 0
github.com/luxfi/precompile/ai/ai_mining.go:464.2,477.16 10 0
github.com/luxfi/precompile/ai/ai_mining.go:477.16,479.29 1 0
github.com/luxfi/precompile/ai/ai_mining.go:479.29,481.27 2 0
github.com/luxfi/precompile/ai/ai_mining.go:481.27,483.5 1 0
github.com/luxfi/precompile/ai/ai_mining.go:485.3,485.9 1 0
github.com/luxfi/precompile/ai/ai_mining.go:489.2,489.25 1 0
github.com/luxfi/precompile/ai/ai_mining.go:489.25,490.26 1 0
github.com/luxfi/precompile/ai/ai_mining.go:490.26,492.4 1 0
github.com/luxfi/precompile/ai/ai_mining.go:497.40,501.2 3 0
github.com/luxfi/precompile/ai/ai_mining.go:510.79,513.16 2 0
github.com/luxfi/precompile/ai/ai_mining.go:513.16,515.3 1 0
github.com/luxfi/precompile/ai/ai_mining.go:518.2,519.28 2 0
github.com/luxfi/precompile/ai/ai_mining.go:519.28,521.23 2 0
github.com/luxfi/precompile/ai/ai_mining.go:521.23,523.4 1 0
github.com/luxfi/precompile/ai/ai_mining.go:523.9,525.4 1 0
github.com/luxfi/precompile/ai/ai_mining.go:527.2,527.21 1 0
github.com/luxfi/precompile/ai/ai_mining.go:535.69,538.35 3 0
github.com/luxfi/precompile/ai/ai_mining.go:538.35,539.37 1 0
github.com/luxfi/precompile/ai/ai_mining.go:539.37,542.12 3 0
github.com/luxfi/precompile/ai/ai_mining.go:545.3,546.27 2 0
github.com/luxfi/precompile/ai/ai_mining.go:546.27,549.4 2 0
github.com/luxfi/precompile/ai/ai_mining.go:549.9,552.4 2 0
github.com/luxfi/precompile/ai/ai_mining.go:554.2,554.29 1 0
github.com/luxfi/precompile/ai/ai_mining.go:559.84,561.12 2 0
github.com/luxfi/precompile/ai/ai_mining.go:561.12,563.3 1 0
github.com/luxfi/precompile/ai/ai_mining.go:566.2,567.28 2 0
github.com/luxfi/precompile/ai/ai_mining.go:567.28,569.21 2 0
github.com/luxfi/precompile/ai/ai_mining.go:569.21,571.4 1 0
github.com/luxfi/precompile/ai/ai_mining.go:571.9,573.4 1 0
github.com/luxfi/precompile/ai/ai_mining.go:575.2,575.21 1 0
github.com/luxfi/precompile/ai/ai_mining.go:596.23,600.2 3 0
github.com/luxfi/precompile/ai/ai_mining.go:603.22,607.2 3 0
github.com/luxfi/precompile/ai/module.go:49.13,50.55 1 1
github.com/luxfi/precompile/ai/module.go:50.55,51.13 1 0
github.com/luxfi/precompile/ai/module.go:55.59,57.2 1 0
github.com/luxfi/precompile/ai/module.go:64.9,67.2 1 0
github.com/luxfi/precompile/ai/module.go:74.31,76.2 1 0
github.com/luxfi/precompile/ai/module.go:78.38,80.2 1 0
github.com/luxfi/precompile/ai/module.go:82.36,84.2 1 0
github.com/luxfi/precompile/ai/module.go:86.58,88.9 2 0
github.com/luxfi/precompile/ai/module.go:88.9,90.3 1 0
github.com/luxfi/precompile/ai/module.go:91.2,91.40 1 0
github.com/luxfi/precompile/ai/module.go:94.73,96.2 1 0
github.com/luxfi/precompile/ai/module.go:109.48,110.20 1 0
github.com/luxfi/precompile/ai/module.go:110.20,112.3 1 0
github.com/luxfi/precompile/ai/module.go:114.2,117.18 3 0
github.com/luxfi/precompile/ai/module.go:118.27,119.72 1 0
github.com/luxfi/precompile/ai/module.go:120.31,121.66 1 0
github.com/luxfi/precompile/ai/module.go:122.25,123.60 1 0
github.com/luxfi/precompile/ai/module.go:124.23,125.58 1 0
github.com/luxfi/precompile/ai/module.go:126.25,127.70 1 0
github.com/luxfi/precompile/ai/module.go:128.29,129.47 1 0
github.com/luxfi/precompile/ai/module.go:130.10,131.79 1 0
github.com/luxfi/precompile/ai/module.go:140.27,141.34 1 0
github.com/luxfi/precompile/ai/module.go:141.34,143.3 1 0
github.com/luxfi/precompile/ai/module.go:146.2,146.21 1 0
github.com/luxfi/precompile/ai/module.go:146.21,148.3 1 0
github.com/luxfi/precompile/ai/module.go:150.2,151.40 2 0
github.com/luxfi/precompile/ai/module.go:151.40,153.3 1 0
github.com/luxfi/precompile/ai/module.go:154.2,158.44 4 0
github.com/luxfi/precompile/ai/module.go:158.44,160.3 1 0
github.com/luxfi/precompile/ai/module.go:161.2,165.42 4 0
github.com/luxfi/precompile/ai/module.go:165.42,167.3 1 0
github.com/luxfi/precompile/ai/module.go:168.2,171.16 3 0
github.com/luxfi/precompile/ai/module.go:171.16,173.3 1 0
github.com/luxfi/precompile/ai/module.go:175.2,176.11 2 0
github.com/luxfi/precompile/ai/module.go:176.11,178.3 1 0
github.com/luxfi/precompile/ai/module.go:179.2,179.50 1 0
github.com/luxfi/precompile/ai/module.go:186.27,187.38 1 0
github.com/luxfi/precompile/ai/module.go:187.38,189.3 1 0
github.com/luxfi/precompile/ai/module.go:191.2,191.21 1 0
github.com/luxfi/precompile/ai/module.go:191.21,193.3 1 0
github.com/luxfi/precompile/ai/module.go:195.2,199.16 4 0
github.com/luxfi/precompile/ai/module.go:199.16,201.3 1 0
github.com/luxfi/precompile/ai/module.go:203.2,205.54 3 0
github.com/luxfi/precompile/ai/module.go:212.27,213.32 1 0
github.com/luxfi/precompile/ai/module.go:213.32,215.3 1 0
github.com/luxfi/precompile/ai/module.go:217.2,217.20 1 0
github.com/luxfi/precompile/ai/module.go:217.20,219.3 1 0
github.com/luxfi/precompile/ai/module.go:221.2,222.41 2 0
github.com/luxfi/precompile/ai/module.go:222.41,224.3 1 0
github.com/luxfi/precompile/ai/module.go:225.2,229.42 4 0
github.com/luxfi/precompile/ai/module.go:229.42,231.3 1 0
github.com/luxfi/precompile/ai/module.go:232.2,235.16 3 0
github.com/luxfi/precompile/ai/module.go:235.16,237.3 1 0
github.com/luxfi/precompile/ai/module.go:239.2,240.11 2 0
github.com/luxfi/precompile/ai/module.go:240.11,242.3 1 0
github.com/luxfi/precompile/ai/module.go:243.2,243.48 1 0
github.com/luxfi/precompile/ai/module.go:250.27,251.30 1 0
github.com/luxfi/precompile/ai/module.go:251.30,253.3 1 0
github.com/luxfi/precompile/ai/module.go:255.2,255.21 1 0
github.com/luxfi/precompile/ai/module.go:255.21,257.3 1 0
github.com/luxfi/precompile/ai/module.go:259.2,266.11 6 0
github.com/luxfi/precompile/ai/module.go:266.11,268.3 1 0
github.com/luxfi/precompile/ai/module.go:269.2,269.46 1 0
github.com/luxfi/precompile/ai/module.go:277.27,278.14 1 0
github.com/luxfi/precompile/ai/module.go:278.14,280.3 1 0
github.com/luxfi/precompile/ai/module.go:282.2,282.32 1 0
github.com/luxfi/precompile/ai/module.go:282.32,284.3 1 0
github.com/luxfi/precompile/ai/module.go:286.2,286.21 1 0
github.com/luxfi/precompile/ai/module.go:286.21,288.3 1 0
github.com/luxfi/precompile/ai/module.go:290.2,295.16 5 0
github.com/luxfi/precompile/ai/module.go:295.16,297.3 1 0
github.com/luxfi/precompile/ai/module.go:299.2,301.48 3 0
github.com/luxfi/precompile/ai/module.go:307.27,308.36 1 0
github.com/luxfi/precompile/ai/module.go:308.36,310.3 1 0
github.com/luxfi/precompile/ai/module.go:312.2,312.21 1 0
github.com/luxfi/precompile/ai/module.go:312.21,314.3 1 0
github.com/luxfi/precompile/ai/module.go:316.2,322.55 6 0
github.com/luxfi/precompile/ai/module.go:331.73,333.2 1 0
github.com/luxfi/precompile/ai/module.go:335.80,337.2 1 0
github.com/luxfi/precompile/ai/module.go:340.61,341.20 1 0
github.com/luxfi/precompile/ai/module.go:341.20,343.3 1 0
github.com/luxfi/precompile/ai/module.go:345.2,346.18 2 0
github.com/luxfi/precompile/ai/module.go:347.27,348.24 1 0
github.com/luxfi/precompile/ai/module.go:349.31,350.28 1 0
github.com/luxfi/precompile/ai/module.go:351.25,352.22 1 0
github.com/luxfi/precompile/ai/module.go:353.23,354.20 1 0
github.com/luxfi/precompile/ai/module.go:355.25,356.22 1 0
github.com/luxfi/precompile/ai/module.go:357.29,358.26 1 0
github.com/luxfi/precompile/ai/module.go:359.10,360.28 1 0
github.com/luxfi/precompile/attestation/attestation.go:88.50,89.21 1 1
github.com/luxfi/precompile/attestation/attestation.go:89.21,91.3 1 0
github.com/luxfi/precompile/attestation/attestation.go:94.2,95.48 2 1
github.com/luxfi/precompile/attestation/attestation.go:95.48,97.3 1 0
github.com/luxfi/precompile/attestation/attestation.go:100.2,119.16 3 1
github.com/luxfi/precompile/attestation/attestation.go:119.16,127.3 1 1
github.com/luxfi/precompile/attestation/attestation.go:129.2,135.4 1 1
github.com/luxfi/precompile/attestation/attestation.go:160.46,161.21 1 1
github.com/luxfi/precompile/attestation/attestation.go:161.21,163.3 1 0
github.com/luxfi/precompile/attestation/attestation.go:165.2,166.48 2 1
github.com/luxfi/precompile/attestation/attestation.go:166.48,168.3 1 0
github.com/luxfi/precompile/attestation/attestation.go:171.2,172.22 2 1
github.com/luxfi/precompile/attestation/attestation.go:173.9,174.35 1 1
github.com/luxfi/precompile/attestation/attestation.go:175.9,176.38 1 1
github.com/luxfi/precompile/attestation/attestation.go:177.9,178.35 1 0
github.com/luxfi/precompile/attestation/attestation.go:179.10,180.33 1 0
github.com/luxfi/precompile/attestation/attestation.go:184.2,196.16 3 1
github.com/luxfi/precompile/attestation/attestation.go:196.16,203.3 1 0
github.com/luxfi/precompile/attestation/attestation.go:206.2,213.4 2 1
github.com/luxfi/precompile/attestation/attestation.go:217.64,218.17 1 1
github.com/luxfi/precompile/attestation/attestation.go:219.30,220.12 1 1
github.com/luxfi/precompile/attestation/attestation.go:221.33,222.12 1 1
github.com/luxfi/precompile/attestation/attestation.go:223.30,224.12 1 0
github.com/luxfi/precompile/attestation/attestation.go:225.10,226.12 1 0
github.com/luxfi/precompile/attestation/attestation.go:254.50,255.22 1 0
github.com/luxfi/precompile/attestation/attestation.go:255.22,257.3 1 0
github.com/luxfi/precompile/attestation/attestation.go:259.2,260.48 2 0
github.com/luxfi/precompile/attestation/attestation.go:260.48,262.3 1 0
github.com/luxfi/precompile/attestation/attestation.go:265.2,267.29 3 0
github.com/luxfi/precompile/attestation/attestation.go:267.29,273.3 1 0
github.com/luxfi/precompile/attestation/attestation.go:276.2,277.26 2 0
github.com/luxfi/precompile/attestation/attestation.go:277.26,280.28 1 0
github.com/luxfi/precompile/attestation/attestation.go:280.28,282.4 1 0
github.com/luxfi/precompile/attestation/attestation.go:286.2,286.28 1 0
github.com/luxfi/precompile/attestation/attestation.go:286.28,288.3 1 0
github.com/luxfi/precompile/attestation/attestation.go:290.2,291.18 2 0
github.com/luxfi/precompile/attestation/attestation.go:291.18,293.3 1 0
github.com/luxfi/precompile/attestation/attestation.go:296.2,304.4 3 0
github.com/luxfi/precompile/attestation/attestation.go:329.54,330.21 1 1
github.com/luxfi/precompile/attestation/attestation.go:330.21,332.3 1 0
github.com/luxfi/precompile/attestation/attestation.go:334.2,335.48 2 1
github.com/luxfi/precompile/attestation/attestation.go:335.48,337.3 1 0
github.com/luxfi/precompile/attestation/attestation.go:339.2,342.23 3 1
github.com/luxfi/precompile/attestation/attestation.go:343.9,358.17 3 1
github.com/luxfi/precompile/attestation/attestation.go:358.17,361.4 2 0
github.com/luxfi/precompile/attestation/attestation.go:363.15,365.24 2 1
github.com/luxfi/precompile/attestation/attestation.go:366.10,367.36 1 1
github.com/luxfi/precompile/attestation/attestation.go:368.10,369.39 1 0
github.com/luxfi/precompile/attestation/attestation.go:370.10,371.36 1 0
github.com/luxfi/precompile/attestation/attestation.go:374.3,382.17 3 1
github.com/luxfi/precompile/attestation/attestation.go:382.17,385.4 2 1
github.com/luxfi/precompile/attestation/attestation.go:387.10,388.30 1 0
github.com/luxfi/precompile/attestation/attestation.go:392.2,402.4 3 1
github.com/luxfi/precompile/attestation/attestation.go:425.52,426.21 1 1
github.com/luxfi/precompile/attestation/attestation.go:426.21,428.3 1 0
github.com/luxfi/precompile/attestation/attestation.go:430.2,431.48 2 1
github.com/luxfi/precompile/attestation/attestation.go:431.48,433.3 1 0
github.com/luxfi/precompile/attestation/attestation.go:435.2,438.9 3 1
github.com/luxfi/precompile/attestation/attestation.go:438.9,442.3 1 1
github.com/luxfi/precompile/attestation/attestation.go:444.2,452.4 1 0
github.com/luxfi/precompile/attestation/attestation.go:457.66,459.2 1 0
github.com/luxfi/precompile/attestation/attestation.go:463.44,465.2 1 1
github.com/luxfi/precompile/attestation/attestation.go:467.42,469.2 1 1
github.com/luxfi/precompile/attestation/attestation.go:471.62,478.2 2 1
github.com/luxfi/precompile/attestation/attestation.go:482.45,484.2 1 1
github.com/luxfi/precompile/attestation/attestation.go:487.36,496.2 1 1
github.com/luxfi/precompile/attestation/attestation.go:499.43,501.9 1 1
github.com/luxfi/precompile/attestation/attestation.go:502.51,503.26 1 1
github.com/luxfi/precompile/attestation/attestation.go:504.51,505.22 1 1
github.com/luxfi/precompile/attestation/attestation.go:506.51,507.26 1 1
github.com/luxfi/precompile/attestation/attestation.go:508.51,509.25 1 1
github.com/luxfi/precompile/attestation/attestation.go:510.51,511.28 1 1
github.com/luxfi/precompile/attestation/attestation.go:512.10,513.26 1 0
github.com/luxfi/precompile/attestation/attestation.go:519.40,520.20 1 1
github.com/luxfi/precompile/attestation/attestation.go:520.20,522.3 1 1
github.com/luxfi/precompile/attestation/attestation.go:525.2,529.18 4 1
github.com/luxfi/precompile/attestation/attestation.go:530.39,531.29 1 1
github.com/luxfi/precompile/attestation/attestation.go:532.39,533.25 1 0
github.com/luxfi/precompile/attestation/attestation.go:534.39,535.29 1 0
github.com/luxfi/precompile/attestation/attestation.go:536.39,537.33 1 0
github.com/luxfi/precompile/attestation/attestation.go:538.39,539.31 1 0
github.com/luxfi/precompile/attestation/attestation.go:540.10,541.30 1 0
github.com/luxfi/precompile/attestation/attestation.go:546.38,548.27 2 1
github.com/luxfi/precompile/attestation/attestation.go:548.27,549.26 1 1
github.com/luxfi/precompile/attestation/attestation.go:550.13,551.11 1 1
github.com/luxfi/precompile/attestation/attestation.go:551.11,554.5 2 1
github.com/luxfi/precompile/attestation/attestation.go:554.10,556.5 1 0
github.com/luxfi/precompile/attestation/attestation.go:557.14,559.32 2 1
github.com/luxfi/precompile/attestation/attestation.go:560.15,563.35 3 0
github.com/luxfi/precompile/attestation/attestation.go:564.15,567.35 3 1
github.com/luxfi/precompile/attestation/attestation.go:568.17,569.38 1 0
github.com/luxfi/precompile/attestation/attestation.go:570.17,571.18 1 0
github.com/luxfi/precompile/attestation/attestation.go:571.18,573.5 1 0
github.com/luxfi/precompile/attestation/attestation.go:573.10,578.5 4 0
github.com/luxfi/precompile/attestation/attestation.go:581.2,581.15 1 1
github.com/luxfi/precompile/attestation/module.go:34.13,35.55 1 1
github.com/luxfi/precompile/attestation/module.go:35.55,36.13 1 0
github.com/luxfi/precompile/attestation/module.go:40.59,40.81 1 0
github.com/luxfi/precompile/attestation/module.go:47.9,49.2 1 0
github.com/luxfi/precompile/attestation/module.go:55.38,55.58 1 0
github.com/luxfi/precompile/attestation/module.go:56.38,56.70 1 0
github.com/luxfi/precompile/attestation/module.go:57.38,57.66 1 0
github.com/luxfi/precompile/attestation/module.go:58.58,60.9 2 0
github.com/luxfi/precompile/attestation/module.go:60.9,62.3 1 0
github.com/luxfi/precompile/attestation/module.go:63.2,63.40 1 0
github.com/luxfi/precompile/attestation/module.go:65.61,65.75 1 0
github.com/luxfi/precompile/attestation/module.go:86.27,87.20 1 0
github.com/luxfi/precompile/attestation/module.go:87.20,89.3 1 0
github.com/luxfi/precompile/attestation/module.go:91.2,93.16 3 0
github.com/luxfi/precompile/attestation/module.go:93.16,95.3 1 0
github.com/luxfi/precompile/attestation/module.go:97.2,98.16 2 0
github.com/luxfi/precompile/attestation/module.go:98.16,100.3 1 0
github.com/luxfi/precompile/attestation/module.go:101.2,101.25 1 0
github.com/luxfi/precompile/babyjubjub/contract.go:57.65,58.20 1 1
github.com/luxfi/precompile/babyjubjub/contract.go:58.20,60.3 1 1
github.com/luxfi/precompile/babyjubjub/contract.go:61.2,61.18 1 1
github.com/luxfi/precompile/babyjubjub/contract.go:62.18,63.21 1 1
github.com/luxfi/precompile/babyjubjub/contract.go:64.19,65.22 1 1
github.com/luxfi/precompile/babyjubjub/contract.go:66.17,67.20 1 1
github.com/luxfi/precompile/babyjubjub/contract.go:68.10,69.11 1 1
github.com/luxfi/precompile/babyjubjub/contract.go:80.27,83.16 3 1
github.com/luxfi/precompile/babyjubjub/contract.go:83.16,85.3 1 1
github.com/luxfi/precompile/babyjubjub/contract.go:86.2,86.20 1 1
github.com/luxfi/precompile/babyjubjub/contract.go:86.20,88.3 1 1
github.com/luxfi/precompile/babyjubjub/contract.go:90.2,90.18 1 1
github.com/luxfi/precompile/babyjubjub/contract.go:91.18,92.36 1 1
github.com/luxfi/precompile/babyjubjub/contract.go:93.19,94.37 1 1
github.com/luxfi/precompile/babyjubjub/contract.go:95.17,96.35 1 1
github.com/luxfi/precompile/babyjubjub/contract.go:97.10,98.32 1 1
github.com/luxfi/precompile/babyjubjub/contract.go:102.67,103.26 1 1
github.com/luxfi/precompile/babyjubjub/contract.go:103.26,105.3 1 0
github.com/luxfi/precompile/babyjubjub/contract.go:106.2,110.21 5 1
github.com/luxfi/precompile/babyjubjub/contract.go:110.21,112.3 1 1
github.com/luxfi/precompile/babyjubjub/contract.go:113.2,113.16 1 1
github.com/luxfi/precompile/babyjubjub/contract.go:116.57,123.2 6 1
github.com/luxfi/precompile/babyjubjub/contract.go:125.90,126.28 1 1
github.com/luxfi/precompile/babyjubjub/contract.go:126.28,128.3 1 1
github.com/luxfi/precompile/babyjubjub/contract.go:129.2,130.16 2 1
github.com/luxfi/precompile/babyjubjub/contract.go:130.16,132.3 1 0
github.com/luxfi/precompile/babyjubjub/contract.go:133.2,134.16 2 1
github.com/luxfi/precompile/babyjubjub/contract.go:134.16,136.3 1 1
github.com/luxfi/precompile/babyjubjub/contract.go:137.2,138.34 2 1
github.com/luxfi/precompile/babyjubjub/contract.go:141.91,142.29 1 1
github.com/luxfi/precompile/babyjubjub/contract.go:142.29,144.3 1 1
github.com/luxfi/precompile/babyjubjub/contract.go:145.2,146.16 2 1
github.com/luxfi/precompile/babyjubjub/contract.go:146.16,148.3 1 0
github.com/luxfi/precompile/babyjubjub/contract.go:149.2,153.35 5 1
github.com/luxfi/precompile/babyjubjub/contract.go:156.89,157.26 1 1
github.com/luxfi/precompile/babyjubjub/contract.go:157.26,159.3 1 0
github.com/luxfi/precompile/babyjubjub/contract.go:160.2,165.20 6 1
github.com/luxfi/precompile/babyjubjub/contract.go:165.20,167.3 1 1
github.com/luxfi/precompile/babyjubjub/contract.go:168.2,168.25 1 1
github.com/luxfi/precompile/babyjubjub/module.go:25.13,26.55 1 1
github.com/luxfi/precompile/babyjubjub/module.go:26.55,27.13 1 0
github.com/luxfi/precompile/babyjubjub/module.go:31.59,31.81 1 0
github.com/luxfi/precompile/babyjubjub/module.go:38.9,40.2 1 0
github.com/luxfi/precompile/babyjubjub/module.go:46.38,46.58 1 0
github.com/luxfi/precompile/babyjubjub/module.go:47.38,47.70 1 0
github.com/luxfi/precompile/babyjubjub/module.go:48.38,48.66 1 0
github.com/luxfi/precompile/babyjubjub/module.go:49.58,51.9 2 0
github.com/luxfi/precompile/babyjubjub/module.go:51.9,53.3 1 0
github.com/luxfi/precompile/babyjubjub/module.go:54.2,54.40 1 0
github.com/luxfi/precompile/babyjubjub/module.go:56.61,56.75 1 0
github.com/luxfi/precompile/blake3/contract.go:83.53,85.2 1 1
github.com/luxfi/precompile/blake3/contract.go:88.61,89.20 1 1
github.com/luxfi/precompile/blake3/contract.go:89.20,91.3 1 1
github.com/luxfi/precompile/blake3/contract.go:93.2,97.12 4 1
github.com/luxfi/precompile/blake3/contract.go:98.17,99.49 1 1
github.com/luxfi/precompile/blake3/contract.go:101.17,102.49 1 1
github.com/luxfi/precompile/blake3/contract.go:104.17,105.21 1 1
github.com/luxfi/precompile/blake3/contract.go:105.21,107.4 1 0
github.com/luxfi/precompile/blake3/contract.go:108.3,110.80 3 1
github.com/luxfi/precompile/blake3/contract.go:112.24,113.66 1 1
github.com/luxfi/precompile/blake3/contract.go:115.20,116.21 1 1
github.com/luxfi/precompile/blake3/contract.go:116.21,118.4 1 0
github.com/luxfi/precompile/blake3/contract.go:119.3,120.60 2 1
github.com/luxfi/precompile/blake3/contract.go:122.19,123.51 1 1
github.com/luxfi/precompile/blake3/contract.go:125.10,126.11 1 1
github.com/luxfi/precompile/blake3/contract.go:138.48,141.31 2 1
github.com/luxfi/precompile/blake3/contract.go:141.31,143.3 1 1
github.com/luxfi/precompile/blake3/contract.go:144.2,146.20 2 1
github.com/luxfi/precompile/blake3/contract.go:146.20,148.3 1 1
github.com/luxfi/precompile/blake3/contract.go:150.2,153.12 3 1
github.com/luxfi/precompile/blake3/contract.go:154.17,155.44 1 1
github.com/luxfi/precompile/blake3/contract.go:157.17,158.44 1 1
github.com/luxfi/precompile/blake3/contract.go:160.17,161.25 1 1
github.com/luxfi/precompile/blake3/contract.go:163.24,164.32 1 1
github.com/luxfi/precompile/blake3/contract.go:166.20,167.28 1 1
github.com/luxfi/precompile/blake3/contract.go:169.19,170.27 1 1
github.com/luxfi/precompile/blake3/contract.go:172.10,173.48 1 1
github.com/luxfi/precompile/blake3/contract.go:178.56,179.32 1 1
github.com/luxfi/precompile/blake3/contract.go:179.32,181.3 1 0
github.com/luxfi/precompile/blake3/contract.go:184.2,184.109 1 1
github.com/luxfi/precompile/blake3/contract.go:184.109,186.3 1 1
github.com/luxfi/precompile/blake3/contract.go:189.2,193.15 5 0
github.com/luxfi/precompile/blake3/contract.go:197.56,198.32 1 1
github.com/luxfi/precompile/blake3/contract.go:198.32,200.3 1 0
github.com/luxfi/precompile/blake3/contract.go:201.2,202.18 2 1
github.com/luxfi/precompile/blake3/contract.go:207.73,208.19 1 1
github.com/luxfi/precompile/blake3/contract.go:208.19,210.3 1 0
github.com/luxfi/precompile/blake3/contract.go:212.2,213.33 2 1
github.com/luxfi/precompile/blake3/contract.go:213.33,215.3 1 1
github.com/luxfi/precompile/blake3/contract.go:217.2,218.37 2 1
github.com/luxfi/precompile/blake3/contract.go:218.37,220.3 1 0
github.com/luxfi/precompile/blake3/contract.go:222.2,226.23 5 1
github.com/luxfi/precompile/blake3/contract.go:231.80,232.19 1 1
github.com/luxfi/precompile/blake3/contract.go:232.19,234.3 1 0
github.com/luxfi/precompile/blake3/contract.go:236.2,237.29 2 1
github.com/luxfi/precompile/blake3/contract.go:237.29,239.3 1 0
github.com/luxfi/precompile/blake3/contract.go:241.2,244.37 3 1
github.com/luxfi/precompile/blake3/contract.go:244.37,246.3 1 0
github.com/luxfi/precompile/blake3/contract.go:248.2,249.40 2 1
github.com/luxfi/precompile/blake3/contract.go:254.76,255.19 1 1
github.com/luxfi/precompile/blake3/contract.go:255.19,257.3 1 0
github.com/luxfi/precompile/blake3/contract.go:259.2,260.20 2 1
github.com/luxfi/precompile/blake3/contract.go:260.20,262.3 1 1
github.com/luxfi/precompile/blake3/contract.go:264.2,265.29 2 1
github.com/luxfi/precompile/blake3/contract.go:265.29,267.3 1 0
github.com/luxfi/precompile/blake3/contract.go:270.2,271.41 2 1
github.com/luxfi/precompile/blake3/contract.go:271.41,274.3 2 1
github.com/luxfi/precompile/blake3/contract.go:277.2,277.44 1 1
github.com/luxfi/precompile/blake3/contract.go:281.70,282.22 1 1
github.com/luxfi/precompile/blake3/contract.go:282.22,284.3 1 0
github.com/luxfi/precompile/blake3/contract.go:285.2,285.22 1 1
github.com/luxfi/precompile/blake3/contract.go:285.22,289.3 3 1
github.com/luxfi/precompile/blake3/contract.go:292.2,292.39 1 1
github.com/luxfi/precompile/blake3/contract.go:292.39,294.3 1 1
github.com/luxfi/precompile/blake3/contract.go:297.2,297.22 1 1
github.com/luxfi/precompile/blake3/contract.go:297.22,300.39 2 1
github.com/luxfi/precompile/blake3/contract.go:300.39,305.4 4 1
github.com/luxfi/precompile/blake3/contract.go:308.3,308.110 1 1
github.com/luxfi/precompile/blake3/contract.go:308.110,310.29 2 1
github.com/luxfi/precompile/blake3/contract.go:310.29,312.5 1 1
github.com/luxfi/precompile/blake3/contract.go:313.4,314.12 2 1
github.com/luxfi/precompile/blake3/contract.go:318.3,319.39 2 0
github.com/luxfi/precompile/blake3/contract.go:319.39,326.4 6 0
github.com/luxfi/precompile/blake3/contract.go:327.3,327.21 1 0
github.com/luxfi/precompile/blake3/contract.go:330.2,330.18 1 1
github.com/luxfi/precompile/blake3/contract.go:335.75,336.19 1 1
github.com/luxfi/precompile/blake3/contract.go:336.19,338.3 1 0
github.com/luxfi/precompile/blake3/contract.go:340.2,341.33 2 1
github.com/luxfi/precompile/blake3/contract.go:341.33,343.3 1 0
github.com/luxfi/precompile/blake3/contract.go:345.2,353.23 7 1
github.com/luxfi/precompile/blake3/module.go:27.13,28.55 1 1
github.com/luxfi/precompile/blake3/module.go:28.55,29.13 1 0
github.com/luxfi/precompile/blake3/module.go:33.59,35.2 1 0
github.com/luxfi/precompile/blake3/module.go:42.9,44.2 1 0
github.com/luxfi/precompile/blake3/module.go:51.31,53.2 1 0
github.com/luxfi/precompile/blake3/module.go:55.38,57.2 1 0
github.com/luxfi/precompile/blake3/module.go:59.36,61.2 1 0
github.com/luxfi/precompile/blake3/module.go:63.58,65.9 2 0
github.com/luxfi/precompile/blake3/module.go:65.9,67.3 1 0
github.com/luxfi/precompile/blake3/module.go:68.2,68.40 1 0
github.com/luxfi/precompile/blake3/module.go:71.73,73.2 1 0
github.com/luxfi/precompile/bls12381/contract.go:75.56,76.29 1 1
github.com/luxfi/precompile/bls12381/contract.go:76.29,78.3 1 0
github.com/luxfi/precompile/bls12381/contract.go:81.2,81.20 1 1
github.com/luxfi/precompile/bls12381/contract.go:81.20,82.40 1 1
github.com/luxfi/precompile/bls12381/contract.go:82.40,84.4 1 1
github.com/luxfi/precompile/bls12381/contract.go:87.2,95.21 7 1
github.com/luxfi/precompile/bls12381/contract.go:95.21,97.3 1 1
github.com/luxfi/precompile/bls12381/contract.go:98.2,98.21 1 1
github.com/luxfi/precompile/bls12381/contract.go:98.21,100.3 1 1
github.com/luxfi/precompile/bls12381/contract.go:101.2,101.24 1 1
github.com/luxfi/precompile/bls12381/contract.go:101.24,103.3 1 0
github.com/luxfi/precompile/bls12381/contract.go:104.2,104.16 1 1
github.com/luxfi/precompile/bls12381/contract.go:108.45,115.2 6 1
github.com/luxfi/precompile/bls12381/contract.go:118.56,119.29 1 1
github.com/luxfi/precompile/bls12381/contract.go:119.29,121.3 1 0
github.com/luxfi/precompile/bls12381/contract.go:124.2,124.20 1 1
github.com/luxfi/precompile/bls12381/contract.go:124.20,125.82 1 1
github.com/luxfi/precompile/bls12381/contract.go:125.82,127.4 1 1
github.com/luxfi/precompile/bls12381/contract.go:131.2,143.21 11 1
github.com/luxfi/precompile/bls12381/contract.go:143.21,145.3 1 1
github.com/luxfi/precompile/bls12381/contract.go:146.2,146.21 1 1
github.com/luxfi/precompile/bls12381/contract.go:146.21,148.3 1 0
github.com/luxfi/precompile/bls12381/contract.go:149.2,149.24 1 1
github.com/luxfi/precompile/bls12381/contract.go:149.24,151.3 1 0
github.com/luxfi/precompile/bls12381/contract.go:152.2,152.16 1 1
github.com/luxfi/precompile/bls12381/contract.go:156.45,167.2 10 1
github.com/luxfi/precompile/bls12381/contract.go:169.53,170.28 1 1
github.com/luxfi/precompile/bls12381/contract.go:170.28,172.3 1 0
github.com/luxfi/precompile/bls12381/contract.go:173.2,175.15 3 1
github.com/luxfi/precompile/bls12381/contract.go:178.89,180.16 2 1
github.com/luxfi/precompile/bls12381/contract.go:180.16,182.3 1 1
github.com/luxfi/precompile/bls12381/contract.go:183.2,183.31 1 1
github.com/luxfi/precompile/bls12381/contract.go:183.31,185.3 1 1
github.com/luxfi/precompile/bls12381/contract.go:186.2,187.16 2 1
github.com/luxfi/precompile/bls12381/contract.go:187.16,189.3 1 1
github.com/luxfi/precompile/bls12381/contract.go:190.2,191.16 2 1
github.com/luxfi/precompile/bls12381/contract.go:191.16,193.3 1 0
github.com/luxfi/precompile/bls12381/contract.go:194.2,196.36 3 1
github.com/luxfi/precompile/bls12381/contract.go:199.89,201.16 2 1
github.com/luxfi/precompile/bls12381/contract.go:201.16,203.3 1 1
github.com/luxfi/precompile/bls12381/contract.go:204.2,204.39 1 1
github.com/luxfi/precompile/bls12381/contract.go:204.39,206.3 1 1
github.com/luxfi/precompile/bls12381/contract.go:207.2,208.16 2 1
github.com/luxfi/precompile/bls12381/contract.go:208.16,210.3 1 0
github.com/luxfi/precompile/bls12381/contract.go:211.2,212.16 2 1
github.com/luxfi/precompile/bls12381/contract.go:212.16,214.3 1 0
github.com/luxfi/precompile/bls12381/contract.go:215.2,218.36 4 1
github.com/luxfi/precompile/bls12381/contract.go:221.89,223.49 2 1
github.com/luxfi/precompile/bls12381/contract.go:223.49,225.3 1 1
github.com/luxfi/precompile/bls12381/contract.go:226.2,229.16 4 1
github.com/luxfi/precompile/bls12381/contract.go:229.16,231.3 1 0
github.com/luxfi/precompile/bls12381/contract.go:233.2,235.26 3 1
github.com/luxfi/precompile/bls12381/contract.go:235.26,238.17 3 1
github.com/luxfi/precompile/bls12381/contract.go:238.17,240.4 1 0
github.com/luxfi/precompile/bls12381/contract.go:241.3,242.17 2 1
github.com/luxfi/precompile/bls12381/contract.go:242.17,244.4 1 0
github.com/luxfi/precompile/bls12381/contract.go:245.3,246.17 2 1
github.com/luxfi/precompile/bls12381/contract.go:249.2,251.16 3 1
github.com/luxfi/precompile/bls12381/contract.go:251.16,253.3 1 0
github.com/luxfi/precompile/bls12381/contract.go:254.2,254.36 1 1
github.com/luxfi/precompile/bls12381/contract.go:257.89,259.16 2 1
github.com/luxfi/precompile/bls12381/contract.go:259.16,261.3 1 0
github.com/luxfi/precompile/bls12381/contract.go:262.2,262.31 1 1
github.com/luxfi/precompile/bls12381/contract.go:262.31,264.3 1 1
github.com/luxfi/precompile/bls12381/contract.go:265.2,266.16 2 1
github.com/luxfi/precompile/bls12381/contract.go:266.16,268.3 1 1
github.com/luxfi/precompile/bls12381/contract.go:269.2,270.16 2 1
github.com/luxfi/precompile/bls12381/contract.go:270.16,272.3 1 0
github.com/luxfi/precompile/bls12381/contract.go:273.2,275.36 3 1
github.com/luxfi/precompile/bls12381/contract.go:278.89,280.16 2 1
github.com/luxfi/precompile/bls12381/contract.go:280.16,282.3 1 1
github.com/luxfi/precompile/bls12381/contract.go:283.2,283.39 1 1
github.com/luxfi/precompile/bls12381/contract.go:283.39,285.3 1 1
github.com/luxfi/precompile/bls12381/contract.go:286.2,287.16 2 1
github.com/luxfi/precompile/bls12381/contract.go:287.16,289.3 1 0
github.com/luxfi/precompile/bls12381/contract.go:290.2,291.16 2 1
github.com/luxfi/precompile/bls12381/contract.go:291.16,293.3 1 0
github.com/luxfi/precompile/bls12381/contract.go:294.2,297.36 4 1
github.com/luxfi/precompile/bls12381/contract.go:300.89,302.49 2 1
github.com/luxfi/precompile/bls12381/contract.go:302.49,304.3 1 1
github.com/luxfi/precompile/bls12381/contract.go:305.2,308.16 4 1
github.com/luxfi/precompile/bls12381/contract.go:308.16,310.3 1 0
github.com/luxfi/precompile/bls12381/contract.go:312.2,314.26 3 1
github.com/luxfi/precompile/bls12381/contract.go:314.26,317.17 3 1
github.com/luxfi/precompile/bls12381/contract.go:317.17,319.4 1 0
github.com/luxfi/precompile/bls12381/contract.go:320.3,321.17 2 1
github.com/luxfi/precompile/bls12381/contract.go:321.17,323.4 1 0
github.com/luxfi/precompile/bls12381/contract.go:324.3,325.17 2 1
github.com/luxfi/precompile/bls12381/contract.go:328.2,330.16 3 1
github.com/luxfi/precompile/bls12381/contract.go:330.16,332.3 1 0
github.com/luxfi/precompile/bls12381/contract.go:333.2,333.36 1 1
github.com/luxfi/precompile/bls12381/contract.go:336.91,337.52 1 1
github.com/luxfi/precompile/bls12381/contract.go:337.52,339.3 1 1
github.com/luxfi/precompile/bls12381/contract.go:340.2,345.16 4 1
github.com/luxfi/precompile/bls12381/contract.go:345.16,347.3 1 1
github.com/luxfi/precompile/bls12381/contract.go:349.2,351.26 3 1
github.com/luxfi/precompile/bls12381/contract.go:351.26,354.17 3 1
github.com/luxfi/precompile/bls12381/contract.go:354.17,356.4 1 0
github.com/luxfi/precompile/bls12381/contract.go:357.3,358.17 2 1
github.com/luxfi/precompile/bls12381/contract.go:358.17,360.4 1 0
github.com/luxfi/precompile/bls12381/contract.go:361.3,362.20 2 1
github.com/luxfi/precompile/bls12381/contract.go:365.2,366.16 2 1
github.com/luxfi/precompile/bls12381/contract.go:366.16,368.3 1 0
github.com/luxfi/precompile/bls12381/contract.go:370.2,371.8 2 1
github.com/luxfi/precompile/bls12381/contract.go:371.8,373.3 1 1
github.com/luxfi/precompile/bls12381/contract.go:374.2,374.25 1 1
github.com/luxfi/precompile/bls12381/contract.go:379.38,380.48 1 1
github.com/luxfi/precompile/bls12381/contract.go:380.48,382.3 1 1
github.com/luxfi/precompile/bls12381/contract.go:383.2,384.52 2 1
github.com/luxfi/precompile/bls12381/contract.go:388.46,389.19 1 1
github.com/luxfi/precompile/bls12381/contract.go:389.19,391.3 1 1
github.com/luxfi/precompile/bls12381/contract.go:393.2,394.9 2 1
github.com/luxfi/precompile/bls12381/contract.go:395.21,396.17 1 1
github.com/luxfi/precompile/bls12381/contract.go:397.21,398.17 1 1
github.com/luxfi/precompile/bls12381/contract.go:399.22,400.17 1 0
github.com/luxfi/precompile/bls12381/contract.go:401.22,402.17 1 0
github.com/luxfi/precompile/bls12381/contract.go:403.22,404.17 1 0
github.com/luxfi/precompile/bls12381/contract.go:405.23,406.17 1 1
github.com/luxfi/precompile/bls12381/contract.go:407.10,408.17 1 0
github.com/luxfi/precompile/bls12381/contract.go:410.2,410.47 1 1
github.com/luxfi/precompile/bls12381/module.go:72.13,81.4 1 1
github.com/luxfi/precompile/bls12381/module.go:81.4,82.51 1 1
github.com/luxfi/precompile/bls12381/module.go:82.51,83.14 1 0
github.com/luxfi/precompile/bls12381/module.go:100.27,102.2 1 1
github.com/luxfi/precompile/bls12381/module.go:113.27,115.2 1 1
github.com/luxfi/precompile/bls12381/module.go:126.27,128.2 1 1
github.com/luxfi/precompile/bls12381/module.go:139.27,141.2 1 1
github.com/luxfi/precompile/bls12381/module.go:152.27,154.2 1 1
github.com/luxfi/precompile/bls12381/module.go:165.27,167.2 1 1
github.com/luxfi/precompile/bls12381/module.go:178.27,180.2 1 1
github.com/luxfi/precompile/bls12381/module.go:185.59,185.81 1 0
github.com/luxfi/precompile/bls12381/module.go:192.9,194.2 1 0
github.com/luxfi/precompile/bls12381/module.go:200.38,200.63 1 0
github.com/luxfi/precompile/bls12381/module.go:201.38,201.70 1 0
github.com/luxfi/precompile/bls12381/module.go:202.38,202.66 1 0
github.com/luxfi/precompile/bls12381/module.go:203.58,205.9 2 0
github.com/luxfi/precompile/bls12381/module.go:205.9,207.3 1 0
github.com/luxfi/precompile/bls12381/module.go:208.2,208.40 1 0
github.com/luxfi/precompile/bls12381/module.go:210.61,210.75 1 0
github.com/luxfi/precompile/bridge/gateway.go:40.40,68.2 3 1
github.com/luxfi/precompile/bridge/gateway.go:70.48,89.2 15 1
github.com/luxfi/precompile/bridge/gateway.go:101.27,106.30 3 1
github.com/luxfi/precompile/bridge/gateway.go:106.30,108.3 1 1
github.com/luxfi/precompile/bridge/gateway.go:110.2,110.36 1 1
github.com/luxfi/precompile/bridge/gateway.go:110.36,112.3 1 1
github.com/luxfi/precompile/bridge/gateway.go:115.2,116.44 2 1
github.com/luxfi/precompile/bridge/gateway.go:116.44,118.3 1 1
github.com/luxfi/precompile/bridge/gateway.go:121.2,121.41 1 1
github.com/luxfi/precompile/bridge/gateway.go:121.41,123.3 1 1
github.com/luxfi/precompile/bridge/gateway.go:124.2,124.75 1 1
github.com/luxfi/precompile/bridge/gateway.go:124.75,126.3 1 1
github.com/luxfi/precompile/bridge/gateway.go:129.2,131.79 3 1
github.com/luxfi/precompile/bridge/gateway.go:131.79,133.3 1 1
github.com/luxfi/precompile/bridge/gateway.go:136.2,137.51 2 1
github.com/luxfi/precompile/bridge/gateway.go:137.51,139.3 1 1
github.com/luxfi/precompile/bridge/gateway.go:142.2,174.21 9 1
github.com/luxfi/precompile/bridge/gateway.go:181.9,186.20 4 1
github.com/luxfi/precompile/bridge/gateway.go:186.20,188.3 1 1
github.com/luxfi/precompile/bridge/gateway.go:190.2,190.39 1 1
github.com/luxfi/precompile/bridge/gateway.go:190.39,192.3 1 1
github.com/luxfi/precompile/bridge/gateway.go:194.2,194.74 1 1
github.com/luxfi/precompile/bridge/gateway.go:194.74,197.3 2 1
github.com/luxfi/precompile/bridge/gateway.go:200.2,200.49 1 1
github.com/luxfi/precompile/bridge/gateway.go:200.49,202.3 1 0
github.com/luxfi/precompile/bridge/gateway.go:205.2,206.33 2 1
github.com/luxfi/precompile/bridge/gateway.go:206.33,207.40 1 1
github.com/luxfi/precompile/bridge/gateway.go:207.40,209.4 1 0
github.com/luxfi/precompile/bridge/gateway.go:213.2,217.12 4 1
github.com/luxfi/precompile/bridge/gateway.go:221.81,226.20 4 1
github.com/luxfi/precompile/bridge/gateway.go:226.20,228.3 1 1
github.com/luxfi/precompile/bridge/gateway.go:230.2,230.21 1 1
github.com/luxfi/precompile/bridge/gateway.go:234.66,239.20 4 1
github.com/luxfi/precompile/bridge/gateway.go:239.20,241.3 1 0
github.com/luxfi/precompile/bridge/gateway.go:243.2,243.75 1 1
github.com/luxfi/precompile/bridge/gateway.go:243.75,245.3 1 0
github.com/luxfi/precompile/bridge/gateway.go:247.2,247.75 1 1
github.com/luxfi/precompile/bridge/gateway.go:247.75,249.3 1 0
github.com/luxfi/precompile/bridge/gateway.go:252.2,253.17 2 1
github.com/luxfi/precompile/bridge/gateway.go:253.17,255.3 1 1
github.com/luxfi/precompile/bridge/gateway.go:257.2,258.12 2 1
github.com/luxfi/precompile/bridge/gateway.go:267.24,271.34 3 1
github.com/luxfi/precompile/bridge/gateway.go:271.34,273.3 1 1
github.com/luxfi/precompile/bridge/gateway.go:275.2,279.31 3 1
github.com/luxfi/precompile/bridge/gateway.go:279.31,281.3 1 1
github.com/luxfi/precompile/bridge/gateway.go:281.8,284.3 2 1
github.com/luxfi/precompile/bridge/gateway.go:287.2,288.21 2 1
github.com/luxfi/precompile/bridge/gateway.go:288.21,297.3 2 1
github.com/luxfi/precompile/bridge/gateway.go:299.2,306.22 5 1
github.com/luxfi/precompile/bridge/gateway.go:315.21,320.17 4 1
github.com/luxfi/precompile/bridge/gateway.go:320.17,322.3 1 0
github.com/luxfi/precompile/bridge/gateway.go:324.2,325.56 2 1
github.com/luxfi/precompile/bridge/gateway.go:325.56,327.3 1 1
github.com/luxfi/precompile/bridge/gateway.go:329.2,329.36 1 1
github.com/luxfi/precompile/bridge/gateway.go:329.36,331.3 1 0
github.com/luxfi/precompile/bridge/gateway.go:334.2,338.33 3 1
github.com/luxfi/precompile/bridge/gateway.go:338.33,340.3 1 0
github.com/luxfi/precompile/bridge/gateway.go:343.2,348.19 4 1
github.com/luxfi/precompile/bridge/gateway.go:360.9,364.45 3 1
github.com/luxfi/precompile/bridge/gateway.go:364.45,366.3 1 1
github.com/luxfi/precompile/bridge/gateway.go:368.2,382.12 2 1
github.com/luxfi/precompile/bridge/gateway.go:393.12,401.2 7 1
github.com/luxfi/precompile/bridge/gateway.go:403.65,412.35 4 1
github.com/luxfi/precompile/bridge/gateway.go:412.35,414.3 1 0
github.com/luxfi/precompile/bridge/gateway.go:415.2,415.66 1 1
github.com/luxfi/precompile/bridge/gateway.go:415.66,417.3 1 0
github.com/luxfi/precompile/bridge/gateway.go:419.2,419.12 1 1
github.com/luxfi/precompile/bridge/gateway.go:422.87,424.23 2 1
github.com/luxfi/precompile/bridge/gateway.go:424.23,426.3 1 1
github.com/luxfi/precompile/bridge/gateway.go:427.2,427.26 1 1
github.com/luxfi/precompile/bridge/gateway.go:430.95,431.30 1 1
github.com/luxfi/precompile/bridge/gateway.go:431.30,433.3 1 1
github.com/luxfi/precompile/bridge/gateway.go:435.2,436.17 2 1
github.com/luxfi/precompile/bridge/gateway.go:436.17,447.3 2 1
github.com/luxfi/precompile/bridge/gateway.go:449.2,449.13 1 1
github.com/luxfi/precompile/bridge/gateway.go:452.71,455.39 3 1
github.com/luxfi/precompile/bridge/gateway.go:455.39,458.3 2 0
github.com/luxfi/precompile/bridge/gateway.go:461.48,462.59 1 1
github.com/luxfi/precompile/bridge/gateway.go:462.59,464.3 1 1
github.com/luxfi/precompile/bridge/gateway.go:466.2,466.56 1 1
github.com/luxfi/precompile/bridge/gateway.go:469.71,496.2 11 1
github.com/luxfi/precompile/bridge/gateway.go:498.81,502.2 1 1
github.com/luxfi/precompile/bridge/gateway.go:504.94,505.67 1 1
github.com/luxfi/precompile/bridge/gateway.go:505.67,507.3 1 1
github.com/luxfi/precompile/bridge/gateway.go:510.2,513.13 3 0
github.com/luxfi/precompile/bridge/signer.go:60.38,71.2 1 0
github.com/luxfi/precompile/bridge/signer.go:79.21,83.48 3 0
github.com/luxfi/precompile/bridge/signer.go:83.48,85.3 1 0
github.com/luxfi/precompile/bridge/signer.go:87.2,87.36 1 0
github.com/luxfi/precompile/bridge/signer.go:87.36,89.3 1 0
github.com/luxfi/precompile/bridge/signer.go:92.2,115.23 8 0
github.com/luxfi/precompile/bridge/signer.go:119.89,124.20 4 0
github.com/luxfi/precompile/bridge/signer.go:124.20,126.3 1 0
github.com/luxfi/precompile/bridge/signer.go:128.2,128.46 1 0
github.com/luxfi/precompile/bridge/signer.go:136.9,141.20 4 0
github.com/luxfi/precompile/bridge/signer.go:141.20,143.3 1 0
github.com/luxfi/precompile/bridge/signer.go:145.2,145.77 1 0
github.com/luxfi/precompile/bridge/signer.go:145.77,147.3 1 0
github.com/luxfi/precompile/bridge/signer.go:149.2,149.51 1 0
github.com/luxfi/precompile/bridge/signer.go:149.51,152.3 2 0
github.com/luxfi/precompile/bridge/signer.go:155.2,155.38 1 0
github.com/luxfi/precompile/bridge/signer.go:155.38,157.3 1 0
github.com/luxfi/precompile/bridge/signer.go:160.2,165.50 4 0
github.com/luxfi/precompile/bridge/signer.go:165.50,168.17 2 0
github.com/luxfi/precompile/bridge/signer.go:168.17,171.4 2 0
github.com/luxfi/precompile/bridge/signer.go:173.3,177.49 3 0
github.com/luxfi/precompile/bridge/signer.go:177.49,179.4 1 0
github.com/luxfi/precompile/bridge/signer.go:182.2,182.12 1 0
github.com/luxfi/precompile/bridge/signer.go:186.60,191.2 3 0
github.com/luxfi/precompile/bridge/signer.go:194.56,198.61 3 0
github.com/luxfi/precompile/bridge/signer.go:198.61,200.3 1 0
github.com/luxfi/precompile/bridge/signer.go:202.2,202.36 1 0
github.com/luxfi/precompile/bridge/signer.go:211.9,216.33 3 0
github.com/luxfi/precompile/bridge/signer.go:216.33,218.3 1 0
github.com/luxfi/precompile/bridge/signer.go:221.2,221.46 1 0
github.com/luxfi/precompile/bridge/signer.go:221.46,222.30 1 0
github.com/luxfi/precompile/bridge/signer.go:222.30,224.4 1 0
github.com/luxfi/precompile/bridge/signer.go:227.2,240.44 2 0
github.com/luxfi/precompile/bridge/signer.go:240.44,243.3 2 0
github.com/luxfi/precompile/bridge/signer.go:243.8,247.3 2 0
github.com/luxfi/precompile/bridge/signer.go:249.2,249.12 1 0
github.com/luxfi/precompile/bridge/signer.go:253.61,260.46 5 0
github.com/luxfi/precompile/bridge/signer.go:260.46,261.30 1 0
github.com/luxfi/precompile/bridge/signer.go:261.30,263.4 1 0
github.com/luxfi/precompile/bridge/signer.go:263.9,265.4 1 0
github.com/luxfi/precompile/bridge/signer.go:268.2,268.12 1 0
github.com/luxfi/precompile/bridge/signer.go:268.12,270.3 1 0
github.com/luxfi/precompile/bridge/signer.go:272.2,276.36 3 0
github.com/luxfi/precompile/bridge/signer.go:276.36,280.3 2 0
github.com/luxfi/precompile/bridge/signer.go:282.2,282.12 1 0
github.com/luxfi/precompile/bridge/signer.go:286.81,290.46 3 0
github.com/luxfi/precompile/bridge/signer.go:290.46,291.30 1 0
github.com/luxfi/precompile/bridge/signer.go:291.30,301.42 5 0
github.com/luxfi/precompile/bridge/signer.go:301.42,304.5 2 0
github.com/luxfi/precompile/bridge/signer.go:306.4,306.14 1 0
github.com/luxfi/precompile/bridge/signer.go:310.2,310.26 1 0
github.com/luxfi/precompile/bridge/signer.go:315.62,316.46 1 0
github.com/luxfi/precompile/bridge/signer.go:316.46,317.63 1 0
github.com/luxfi/precompile/bridge/signer.go:317.63,319.4 1 0
github.com/luxfi/precompile/bridge/signer.go:321.2,321.14 1 0
github.com/luxfi/precompile/bridge/signer.go:324.47,325.36 1 0
github.com/luxfi/precompile/bridge/signer.go:325.36,327.3 1 0
github.com/luxfi/precompile/bridge/signer.go:329.2,329.56 1 0
github.com/luxfi/precompile/bridge/signer.go:332.43,334.2 1 0
github.com/luxfi/precompile/bridge/signer.go:336.75,341.2 0 0
github.com/luxfi/precompile/bridge/signer.go:343.84,347.34 1 0
github.com/luxfi/precompile/bridge/signer.go:347.34,349.3 1 0
github.com/luxfi/precompile/bridge/signer.go:350.2,351.41 2 0
github.com/luxfi/precompile/bridge/signer.go:351.41,353.3 1 0
github.com/luxfi/precompile/bridge/signer.go:355.2,355.22 1 0
github.com/luxfi/precompile/bridge/signer.go:358.67,361.2 0 0
github.com/luxfi/precompile/bridge/signer.go:367.17,371.38 3 0
github.com/luxfi/precompile/bridge/signer.go:371.38,373.3 1 0
github.com/luxfi/precompile/bridge/signer.go:377.2,377.32 1 0
github.com/luxfi/precompile/cggmp21/contract.go:54.60,56.2 1 1
github.com/luxfi/precompile/cggmp21/contract.go:59.68,61.2 1 1
github.com/luxfi/precompile/cggmp21/contract.go:64.48,65.31 1 1
github.com/luxfi/precompile/cggmp21/contract.go:65.31,67.3 1 1
github.com/luxfi/precompile/cggmp21/contract.go:70.2,73.82 2 1
github.com/luxfi/precompile/cggmp21/contract.go:84.27,87.27 2 1
github.com/luxfi/precompile/cggmp21/contract.go:87.27,89.3 1 1
github.com/luxfi/precompile/cggmp21/contract.go:98.2,98.31 1 1
github.com/luxfi/precompile/cggmp21/contract.go:98.31,101.3 1 1
github.com/luxfi/precompile/cggmp21/contract.go:104.2,108.48 3 1
github.com/luxfi/precompile/cggmp21/contract.go:108.48,110.3 1 1
github.com/luxfi/precompile/cggmp21/contract.go:113.2,124.54 5 1
github.com/luxfi/precompile/cggmp21/contract.go:124.54,126.3 1 0
github.com/luxfi/precompile/cggmp21/contract.go:126.8,130.17 3 1
github.com/luxfi/precompile/cggmp21/contract.go:130.17,132.4 1 0
github.com/luxfi/precompile/cggmp21/contract.go:136.2,137.11 2 1
github.com/luxfi/precompile/cggmp21/contract.go:137.11,139.3 1 1
github.com/luxfi/precompile/cggmp21/contract.go:141.2,141.43 1 1
github.com/luxfi/precompile/cggmp21/contract.go:145.93,146.31 1 1
github.com/luxfi/precompile/cggmp21/contract.go:146.31,148.3 1 0
github.com/luxfi/precompile/cggmp21/contract.go:149.2,149.28 1 1
github.com/luxfi/precompile/cggmp21/contract.go:149.28,151.3 1 0
github.com/luxfi/precompile/cggmp21/contract.go:152.2,152.31 1 1
github.com/luxfi/precompile/cggmp21/contract.go:152.31,154.3 1 0
github.com/luxfi/precompile/cggmp21/contract.go:157.2,158.16 2 1
github.com/luxfi/precompile/cggmp21/contract.go:158.16,160.3 1 0
github.com/luxfi/precompile/cggmp21/contract.go:163.2,166.13 2 1
github.com/luxfi/precompile/cggmp21/contract.go:166.13,168.3 1 0
github.com/luxfi/precompile/cggmp21/contract.go:169.2,183.12 6 1
github.com/luxfi/precompile/cggmp21/contract.go:183.12,185.3 1 1
github.com/luxfi/precompile/cggmp21/contract.go:188.2,189.16 2 1
github.com/luxfi/precompile/cggmp21/contract.go:189.16,191.3 1 0
github.com/luxfi/precompile/cggmp21/contract.go:194.2,194.88 1 1
github.com/luxfi/precompile/cggmp21/contract.go:194.88,196.3 1 0
github.com/luxfi/precompile/cggmp21/contract.go:198.2,198.18 1 1
github.com/luxfi/precompile/cggmp21/contract.go:202.80,203.26 1 1
github.com/luxfi/precompile/cggmp21/contract.go:203.26,205.3 1 0
github.com/luxfi/precompile/cggmp21/contract.go:207.2,208.13 2 1
github.com/luxfi/precompile/cggmp21/contract.go:208.13,210.3 1 0
github.com/luxfi/precompile/cggmp21/contract.go:213.2,219.16 6 1
github.com/luxfi/precompile/cggmp21/contract.go:219.16,221.3 1 0
github.com/luxfi/precompile/cggmp21/contract.go:223.2,223.44 1 1
github.com/luxfi/precompile/cggmp21/module.go:16.13,23.17 1 1
github.com/luxfi/precompile/cggmp21/module.go:23.17,24.13 1 0
github.com/luxfi/precompile/cggmp21/module.go:28.59,30.2 1 0
github.com/luxfi/precompile/cggmp21/module.go:37.9,40.2 1 0
github.com/luxfi/precompile/cggmp21/module.go:47.31,49.2 1 0
github.com/luxfi/precompile/cggmp21/module.go:51.38,53.2 1 0
github.com/luxfi/precompile/cggmp21/module.go:55.36,57.2 1 0
github.com/luxfi/precompile/cggmp21/module.go:59.58,61.9 2 0
github.com/luxfi/precompile/cggmp21/module.go:61.9,63.3 1 0
github.com/luxfi/precompile/cggmp21/module.go:64.2,64.40 1 0
github.com/luxfi/precompile/cggmp21/module.go:67.73,70.2 1 0
github.com/luxfi/precompile/compute/contract.go:78.27,79.20 1 1
github.com/luxfi/precompile/compute/contract.go:79.20,81.3 1 1
github.com/luxfi/precompile/compute/contract.go:83.2,86.12 3 1
github.com/luxfi/precompile/compute/contract.go:87.26,88.15 1 1
github.com/luxfi/precompile/compute/contract.go:88.15,90.4 1 1
github.com/luxfi/precompile/compute/contract.go:91.3,92.17 2 1
github.com/luxfi/precompile/compute/contract.go:92.17,94.4 1 0
github.com/luxfi/precompile/compute/contract.go:95.3,95.62 1 1
github.com/luxfi/precompile/compute/contract.go:97.19,98.15 1 1
github.com/luxfi/precompile/compute/contract.go:98.15,100.4 1 1
github.com/luxfi/precompile/compute/contract.go:101.3,102.17 2 1
github.com/luxfi/precompile/compute/contract.go:102.17,104.4 1 0
github.com/luxfi/precompile/compute/contract.go:105.3,105.55 1 1
github.com/luxfi/precompile/compute/contract.go:107.21,108.15 1 1
github.com/luxfi/precompile/compute/contract.go:108.15,110.4 1 0
github.com/luxfi/precompile/compute/contract.go:111.3,112.17 2 1
github.com/luxfi/precompile/compute/contract.go:112.17,114.4 1 0
github.com/luxfi/precompile/compute/contract.go:115.3,115.57 1 1
github.com/luxfi/precompile/compute/contract.go:117.23,119.17 2 1
github.com/luxfi/precompile/compute/contract.go:119.17,121.4 1 0
github.com/luxfi/precompile/compute/contract.go:122.3,122.51 1 1
github.com/luxfi/precompile/compute/contract.go:124.18,126.17 2 1
github.com/luxfi/precompile/compute/contract.go:126.17,128.4 1 0
github.com/luxfi/precompile/compute/contract.go:129.3,129.29 1 1
github.com/luxfi/precompile/compute/contract.go:131.10,132.40 1 1
github.com/luxfi/precompile/compute/contract.go:138.127,139.20 1 1
github.com/luxfi/precompile/compute/contract.go:139.20,141.3 1 0
github.com/luxfi/precompile/compute/contract.go:142.2,164.37 12 1
github.com/luxfi/precompile/compute/contract.go:169.120,170.20 1 1
github.com/luxfi/precompile/compute/contract.go:170.20,172.3 1 0
github.com/luxfi/precompile/compute/contract.go:173.2,197.32 14 1
github.com/luxfi/precompile/compute/contract.go:202.122,203.20 1 1
github.com/luxfi/precompile/compute/contract.go:203.20,205.3 1 0
github.com/luxfi/precompile/compute/contract.go:206.2,213.34 5 1
github.com/luxfi/precompile/compute/contract.go:213.34,215.3 1 0
github.com/luxfi/precompile/compute/contract.go:218.2,219.31 2 1
github.com/luxfi/precompile/compute/contract.go:219.31,221.3 1 1
github.com/luxfi/precompile/compute/contract.go:224.2,225.36 2 1
github.com/luxfi/precompile/compute/contract.go:225.36,227.3 1 0
github.com/luxfi/precompile/compute/contract.go:230.2,236.25 6 1
github.com/luxfi/precompile/compute/contract.go:241.101,242.20 1 1
github.com/luxfi/precompile/compute/contract.go:242.20,244.3 1 0
github.com/luxfi/precompile/compute/contract.go:245.2,252.57 5 1
github.com/luxfi/precompile/compute/contract.go:252.57,255.3 2 0
github.com/luxfi/precompile/compute/contract.go:258.2,260.29 3 1
github.com/luxfi/precompile/compute/contract.go:260.29,263.3 2 1
github.com/luxfi/precompile/compute/contract.go:266.2,270.25 4 1
github.com/luxfi/precompile/compute/contract.go:276.64,277.20 1 1
github.com/luxfi/precompile/compute/contract.go:277.20,279.3 1 0
github.com/luxfi/precompile/compute/contract.go:280.2,284.41 3 1
github.com/luxfi/precompile/compute/contract.go:288.57,290.2 1 1
github.com/luxfi/precompile/compute/contract.go:292.31,293.18 1 1
github.com/luxfi/precompile/compute/contract.go:293.18,295.3 1 0
github.com/luxfi/precompile/compute/contract.go:296.2,298.15 3 1
github.com/luxfi/precompile/compute/module.go:25.13,26.55 1 1
github.com/luxfi/precompile/compute/module.go:26.55,27.13 1 0
github.com/luxfi/precompile/compute/module.go:31.59,31.81 1 0
github.com/luxfi/precompile/compute/module.go:38.9,40.2 1 0
github.com/luxfi/precompile/compute/module.go:46.38,46.58 1 0
github.com/luxfi/precompile/compute/module.go:47.38,47.70 1 0
github.com/luxfi/precompile/compute/module.go:48.38,48.66 1 0
github.com/luxfi/precompile/compute/module.go:49.58,51.9 2 0
github.com/luxfi/precompile/compute/module.go:51.9,53.3 1 0
github.com/luxfi/precompile/compute/module.go:54.2,54.40 1 0
github.com/luxfi/precompile/compute/module.go:56.61,56.75 1 0
github.com/luxfi/precompile/contract/contract.go:32.88,33.25 1 1
github.com/luxfi/precompile/contract/contract.go:33.25,35.3 1 1
github.com/luxfi/precompile/contract/contract.go:36.2,36.38 1 1
github.com/luxfi/precompile/contract/contract.go:40.116,45.2 1 1
github.com/luxfi/precompile/contract/contract.go:47.156,53.2 1 1
github.com/luxfi/precompile/contract/contract.go:65.150,71.37 2 1
github.com/luxfi/precompile/contract/contract.go:71.37,73.13 2 1
github.com/luxfi/precompile/contract/contract.go:73.13,75.4 1 1
github.com/luxfi/precompile/contract/contract.go:76.3,76.59 1 1
github.com/luxfi/precompile/contract/contract.go:79.2,79.22 1 1
github.com/luxfi/precompile/contract/contract.go:84.226,86.42 1 1
github.com/luxfi/precompile/contract/contract.go:86.42,88.3 1 1
github.com/luxfi/precompile/contract/contract.go:91.2,91.30 1 1
github.com/luxfi/precompile/contract/contract.go:91.30,93.3 1 1
github.com/luxfi/precompile/contract/contract.go:96.2,99.9 4 1
github.com/luxfi/precompile/contract/contract.go:99.9,101.3 1 1
github.com/luxfi/precompile/contract/contract.go:104.2,104.44 1 1
github.com/luxfi/precompile/contract/contract.go:104.44,106.3 1 1
github.com/luxfi/precompile/contract/contract.go:108.2,108.94 1 1
github.com/luxfi/precompile/contract/utils.go:37.65,38.60 1 1
github.com/luxfi/precompile/contract/utils.go:38.60,39.73 1 1
github.com/luxfi/precompile/contract/utils.go:41.2,42.17 2 1
github.com/luxfi/precompile/contract/utils.go:46.72,47.31 1 1
github.com/luxfi/precompile/contract/utils.go:47.31,49.3 1 1
github.com/luxfi/precompile/contract/utils.go:50.2,50.39 1 1
github.com/luxfi/precompile/contract/utils.go:55.38,57.16 2 1
github.com/luxfi/precompile/contract/utils.go:57.16,58.13 1 1
github.com/luxfi/precompile/contract/utils.go:61.2,61.15 1 1
github.com/luxfi/precompile/curve25519/contract.go:59.65,60.20 1 1
github.com/luxfi/precompile/curve25519/contract.go:60.20,62.3 1 1
github.com/luxfi/precompile/curve25519/contract.go:63.2,63.18 1 1
github.com/luxfi/precompile/curve25519/contract.go:64.18,65.21 1 1
github.com/luxfi/precompile/curve25519/contract.go:66.19,67.22 1 1
github.com/luxfi/precompile/curve25519/contract.go:68.22,69.25 1 1
github.com/luxfi/precompile/curve25519/contract.go:70.13,73.25 3 1
github.com/luxfi/precompile/curve25519/contract.go:73.25,75.4 1 1
github.com/luxfi/precompile/curve25519/contract.go:76.3,77.46 2 1
github.com/luxfi/precompile/curve25519/contract.go:78.10,79.11 1 1
github.com/luxfi/precompile/curve25519/contract.go:90.27,93.16 3 1
github.com/luxfi/precompile/curve25519/contract.go:93.16,95.3 1 1
github.com/luxfi/precompile/curve25519/contract.go:96.2,96.20 1 1
github.com/luxfi/precompile/curve25519/contract.go:96.20,98.3 1 1
github.com/luxfi/precompile/curve25519/contract.go:100.2,100.18 1 1
github.com/luxfi/precompile/curve25519/contract.go:101.18,102.36 1 1
github.com/luxfi/precompile/curve25519/contract.go:103.19,104.37 1 1
github.com/luxfi/precompile/curve25519/contract.go:105.22,106.40 1 1
github.com/luxfi/precompile/curve25519/contract.go:107.13,108.31 1 1
github.com/luxfi/precompile/curve25519/contract.go:109.10,110.32 1 1
github.com/luxfi/precompile/curve25519/contract.go:114.60,115.31 1 1
github.com/luxfi/precompile/curve25519/contract.go:115.31,117.3 1 0
github.com/luxfi/precompile/curve25519/contract.go:118.2,119.16 2 1
github.com/luxfi/precompile/curve25519/contract.go:119.16,121.3 1 1
github.com/luxfi/precompile/curve25519/contract.go:122.2,122.16 1 1
github.com/luxfi/precompile/curve25519/contract.go:125.62,126.27 1 1
github.com/luxfi/precompile/curve25519/contract.go:126.27,128.3 1 0
github.com/luxfi/precompile/curve25519/contract.go:129.2,130.16 2 1
github.com/luxfi/precompile/curve25519/contract.go:130.16,132.3 1 0
github.com/luxfi/precompile/curve25519/contract.go:133.2,133.15 1 1
github.com/luxfi/precompile/curve25519/contract.go:136.90,137.33 1 1
github.com/luxfi/precompile/curve25519/contract.go:137.33,139.3 1 1
github.com/luxfi/precompile/curve25519/contract.go:140.2,141.16 2 1
github.com/luxfi/precompile/curve25519/contract.go:141.16,143.3 1 0
github.com/luxfi/precompile/curve25519/contract.go:144.2,145.16 2 1
github.com/luxfi/precompile/curve25519/contract.go:145.16,147.3 1 1
github.com/luxfi/precompile/curve25519/contract.go:148.2,149.33 2 1
github.com/luxfi/precompile/curve25519/contract.go:152.91,153.41 1 1
github.com/luxfi/precompile/curve25519/contract.go:153.41,155.3 1 1
github.com/luxfi/precompile/curve25519/contract.go:156.2,157.16 2 1
github.com/luxfi/precompile/curve25519/contract.go:157.16,159.3 1 0
github.com/luxfi/precompile/curve25519/contract.go:160.2,161.16 2 1
github.com/luxfi/precompile/curve25519/contract.go:161.16,163.3 1 0
github.com/luxfi/precompile/curve25519/contract.go:164.2,165.33 2 1
github.com/luxfi/precompile/curve25519/contract.go:168.94,169.27 1 1
github.com/luxfi/precompile/curve25519/contract.go:169.27,171.3 1 1
github.com/luxfi/precompile/curve25519/contract.go:172.2,173.16 2 1
github.com/luxfi/precompile/curve25519/contract.go:173.16,175.3 1 0
github.com/luxfi/precompile/curve25519/contract.go:176.2,177.33 2 1
github.com/luxfi/precompile/curve25519/contract.go:180.85,182.47 2 1
github.com/luxfi/precompile/curve25519/contract.go:182.47,184.3 1 1
github.com/luxfi/precompile/curve25519/contract.go:185.2,190.19 4 1
github.com/luxfi/precompile/curve25519/contract.go:190.19,193.17 3 1
github.com/luxfi/precompile/curve25519/contract.go:193.17,195.4 1 0
github.com/luxfi/precompile/curve25519/contract.go:196.3,197.17 2 1
github.com/luxfi/precompile/curve25519/contract.go:197.17,199.4 1 0
github.com/luxfi/precompile/curve25519/contract.go:200.3,201.17 2 1
github.com/luxfi/precompile/curve25519/contract.go:204.2,205.33 2 1
github.com/luxfi/precompile/curve25519/module.go:25.13,26.55 1 1
github.com/luxfi/precompile/curve25519/module.go:26.55,27.13 1 0
github.com/luxfi/precompile/curve25519/module.go:31.59,31.81 1 0
github.com/luxfi/precompile/curve25519/module.go:38.9,40.2 1 0
github.com/luxfi/precompile/curve25519/module.go:46.38,46.58 1 0
github.com/luxfi/precompile/curve25519/module.go:47.38,47.70 1 0
github.com/luxfi/precompile/curve25519/module.go:48.38,48.66 1 0
github.com/luxfi/precompile/curve25519/module.go:49.58,51.9 2 0
github.com/luxfi/precompile/curve25519/module.go:51.9,53.3 1 0
github.com/luxfi/precompile/curve25519/module.go:54.2,54.40 1 0
github.com/luxfi/precompile/curve25519/module.go:56.61,56.75 1 0
github.com/luxfi/precompile/dead/contract.go:98.27,102.21 2 0
github.com/luxfi/precompile/dead/contract.go:102.21,104.3 1 0
github.com/luxfi/precompile/dead/contract.go:107.2,107.20 1 0
github.com/luxfi/precompile/dead/contract.go:107.20,109.3 1 0
github.com/luxfi/precompile/dead/contract.go:111.2,115.18 4 0
github.com/luxfi/precompile/dead/contract.go:117.24,118.66 1 0
github.com/luxfi/precompile/dead/contract.go:119.27,120.69 1 0
github.com/luxfi/precompile/dead/contract.go:121.28,122.70 1 0
github.com/luxfi/precompile/dead/contract.go:123.26,124.68 1 0
github.com/luxfi/precompile/dead/contract.go:127.24,128.42 1 0
github.com/luxfi/precompile/dead/contract.go:129.27,130.45 1 0
github.com/luxfi/precompile/dead/contract.go:131.28,132.46 1 0
github.com/luxfi/precompile/dead/contract.go:133.24,134.48 1 0
github.com/luxfi/precompile/dead/contract.go:135.25,136.43 1 0
github.com/luxfi/precompile/dead/contract.go:138.10,140.71 1 0
github.com/luxfi/precompile/dead/contract.go:151.27,152.27 1 1
github.com/luxfi/precompile/dead/contract.go:152.27,154.3 1 0
github.com/luxfi/precompile/dead/contract.go:155.2,158.35 2 1
github.com/luxfi/precompile/dead/contract.go:158.35,160.3 1 0
github.com/luxfi/precompile/dead/contract.go:163.2,164.20 2 1
github.com/luxfi/precompile/dead/contract.go:164.20,167.3 1 0
github.com/luxfi/precompile/dead/contract.go:169.2,169.14 1 1
github.com/luxfi/precompile/dead/contract.go:169.14,172.3 1 0
github.com/luxfi/precompile/dead/contract.go:175.2,183.30 4 1
github.com/luxfi/precompile/dead/contract.go:183.30,186.3 2 1
github.com/luxfi/precompile/dead/contract.go:188.2,188.31 1 1
github.com/luxfi/precompile/dead/contract.go:199.27,200.14 1 0
github.com/luxfi/precompile/dead/contract.go:200.14,202.3 1 0
github.com/luxfi/precompile/dead/contract.go:203.2,203.33 1 0
github.com/luxfi/precompile/dead/contract.go:203.33,205.3 1 0
github.com/luxfi/precompile/dead/contract.go:206.2,209.33 2 0
github.com/luxfi/precompile/dead/contract.go:209.33,211.3 1 0
github.com/luxfi/precompile/dead/contract.go:214.2,214.20 1 0
github.com/luxfi/precompile/dead/contract.go:214.20,216.3 1 0
github.com/luxfi/precompile/dead/contract.go:217.2,218.29 2 0
github.com/luxfi/precompile/dead/contract.go:218.29,220.3 1 0
github.com/luxfi/precompile/dead/contract.go:223.2,225.31 2 0
github.com/luxfi/precompile/dead/contract.go:234.27,235.14 1 0
github.com/luxfi/precompile/dead/contract.go:235.14,237.3 1 0
github.com/luxfi/precompile/dead/contract.go:238.2,238.33 1 0
github.com/luxfi/precompile/dead/contract.go:238.33,240.3 1 0
github.com/luxfi/precompile/dead/contract.go:241.2,243.33 2 0
github.com/luxfi/precompile/dead/contract.go:243.33,245.3 1 0
github.com/luxfi/precompile/dead/contract.go:247.2,247.20 1 0
github.com/luxfi/precompile/dead/contract.go:247.20,249.3 1 0
github.com/luxfi/precompile/dead/contract.go:250.2,251.32 2 0
github.com/luxfi/precompile/dead/contract.go:251.32,253.3 1 0
github.com/luxfi/precompile/dead/contract.go:255.2,257.31 2 0
github.com/luxfi/precompile/dead/contract.go:266.27,267.14 1 0
github.com/luxfi/precompile/dead/contract.go:267.14,269.3 1 0
github.com/luxfi/precompile/dead/contract.go:270.2,270.33 1 0
github.com/luxfi/precompile/dead/contract.go:270.33,272.3 1 0
github.com/luxfi/precompile/dead/contract.go:273.2,275.33 2 0
github.com/luxfi/precompile/dead/contract.go:275.33,277.3 1 0
github.com/luxfi/precompile/dead/contract.go:279.2,279.20 1 0
github.com/luxfi/precompile/dead/contract.go:279.20,281.3 1 0
github.com/luxfi/precompile/dead/contract.go:284.2,285.30 2 0
github.com/luxfi/precompile/dead/contract.go:285.30,287.3 1 0
github.com/luxfi/precompile/dead/contract.go:289.2,291.31 2 0
github.com/luxfi/precompile/dead/contract.go:300.27,301.14 1 0
github.com/luxfi/precompile/dead/contract.go:301.14,303.3 1 0
github.com/luxfi/precompile/dead/contract.go:304.2,304.33 1 0
github.com/luxfi/precompile/dead/contract.go:304.33,306.3 1 0
github.com/luxfi/precompile/dead/contract.go:307.2,309.33 2 0
github.com/luxfi/precompile/dead/contract.go:309.33,311.3 1 0
github.com/luxfi/precompile/dead/contract.go:313.2,313.20 1 0
github.com/luxfi/precompile/dead/contract.go:313.20,315.3 1 0
github.com/luxfi/precompile/dead/contract.go:318.2,320.13 3 0
github.com/luxfi/precompile/dead/contract.go:320.13,322.3 1 0
github.com/luxfi/precompile/dead/contract.go:323.2,325.31 2 0
github.com/luxfi/precompile/dead/contract.go:330.105,331.32 1 0
github.com/luxfi/precompile/dead/contract.go:331.32,333.3 1 0
github.com/luxfi/precompile/dead/contract.go:334.2,340.34 5 0
github.com/luxfi/precompile/dead/contract.go:343.108,344.32 1 0
github.com/luxfi/precompile/dead/contract.go:344.32,346.3 1 0
github.com/luxfi/precompile/dead/contract.go:347.2,353.34 5 0
github.com/luxfi/precompile/dead/contract.go:356.109,357.32 1 0
github.com/luxfi/precompile/dead/contract.go:357.32,359.3 1 0
github.com/luxfi/precompile/dead/contract.go:360.2,366.34 5 0
github.com/luxfi/precompile/dead/contract.go:369.118,370.32 1 0
github.com/luxfi/precompile/dead/contract.go:370.32,372.3 1 0
github.com/luxfi/precompile/dead/contract.go:373.2,375.20 2 0
github.com/luxfi/precompile/dead/contract.go:375.20,377.3 1 0
github.com/luxfi/precompile/dead/contract.go:380.2,390.34 7 0
github.com/luxfi/precompile/dead/contract.go:393.106,394.32 1 0
github.com/luxfi/precompile/dead/contract.go:394.32,396.3 1 0
github.com/luxfi/precompile/dead/contract.go:397.2,401.13 4 0
github.com/luxfi/precompile/dead/contract.go:401.13,403.3 1 0
github.com/luxfi/precompile/dead/contract.go:405.2,405.34 1 0
github.com/luxfi/precompile/dead/contract.go:410.88,413.26 2 1
github.com/luxfi/precompile/dead/contract.go:413.26,415.3 1 0
github.com/luxfi/precompile/dead/contract.go:416.2,416.24 1 1
github.com/luxfi/precompile/dead/contract.go:419.84,422.2 2 1
github.com/luxfi/precompile/dead/contract.go:424.87,427.25 3 1
github.com/luxfi/precompile/dead/contract.go:427.25,429.3 1 1
github.com/luxfi/precompile/dead/contract.go:430.2,430.13 1 1
github.com/luxfi/precompile/dead/contract.go:433.80,436.17 2 1
github.com/luxfi/precompile/dead/contract.go:436.17,439.3 1 1
github.com/luxfi/precompile/dead/contract.go:441.2,441.42 1 1
github.com/luxfi/precompile/dead/contract.go:444.75,447.17 2 1
github.com/luxfi/precompile/dead/contract.go:447.17,450.3 1 1
github.com/luxfi/precompile/dead/contract.go:452.2,452.21 1 1
github.com/luxfi/precompile/dead/contract.go:455.107,459.2 3 1
github.com/luxfi/precompile/dead/contract.go:461.95,466.2 4 1
github.com/luxfi/precompile/dead/contract.go:468.91,471.7 3 1
github.com/luxfi/precompile/dead/contract.go:471.7,473.3 1 1
github.com/luxfi/precompile/dead/contract.go:474.2,474.42 1 1
github.com/luxfi/precompile/dead/contract.go:478.107,479.20 1 1
github.com/luxfi/precompile/dead/contract.go:479.20,481.3 1 0
github.com/luxfi/precompile/dead/contract.go:484.2,490.23 4 1
github.com/luxfi/precompile/dead/contract.go:494.72,496.2 1 1
github.com/luxfi/precompile/dead/contract.go:499.91,500.23 1 1
github.com/luxfi/precompile/dead/contract.go:500.23,502.3 1 1
github.com/luxfi/precompile/dead/contract.go:505.2,511.23 4 1
github.com/luxfi/precompile/dead/contract.go:515.46,517.2 1 1
github.com/luxfi/precompile/dead/module.go:49.13,52.73 1 1
github.com/luxfi/precompile/dead/module.go:52.73,53.51 1 1
github.com/luxfi/precompile/dead/module.go:53.51,54.14 1 0
github.com/luxfi/precompile/dead/module.go:59.61,61.2 1 0
github.com/luxfi/precompile/dead/module.go:68.9,70.2 1 0
github.com/luxfi/precompile/dead/module.go:78.31,80.2 1 0
github.com/luxfi/precompile/dead/module.go:82.38,84.2 1 0
github.com/luxfi/precompile/dead/module.go:86.36,88.2 1 0
github.com/luxfi/precompile/dead/module.go:90.58,92.9 2 0
github.com/luxfi/precompile/dead/module.go:92.9,94.3 1 0
github.com/luxfi/precompile/dead/module.go:95.2,95.62 1 0
github.com/luxfi/precompile/dead/module.go:98.73,100.2 1 0
github.com/luxfi/precompile/dex/engine_embedded.go:28.42,30.2 1 0
github.com/luxfi/precompile/dex/engine_embedded.go:33.75,35.16 2 0
github.com/luxfi/precompile/dex/engine_embedded.go:35.16,37.3 1 0
github.com/luxfi/precompile/dex/engine_embedded.go:38.2,38.18 1 0
github.com/luxfi/precompile/dex/engine_embedded.go:43.89,44.70 1 0
github.com/luxfi/precompile/dex/engine_embedded.go:44.71,47.3 0 0
github.com/luxfi/precompile/dex/engine_embedded.go:49.2,54.63 4 0
github.com/luxfi/precompile/dex/engine_embedded.go:54.63,55.17 1 0
github.com/luxfi/precompile/dex/engine_embedded.go:55.17,57.4 1 0
github.com/luxfi/precompile/dex/engine_embedded.go:57.9,59.4 1 0
github.com/luxfi/precompile/dex/engine_embedded.go:62.2,62.16 1 0
github.com/luxfi/precompile/dex/engine_embedded.go:62.16,63.52 1 0
github.com/luxfi/precompile/dex/engine_embedded.go:63.52,65.4 1 0
github.com/luxfi/precompile/dex/engine_embedded.go:66.3,66.47 1 0
github.com/luxfi/precompile/dex/engine_embedded.go:66.47,68.4 1 0
github.com/luxfi/precompile/dex/engine_embedded.go:69.8,70.52 1 0
github.com/luxfi/precompile/dex/engine_embedded.go:70.52,72.4 1 0
github.com/luxfi/precompile/dex/engine_embedded.go:73.3,73.47 1 0
github.com/luxfi/precompile/dex/engine_embedded.go:73.47,75.4 1 0
github.com/luxfi/precompile/dex/engine_embedded.go:79.2,85.16 7 0
github.com/luxfi/precompile/dex/engine_embedded.go:85.16,87.3 1 0
github.com/luxfi/precompile/dex/engine_embedded.go:87.8,89.3 1 0
github.com/luxfi/precompile/dex/engine_embedded.go:92.2,93.121 2 0
github.com/luxfi/precompile/dex/engine_embedded.go:93.121,100.25 2 0
github.com/luxfi/precompile/dex/engine_embedded.go:100.25,102.4 1 0
github.com/luxfi/precompile/dex/engine_embedded.go:103.3,103.25 1 0
github.com/luxfi/precompile/dex/engine_embedded.go:103.25,105.4 1 0
github.com/luxfi/precompile/dex/engine_embedded.go:108.3,109.17 2 0
github.com/luxfi/precompile/dex/engine_embedded.go:109.17,111.4 1 0
github.com/luxfi/precompile/dex/engine_embedded.go:114.3,115.17 2 0
github.com/luxfi/precompile/dex/engine_embedded.go:115.17,116.51 1 0
github.com/luxfi/precompile/dex/engine_embedded.go:116.51,118.5 1 0
github.com/luxfi/precompile/dex/engine_embedded.go:119.9,120.51 1 0
github.com/luxfi/precompile/dex/engine_embedded.go:120.51,122.5 1 0
github.com/luxfi/precompile/dex/engine_embedded.go:126.3,135.17 2 0
github.com/luxfi/precompile/dex/engine_embedded.go:135.17,140.4 3 0
github.com/luxfi/precompile/dex/engine_embedded.go:140.9,144.4 3 0
github.com/luxfi/precompile/dex/engine_embedded.go:147.3,147.56 1 0
github.com/luxfi/precompile/dex/engine_embedded.go:147.56,151.4 2 0
github.com/luxfi/precompile/dex/engine_embedded.go:154.3,157.46 2 0
github.com/luxfi/precompile/dex/engine_embedded.go:157.46,158.19 1 0
github.com/luxfi/precompile/dex/engine_embedded.go:158.19,161.24 2 0
github.com/luxfi/precompile/dex/engine_embedded.go:161.24,165.20 2 0
github.com/luxfi/precompile/dex/engine_embedded.go:165.20,167.7 1 0
github.com/luxfi/precompile/dex/engine_embedded.go:169.6,174.47 2 0
github.com/luxfi/precompile/dex/engine_embedded.go:174.47,175.21 1 0
github.com/luxfi/precompile/dex/engine_embedded.go:175.21,178.8 2 0
github.com/luxfi/precompile/dex/engine_embedded.go:178.13,181.8 2 0
github.com/luxfi/precompile/dex/engine_embedded.go:187.4,187.18 1 0
github.com/luxfi/precompile/dex/engine_embedded.go:187.18,189.5 1 0
github.com/luxfi/precompile/dex/engine_embedded.go:189.10,191.5 1 0
github.com/luxfi/precompile/dex/engine_embedded.go:192.9,195.18 2 0
github.com/luxfi/precompile/dex/engine_embedded.go:195.18,197.5 1 0
github.com/luxfi/precompile/dex/engine_embedded.go:202.2,206.16 4 0
github.com/luxfi/precompile/dex/engine_embedded.go:206.16,208.3 1 0
github.com/luxfi/precompile/dex/engine_embedded.go:208.8,210.3 1 0
github.com/luxfi/precompile/dex/engine_embedded.go:214.2,215.30 2 0
github.com/luxfi/precompile/dex/engine_embedded.go:215.30,218.3 2 0
github.com/luxfi/precompile/dex/engine_embedded.go:218.8,221.3 2 0
github.com/luxfi/precompile/dex/engine_embedded.go:226.2,228.47 3 0
github.com/luxfi/precompile/dex/engine_embedded.go:233.147,241.9 6 0
github.com/luxfi/precompile/dex/engine_embedded.go:241.9,253.3 2 0
github.com/luxfi/precompile/dex/engine_embedded.go:256.2,263.30 4 0
github.com/luxfi/precompile/dex/engine_embedded.go:263.30,265.33 2 0
github.com/luxfi/precompile/dex/engine_embedded.go:265.33,268.4 1 0
github.com/luxfi/precompile/dex/engine_embedded.go:269.3,272.33 3 0
github.com/luxfi/precompile/dex/engine_embedded.go:272.33,274.4 1 0
github.com/luxfi/precompile/dex/engine_embedded.go:275.3,275.59 1 0
github.com/luxfi/precompile/dex/engine_embedded.go:279.2,285.32 5 0
github.com/luxfi/precompile/dex/engine_embedded.go:285.32,293.24 4 0
github.com/luxfi/precompile/dex/engine_embedded.go:293.24,295.4 1 0
github.com/luxfi/precompile/dex/engine_embedded.go:296.3,300.58 3 0
github.com/luxfi/precompile/dex/engine_embedded.go:300.58,302.33 2 0
github.com/luxfi/precompile/dex/engine_embedded.go:302.33,304.5 1 0
github.com/luxfi/precompile/dex/engine_embedded.go:309.2,318.27 6 0
github.com/luxfi/precompile/dex/engine_embedded.go:318.27,321.3 2 0
github.com/luxfi/precompile/dex/engine_embedded.go:321.8,321.35 1 0
github.com/luxfi/precompile/dex/engine_embedded.go:321.35,325.3 2 0
github.com/luxfi/precompile/dex/engine_embedded.go:327.2,333.38 3 0
github.com/luxfi/precompile/dex/engine_embedded.go:337.99,338.57 1 0
github.com/luxfi/precompile/dex/engine_embedded.go:338.57,340.3 1 0
github.com/luxfi/precompile/dex/engine_embedded.go:342.2,342.42 1 0
github.com/luxfi/precompile/dex/engine_embedded.go:342.42,345.3 2 0
github.com/luxfi/precompile/dex/engine_embedded.go:346.2,346.42 1 0
github.com/luxfi/precompile/dex/engine_embedded.go:346.42,349.3 2 0
github.com/luxfi/precompile/dex/engine_embedded.go:351.2,353.15 3 0
github.com/luxfi/precompile/dex/engine_embedded.go:353.15,355.3 1 0
github.com/luxfi/precompile/dex/engine_embedded.go:356.2,356.15 1 0
github.com/luxfi/precompile/dex/engine_embedded.go:356.15,358.3 1 0
github.com/luxfi/precompile/dex/engine_embedded.go:359.2,359.37 1 0
github.com/luxfi/precompile/dex/engine_embedded.go:363.89,364.56 1 0
github.com/luxfi/precompile/dex/engine_embedded.go:364.56,366.3 1 0
github.com/luxfi/precompile/dex/engine_embedded.go:370.2,371.16 2 0
github.com/luxfi/precompile/dex/engine_embedded.go:371.16,373.3 1 0
github.com/luxfi/precompile/dex/engine_embedded.go:373.8,375.3 1 0
github.com/luxfi/precompile/dex/engine_embedded.go:377.2,384.41 2 0
github.com/luxfi/precompile/dex/engine_embedded.go:388.103,397.13 5 0
github.com/luxfi/precompile/dex/engine_embedded.go:397.13,399.3 1 0
github.com/luxfi/precompile/dex/engine_embedded.go:401.2,403.11 2 0
github.com/luxfi/precompile/dex/engine_embedded.go:403.11,406.3 1 0
github.com/luxfi/precompile/dex/engine_embedded.go:406.8,409.3 1 0
github.com/luxfi/precompile/dex/engine_embedded.go:412.2,412.47 1 0
github.com/luxfi/precompile/dex/engine_embedded.go:412.47,413.24 1 0
github.com/luxfi/precompile/dex/engine_embedded.go:413.24,416.4 2 0
github.com/luxfi/precompile/dex/engine_embedded.go:420.2,420.37 1 0
github.com/luxfi/precompile/dex/engine_embedded.go:420.37,424.3 3 0
github.com/luxfi/precompile/dex/engine_embedded.go:428.111,434.20 4 0
github.com/luxfi/precompile/dex/engine_embedded.go:434.20,435.29 1 0
github.com/luxfi/precompile/dex/engine_embedded.go:435.29,438.4 2 0
github.com/luxfi/precompile/dex/engine_embedded.go:438.9,441.4 2 0
github.com/luxfi/precompile/dex/engine_embedded.go:442.8,445.3 2 0
github.com/luxfi/precompile/dex/engine_embedded.go:447.2,447.20 1 0
github.com/luxfi/precompile/dex/engine_embedded.go:447.20,448.28 1 0
github.com/luxfi/precompile/dex/engine_embedded.go:448.28,451.4 2 0
github.com/luxfi/precompile/dex/engine_embedded.go:451.9,454.4 2 0
github.com/luxfi/precompile/dex/engine_embedded.go:455.8,458.3 2 0
github.com/luxfi/precompile/dex/engine_embedded.go:460.2,466.43 5 0
github.com/luxfi/precompile/dex/engine_zap.go:45.66,50.2 1 0
github.com/luxfi/precompile/dex/engine_zap.go:52.66,55.21 3 0
github.com/luxfi/precompile/dex/engine_zap.go:55.21,57.3 1 0
github.com/luxfi/precompile/dex/engine_zap.go:58.2,59.16 2 0
github.com/luxfi/precompile/dex/engine_zap.go:59.16,61.3 1 0
github.com/luxfi/precompile/dex/engine_zap.go:62.2,63.15 2 0
github.com/luxfi/precompile/dex/engine_zap.go:67.67,70.16 3 0
github.com/luxfi/precompile/dex/engine_zap.go:70.16,72.3 1 0
github.com/luxfi/precompile/dex/engine_zap.go:73.2,73.34 1 0
github.com/luxfi/precompile/dex/engine_zap.go:81.95,90.40 7 0
github.com/luxfi/precompile/dex/engine_zap.go:90.40,92.3 1 0
github.com/luxfi/precompile/dex/engine_zap.go:93.2,93.48 1 0
github.com/luxfi/precompile/dex/engine_zap.go:93.48,95.3 1 0
github.com/luxfi/precompile/dex/engine_zap.go:98.2,98.40 1 0
github.com/luxfi/precompile/dex/engine_zap.go:98.40,100.3 1 0
github.com/luxfi/precompile/dex/engine_zap.go:101.2,102.51 2 0
github.com/luxfi/precompile/dex/engine_zap.go:102.51,104.3 1 0
github.com/luxfi/precompile/dex/engine_zap.go:105.2,105.24 1 0
github.com/luxfi/precompile/dex/engine_zap.go:105.24,107.3 1 0
github.com/luxfi/precompile/dex/engine_zap.go:108.2,109.18 2 0
github.com/luxfi/precompile/dex/engine_zap.go:109.18,111.3 1 0
github.com/luxfi/precompile/dex/engine_zap.go:112.2,113.45 2 0
github.com/luxfi/precompile/dex/engine_zap.go:113.45,115.3 1 0
github.com/luxfi/precompile/dex/engine_zap.go:116.2,116.18 1 0
github.com/luxfi/precompile/dex/engine_zap.go:119.33,121.2 1 0
github.com/luxfi/precompile/dex/engine_zap.go:123.94,125.16 2 0
github.com/luxfi/precompile/dex/engine_zap.go:125.16,127.3 1 0
github.com/luxfi/precompile/dex/engine_zap.go:128.2,128.40 1 0
github.com/luxfi/precompile/dex/engine_zap.go:132.70,141.16 6 0
github.com/luxfi/precompile/dex/engine_zap.go:141.16,143.3 1 0
github.com/luxfi/precompile/dex/engine_zap.go:144.2,144.19 1 0
github.com/luxfi/precompile/dex/engine_zap.go:144.19,146.3 1 0
github.com/luxfi/precompile/dex/engine_zap.go:147.2,148.18 2 0
github.com/luxfi/precompile/dex/engine_zap.go:152.84,158.16 5 0
github.com/luxfi/precompile/dex/engine_zap.go:158.16,160.3 1 0
github.com/luxfi/precompile/dex/engine_zap.go:161.2,162.16 2 0
github.com/luxfi/precompile/dex/engine_zap.go:162.16,164.3 1 0
github.com/luxfi/precompile/dex/engine_zap.go:166.2,171.19 6 0
github.com/luxfi/precompile/dex/engine_zap.go:175.142,181.16 5 0
github.com/luxfi/precompile/dex/engine_zap.go:181.16,183.3 1 0
github.com/luxfi/precompile/dex/engine_zap.go:184.2,185.16 2 0
github.com/luxfi/precompile/dex/engine_zap.go:185.16,187.3 1 0
github.com/luxfi/precompile/dex/engine_zap.go:188.2,191.38 4 0
github.com/luxfi/precompile/dex/engine_zap.go:195.94,201.16 5 0
github.com/luxfi/precompile/dex/engine_zap.go:201.16,203.3 1 0
github.com/luxfi/precompile/dex/engine_zap.go:204.2,205.16 2 0
github.com/luxfi/precompile/dex/engine_zap.go:205.16,207.3 1 0
github.com/luxfi/precompile/dex/engine_zap.go:208.2,210.19 3 0
github.com/luxfi/precompile/dex/engine_zap.go:214.84,220.16 5 0
github.com/luxfi/precompile/dex/engine_zap.go:220.16,222.3 1 0
github.com/luxfi/precompile/dex/engine_zap.go:223.2,223.20 1 0
github.com/luxfi/precompile/dex/engine_zap.go:223.20,225.3 1 0
github.com/luxfi/precompile/dex/engine_zap.go:226.2,226.41 1 0
github.com/luxfi/precompile/dex/engine_zap.go:230.35,233.21 3 0
github.com/luxfi/precompile/dex/engine_zap.go:233.21,237.3 3 0
github.com/luxfi/precompile/dex/engine_zap.go:238.2,238.12 1 0
github.com/luxfi/precompile/dex/engine_zap.go:256.46,258.30 2 0
github.com/luxfi/precompile/dex/engine_zap.go:258.30,260.3 1 0
github.com/luxfi/precompile/dex/engine_zap.go:261.2,262.27 2 0
github.com/luxfi/precompile/dex/engine_zap.go:262.27,264.3 1 0
github.com/luxfi/precompile/dex/engine_zap.go:265.2,265.32 1 0
github.com/luxfi/precompile/dex/engine_zap.go:265.32,267.3 1 0
github.com/luxfi/precompile/dex/engine_zap.go:268.2,268.32 1 0
github.com/luxfi/precompile/dex/engine_zap.go:268.32,270.3 1 0
github.com/luxfi/precompile/dex/engine_zap.go:271.2,271.12 1 0
github.com/luxfi/precompile/dex/engine_zap.go:274.53,282.2 1 0
github.com/luxfi/precompile/dex/engine_zap.go:285.67,288.23 3 0
github.com/luxfi/precompile/dex/engine_zap.go:288.23,290.3 1 0
github.com/luxfi/precompile/dex/engine_zap.go:292.2,293.37 2 0
github.com/luxfi/precompile/dex/engine_zap.go:293.37,295.3 1 0
github.com/luxfi/precompile/dex/engine_zap.go:296.2,296.12 1 0
github.com/luxfi/precompile/dex/engine_zap.go:300.75,301.21 1 0
github.com/luxfi/precompile/dex/engine_zap.go:301.21,303.3 1 0
github.com/luxfi/precompile/dex/engine_zap.go:304.2,307.54 4 0
github.com/luxfi/precompile/dex/engine_zap.go:311.111,320.2 8 0
github.com/luxfi/precompile/dex/engine_zap.go:323.100,324.21 1 0
github.com/luxfi/precompile/dex/engine_zap.go:324.21,326.3 1 0
github.com/luxfi/precompile/dex/engine_zap.go:327.2,334.45 4 0
github.com/luxfi/precompile/dex/engine_zap.go:338.77,340.27 2 0
github.com/luxfi/precompile/dex/engine_zap.go:340.27,342.3 1 0
github.com/luxfi/precompile/dex/engine_zap.go:343.2,343.32 1 0
github.com/luxfi/precompile/dex/engine_zap.go:343.32,345.3 1 0
github.com/luxfi/precompile/dex/engine_zap.go:346.2,346.32 1 0
github.com/luxfi/precompile/dex/engine_zap.go:346.32,348.3 1 0
github.com/luxfi/precompile/dex/engine_zap.go:349.2,349.20 1 0
github.com/luxfi/precompile/dex/engine_zap.go:349.20,351.3 1 0
github.com/luxfi/precompile/dex/engine_zap.go:352.2,352.20 1 0
github.com/luxfi/precompile/dex/engine_zap.go:352.20,354.3 1 0
github.com/luxfi/precompile/dex/engine_zap.go:355.2,355.12 1 0
github.com/luxfi/precompile/dex/engine_zap.go:358.82,359.21 1 0
github.com/luxfi/precompile/dex/engine_zap.go:359.21,361.3 1 0
github.com/luxfi/precompile/dex/engine_zap.go:362.2,368.29 4 0
github.com/luxfi/precompile/dex/engine_zap.go:372.80,374.30 2 0
github.com/luxfi/precompile/dex/engine_zap.go:374.30,376.3 1 0
github.com/luxfi/precompile/dex/engine_zap.go:377.2,378.27 2 0
github.com/luxfi/precompile/dex/engine_zap.go:378.27,380.3 1 0
github.com/luxfi/precompile/dex/engine_zap.go:381.2,381.21 1 0
github.com/luxfi/precompile/dex/engine_zap.go:381.21,383.3 1 0
github.com/luxfi/precompile/dex/engine_zap.go:384.2,384.16 1 0
github.com/luxfi/precompile/dex/engine_zap.go:384.16,386.3 1 0
github.com/luxfi/precompile/dex/engine_zap.go:387.2,387.12 1 0
github.com/luxfi/precompile/dex/engine_zap.go:394.46,395.31 1 0
github.com/luxfi/precompile/dex/engine_zap.go:395.31,397.3 1 0
github.com/luxfi/precompile/dex/engine_zap.go:398.2,398.18 1 0
github.com/luxfi/precompile/dex/engine_zap.go:398.18,401.3 2 0
github.com/luxfi/precompile/dex/engine_zap.go:403.2,404.19 2 0
github.com/luxfi/precompile/dex/events.go:30.37,39.11 7 1
github.com/luxfi/precompile/dex/events.go:39.11,40.21 1 1
github.com/luxfi/precompile/dex/events.go:40.21,42.4 1 1
github.com/luxfi/precompile/dex/events.go:44.2,44.13 1 1
github.com/luxfi/precompile/dex/events.go:48.39,54.2 5 1
github.com/luxfi/precompile/dex/events.go:58.41,60.14 2 1
github.com/luxfi/precompile/dex/events.go:60.14,62.3 1 0
github.com/luxfi/precompile/dex/events.go:63.2,63.19 1 1
github.com/luxfi/precompile/dex/events.go:63.19,66.3 2 1
github.com/luxfi/precompile/dex/events.go:66.8,73.34 4 1
github.com/luxfi/precompile/dex/events.go:73.34,75.4 1 0
github.com/luxfi/precompile/dex/events.go:76.3,76.28 1 1
github.com/luxfi/precompile/dex/events.go:78.2,78.13 1 1
github.com/luxfi/precompile/dex/events.go:82.51,86.2 3 1
github.com/luxfi/precompile/dex/events.go:89.42,93.2 3 1
github.com/luxfi/precompile/dex/events.go:102.3,121.2 7 1
github.com/luxfi/precompile/dex/events.go:133.3,153.2 8 1
github.com/luxfi/precompile/dex/events.go:161.3,178.2 6 1
github.com/luxfi/precompile/dex/events.go:185.65,194.2 1 1
github.com/luxfi/precompile/dex/events.go:197.66,206.2 1 1
github.com/luxfi/precompile/dex/events.go:209.83,219.2 1 1
github.com/luxfi/precompile/dex/events.go:222.84,232.2 1 1
github.com/luxfi/precompile/dex/events.go:236.83,246.2 1 1
github.com/luxfi/precompile/dex/fill_attestation.go:94.48,98.2 1 1
github.com/luxfi/precompile/dex/fill_attestation.go:101.53,103.2 1 1
github.com/luxfi/precompile/dex/fill_attestation.go:110.57,116.2 5 1
github.com/luxfi/precompile/dex/fill_attestation.go:119.46,123.2 3 1
github.com/luxfi/precompile/dex/fill_attestation.go:145.9,151.36 4 1
github.com/luxfi/precompile/dex/fill_attestation.go:151.36,153.3 1 0
github.com/luxfi/precompile/dex/fill_attestation.go:154.2,154.24 1 1
github.com/luxfi/precompile/dex/fill_attestation.go:154.24,156.3 1 1
github.com/luxfi/precompile/dex/fill_attestation.go:159.2,159.41 1 1
github.com/luxfi/precompile/dex/fill_attestation.go:159.41,161.3 1 1
github.com/luxfi/precompile/dex/fill_attestation.go:162.2,162.39 1 1
github.com/luxfi/precompile/dex/fill_attestation.go:162.39,164.3 1 1
github.com/luxfi/precompile/dex/fill_attestation.go:165.2,165.32 1 1
github.com/luxfi/precompile/dex/fill_attestation.go:165.32,167.3 1 1
github.com/luxfi/precompile/dex/fill_attestation.go:170.2,170.69 1 1
github.com/luxfi/precompile/dex/fill_attestation.go:170.69,172.3 1 1
github.com/luxfi/precompile/dex/fill_attestation.go:176.2,180.24 4 1
github.com/luxfi/precompile/dex/fill_attestation.go:180.24,182.38 2 1
github.com/luxfi/precompile/dex/fill_attestation.go:182.38,184.4 1 1
github.com/luxfi/precompile/dex/fill_attestation.go:188.2,207.12 5 1
github.com/luxfi/precompile/dex/fill_attestation.go:223.9,228.24 4 1
github.com/luxfi/precompile/dex/fill_attestation.go:228.24,230.3 1 0
github.com/luxfi/precompile/dex/fill_attestation.go:232.2,232.41 1 1
github.com/luxfi/precompile/dex/fill_attestation.go:232.41,234.3 1 1
github.com/luxfi/precompile/dex/fill_attestation.go:235.2,235.40 1 1
github.com/luxfi/precompile/dex/fill_attestation.go:235.40,237.3 1 0
github.com/luxfi/precompile/dex/fill_attestation.go:240.2,241.24 2 1
github.com/luxfi/precompile/dex/fill_attestation.go:241.24,243.3 1 0
github.com/luxfi/precompile/dex/fill_attestation.go:246.2,246.29 1 1
github.com/luxfi/precompile/dex/fill_attestation.go:246.29,248.3 1 0
github.com/luxfi/precompile/dex/fill_attestation.go:251.2,258.31 6 1
github.com/luxfi/precompile/dex/fill_attestation.go:258.31,260.3 1 0
github.com/luxfi/precompile/dex/fill_attestation.go:261.2,263.12 2 1
github.com/luxfi/precompile/dex/fill_attestation.go:273.9,278.24 4 1
github.com/luxfi/precompile/dex/fill_attestation.go:278.24,280.3 1 0
github.com/luxfi/precompile/dex/fill_attestation.go:282.2,282.41 1 1
github.com/luxfi/precompile/dex/fill_attestation.go:282.41,284.3 1 0
github.com/luxfi/precompile/dex/fill_attestation.go:285.2,285.40 1 1
github.com/luxfi/precompile/dex/fill_attestation.go:285.40,287.3 1 0
github.com/luxfi/precompile/dex/fill_attestation.go:290.2,292.50 3 1
github.com/luxfi/precompile/dex/fill_attestation.go:292.50,294.3 1 1
github.com/luxfi/precompile/dex/fill_attestation.go:297.2,304.31 6 1
github.com/luxfi/precompile/dex/fill_attestation.go:304.31,306.3 1 0
github.com/luxfi/precompile/dex/fill_attestation.go:307.2,309.12 2 1
github.com/luxfi/precompile/dex/fill_attestation.go:320.15,324.2 3 1
github.com/luxfi/precompile/dex/fill_attestation.go:327.70,331.2 3 1
github.com/luxfi/precompile/dex/fill_attestation.go:334.66,338.2 3 0
github.com/luxfi/precompile/dex/fill_attestation.go:350.9,357.56 4 1
github.com/luxfi/precompile/dex/fill_attestation.go:357.56,359.3 1 1
github.com/luxfi/precompile/dex/fill_attestation.go:361.2,366.12 5 1
github.com/luxfi/precompile/dex/fill_attestation.go:374.9,379.24 4 1
github.com/luxfi/precompile/dex/fill_attestation.go:379.24,381.3 1 0
github.com/luxfi/precompile/dex/fill_attestation.go:383.2,389.12 6 1
github.com/luxfi/precompile/dex/fill_attestation.go:397.9,402.24 4 1
github.com/luxfi/precompile/dex/fill_attestation.go:402.24,404.3 1 0
github.com/luxfi/precompile/dex/fill_attestation.go:406.2,419.12 11 1
github.com/luxfi/precompile/dex/fill_attestation.go:426.73,429.29 3 1
github.com/luxfi/precompile/dex/fill_attestation.go:429.29,431.3 1 1
github.com/luxfi/precompile/dex/fill_attestation.go:432.2,432.41 1 1
github.com/luxfi/precompile/dex/fill_attestation.go:435.66,439.2 3 1
github.com/luxfi/precompile/dex/fill_attestation.go:441.70,445.2 3 1
github.com/luxfi/precompile/dex/fill_attestation.go:447.77,453.2 5 1
github.com/luxfi/precompile/dex/fill_attestation.go:455.68,460.33 3 1
github.com/luxfi/precompile/dex/fill_attestation.go:460.33,462.3 1 0
github.com/luxfi/precompile/dex/fill_attestation.go:463.2,465.48 3 1
github.com/luxfi/precompile/dex/fill_attestation.go:468.69,471.34 3 1
github.com/luxfi/precompile/dex/fill_attestation.go:471.34,473.3 1 1
github.com/luxfi/precompile/dex/fill_attestation.go:474.2,474.53 1 1
github.com/luxfi/precompile/dex/fill_attestation.go:477.91,478.44 1 1
github.com/luxfi/precompile/dex/fill_attestation.go:478.44,480.3 1 1
github.com/luxfi/precompile/dex/fill_attestation.go:482.2,484.29 3 1
github.com/luxfi/precompile/dex/fill_attestation.go:484.29,486.3 1 1
github.com/luxfi/precompile/dex/fill_attestation.go:491.2,526.12 20 1
github.com/luxfi/precompile/dex/fill_attestation.go:529.79,575.2 33 1
github.com/luxfi/precompile/dex/full_math.go:19.50,20.29 1 0
github.com/luxfi/precompile/dex/full_math.go:20.29,21.48 1 0
github.com/luxfi/precompile/dex/full_math.go:24.2,26.29 3 0
github.com/luxfi/precompile/dex/full_math.go:26.29,27.44 1 0
github.com/luxfi/precompile/dex/full_math.go:29.2,29.15 1 0
github.com/luxfi/precompile/dex/full_math.go:33.60,34.29 1 0
github.com/luxfi/precompile/dex/full_math.go:34.29,35.58 1 0
github.com/luxfi/precompile/dex/full_math.go:37.2,41.26 4 0
github.com/luxfi/precompile/dex/full_math.go:41.26,43.3 1 0
github.com/luxfi/precompile/dex/full_math.go:44.2,44.29 1 0
github.com/luxfi/precompile/dex/full_math.go:44.29,45.54 1 0
github.com/luxfi/precompile/dex/full_math.go:47.2,47.15 1 0
github.com/luxfi/precompile/dex/full_math.go:51.50,54.26 3 0
github.com/luxfi/precompile/dex/full_math.go:54.26,56.3 1 0
github.com/luxfi/precompile/dex/full_math.go:57.2,57.15 1 0
github.com/luxfi/precompile/dex/hooks.go:22.38,26.2 1 1
github.com/luxfi/precompile/dex/hooks.go:72.33,75.2 2 1
github.com/luxfi/precompile/dex/hooks.go:92.13,106.30 2 1
github.com/luxfi/precompile/dex/hooks.go:106.30,108.10 2 1
github.com/luxfi/precompile/dex/hooks.go:108.10,109.71 1 0
github.com/luxfi/precompile/dex/hooks.go:111.3,112.103 2 1
github.com/luxfi/precompile/dex/hooks.go:112.103,113.47 1 0
github.com/luxfi/precompile/dex/hooks.go:129.82,135.34 3 1
github.com/luxfi/precompile/dex/hooks.go:135.34,137.3 1 1
github.com/luxfi/precompile/dex/hooks.go:139.2,139.12 1 1
github.com/luxfi/precompile/dex/hooks.go:143.57,146.24 2 1
github.com/luxfi/precompile/dex/hooks.go:146.24,148.3 1 1
github.com/luxfi/precompile/dex/hooks.go:149.2,149.23 1 1
github.com/luxfi/precompile/dex/hooks.go:149.23,151.3 1 1
github.com/luxfi/precompile/dex/hooks.go:152.2,152.26 1 1
github.com/luxfi/precompile/dex/hooks.go:152.26,154.3 1 1
github.com/luxfi/precompile/dex/hooks.go:155.2,155.25 1 1
github.com/luxfi/precompile/dex/hooks.go:155.25,157.3 1 1
github.com/luxfi/precompile/dex/hooks.go:158.2,158.29 1 1
github.com/luxfi/precompile/dex/hooks.go:158.29,160.3 1 1
github.com/luxfi/precompile/dex/hooks.go:161.2,161.28 1 1
github.com/luxfi/precompile/dex/hooks.go:161.28,163.3 1 1
github.com/luxfi/precompile/dex/hooks.go:164.2,164.18 1 1
github.com/luxfi/precompile/dex/hooks.go:164.18,166.3 1 1
github.com/luxfi/precompile/dex/hooks.go:167.2,167.17 1 1
github.com/luxfi/precompile/dex/hooks.go:167.17,169.3 1 1
github.com/luxfi/precompile/dex/hooks.go:170.2,170.20 1 1
github.com/luxfi/precompile/dex/hooks.go:170.20,172.3 1 1
github.com/luxfi/precompile/dex/hooks.go:173.2,173.19 1 1
github.com/luxfi/precompile/dex/hooks.go:173.19,175.3 1 1
github.com/luxfi/precompile/dex/hooks.go:176.2,176.30 1 1
github.com/luxfi/precompile/dex/hooks.go:176.30,178.3 1 1
github.com/luxfi/precompile/dex/hooks.go:179.2,179.29 1 1
github.com/luxfi/precompile/dex/hooks.go:179.29,181.3 1 1
github.com/luxfi/precompile/dex/hooks.go:182.2,182.37 1 1
github.com/luxfi/precompile/dex/hooks.go:182.37,184.3 1 1
github.com/luxfi/precompile/dex/hooks.go:185.2,185.40 1 1
github.com/luxfi/precompile/dex/hooks.go:185.40,187.3 1 1
github.com/luxfi/precompile/dex/hooks.go:189.2,189.14 1 1
github.com/luxfi/precompile/dex/hooks.go:193.61,210.2 1 1
github.com/luxfi/precompile/dex/hooks.go:214.73,217.2 2 1
github.com/luxfi/precompile/dex/hooks.go:221.62,224.2 2 1
github.com/luxfi/precompile/dex/hooks.go:228.82,231.24 2 1
github.com/luxfi/precompile/dex/hooks.go:231.24,233.3 1 1
github.com/luxfi/precompile/dex/hooks.go:235.2,236.12 2 1
github.com/luxfi/precompile/dex/hooks.go:240.77,243.2 2 1
github.com/luxfi/precompile/dex/hooks.go:247.81,249.9 2 1
github.com/luxfi/precompile/dex/hooks.go:249.9,252.3 1 0
github.com/luxfi/precompile/dex/hooks.go:253.2,253.24 1 1
github.com/luxfi/precompile/dex/hooks.go:346.110,362.2 10 1
github.com/luxfi/precompile/dex/hooks.go:365.106,373.23 5 1
github.com/luxfi/precompile/dex/hooks.go:373.23,375.3 1 1
github.com/luxfi/precompile/dex/hooks.go:375.8,377.3 1 0
github.com/luxfi/precompile/dex/hooks.go:379.2,389.13 8 1
github.com/luxfi/precompile/dex/hooks.go:393.125,400.23 5 1
github.com/luxfi/precompile/dex/hooks.go:400.23,402.3 1 1
github.com/luxfi/precompile/dex/hooks.go:402.8,404.3 1 0
github.com/luxfi/precompile/dex/hooks.go:406.2,421.13 11 1
github.com/luxfi/precompile/dex/hooks.go:426.64,427.20 1 1
github.com/luxfi/precompile/dex/hooks.go:427.20,429.3 1 1
github.com/luxfi/precompile/dex/hooks.go:431.2,435.20 4 1
github.com/luxfi/precompile/dex/hooks.go:451.89,452.27 1 1
github.com/luxfi/precompile/dex/hooks.go:452.27,454.3 1 1
github.com/luxfi/precompile/dex/hooks.go:458.2,462.20 4 1
github.com/luxfi/precompile/dex/hooks.go:462.20,464.3 1 0
github.com/luxfi/precompile/dex/hooks.go:466.2,476.12 7 1
github.com/luxfi/precompile/dex/hooks.go:485.104,486.60 1 1
github.com/luxfi/precompile/dex/hooks.go:486.60,488.3 1 1
github.com/luxfi/precompile/dex/hooks.go:489.2,489.12 1 1
github.com/luxfi/precompile/dex/hooks.go:493.101,497.23 3 0
github.com/luxfi/precompile/dex/hooks.go:497.23,499.3 1 0
github.com/luxfi/precompile/dex/hooks.go:499.8,501.3 1 0
github.com/luxfi/precompile/dex/hooks.go:502.2,513.39 9 0
github.com/luxfi/precompile/dex/hooks.go:513.39,515.3 1 0
github.com/luxfi/precompile/dex/hooks.go:517.2,517.12 1 0
github.com/luxfi/precompile/dex/interest_rate.go:53.52,61.2 1 1
github.com/luxfi/precompile/dex/interest_rate.go:65.55,73.2 1 0
github.com/luxfi/precompile/dex/interest_rate.go:77.53,85.2 1 0
github.com/luxfi/precompile/dex/interest_rate.go:93.12,94.30 1 1
github.com/luxfi/precompile/dex/interest_rate.go:94.30,96.3 1 1
github.com/luxfi/precompile/dex/interest_rate.go:99.2,102.32 3 1
github.com/luxfi/precompile/dex/interest_rate.go:102.32,104.3 1 0
github.com/luxfi/precompile/dex/interest_rate.go:107.2,111.30 3 1
github.com/luxfi/precompile/dex/interest_rate.go:111.30,113.3 1 0
github.com/luxfi/precompile/dex/interest_rate.go:115.2,115.20 1 1
github.com/luxfi/precompile/dex/interest_rate.go:124.12,127.48 2 1
github.com/luxfi/precompile/dex/interest_rate.go:127.48,133.3 4 1
github.com/luxfi/precompile/dex/interest_rate.go:138.2,147.33 8 1
github.com/luxfi/precompile/dex/interest_rate.go:156.12,170.2 8 1
github.com/luxfi/precompile/dex/interest_rate.go:177.12,180.2 2 0
github.com/luxfi/precompile/dex/interest_rate.go:187.12,190.2 2 0
github.com/luxfi/precompile/dex/interest_rate.go:193.71,195.2 1 1
github.com/luxfi/precompile/dex/interest_rate.go:205.12,206.42 1 1
github.com/luxfi/precompile/dex/interest_rate.go:206.42,208.3 1 0
github.com/luxfi/precompile/dex/interest_rate.go:210.2,217.17 5 1
github.com/luxfi/precompile/dex/interest_rate.go:221.74,226.2 3 0
github.com/luxfi/precompile/dex/interest_rate.go:237.12,238.42 1 0
github.com/luxfi/precompile/dex/interest_rate.go:238.42,240.3 1 0
github.com/luxfi/precompile/dex/interest_rate.go:243.2,243.19 1 0
github.com/luxfi/precompile/dex/interest_rate.go:243.19,245.3 1 0
github.com/luxfi/precompile/dex/interest_rate.go:249.2,266.17 9 0
github.com/luxfi/precompile/dex/lending.go:80.60,87.2 1 1
github.com/luxfi/precompile/dex/lending.go:90.70,97.2 6 1
github.com/luxfi/precompile/dex/lending.go:110.9,114.45 3 1
github.com/luxfi/precompile/dex/lending.go:114.45,116.3 1 1
github.com/luxfi/precompile/dex/lending.go:118.2,118.35 1 1
github.com/luxfi/precompile/dex/lending.go:118.35,120.3 1 0
github.com/luxfi/precompile/dex/lending.go:122.2,145.12 5 1
github.com/luxfi/precompile/dex/lending.go:149.99,154.13 4 0
github.com/luxfi/precompile/dex/lending.go:154.13,156.3 1 0
github.com/luxfi/precompile/dex/lending.go:158.2,161.12 3 0
github.com/luxfi/precompile/dex/lending.go:165.96,170.13 4 0
github.com/luxfi/precompile/dex/lending.go:170.13,172.3 1 0
github.com/luxfi/precompile/dex/lending.go:174.2,177.12 3 0
github.com/luxfi/precompile/dex/lending.go:191.21,196.13 4 1
github.com/luxfi/precompile/dex/lending.go:196.13,198.3 1 0
github.com/luxfi/precompile/dex/lending.go:200.2,200.43 1 1
github.com/luxfi/precompile/dex/lending.go:200.43,202.3 1 0
github.com/luxfi/precompile/dex/lending.go:204.2,204.24 1 1
github.com/luxfi/precompile/dex/lending.go:204.24,206.3 1 0
github.com/luxfi/precompile/dex/lending.go:209.2,209.34 1 1
github.com/luxfi/precompile/dex/lending.go:209.34,211.42 2 0
github.com/luxfi/precompile/dex/lending.go:211.42,213.4 1 0
github.com/luxfi/precompile/dex/lending.go:217.2,227.21 6 1
github.com/luxfi/precompile/dex/lending.go:227.21,236.3 1 1
github.com/luxfi/precompile/dex/lending.go:239.2,252.26 7 1
github.com/luxfi/precompile/dex/lending.go:262.21,267.13 4 1
github.com/luxfi/precompile/dex/lending.go:267.13,269.3 1 0
github.com/luxfi/precompile/dex/lending.go:271.2,271.23 1 1
github.com/luxfi/precompile/dex/lending.go:271.23,273.3 1 0
github.com/luxfi/precompile/dex/lending.go:275.2,277.58 3 1
github.com/luxfi/precompile/dex/lending.go:277.58,279.3 1 0
github.com/luxfi/precompile/dex/lending.go:282.2,286.51 3 1
github.com/luxfi/precompile/dex/lending.go:286.51,288.3 1 0
github.com/luxfi/precompile/dex/lending.go:292.2,296.38 3 1
github.com/luxfi/precompile/dex/lending.go:296.38,302.32 5 1
github.com/luxfi/precompile/dex/lending.go:302.32,304.4 1 1
github.com/luxfi/precompile/dex/lending.go:308.2,309.50 2 1
github.com/luxfi/precompile/dex/lending.go:309.50,311.3 1 0
github.com/luxfi/precompile/dex/lending.go:314.2,327.30 7 1
github.com/luxfi/precompile/dex/lending.go:336.9,341.13 4 1
github.com/luxfi/precompile/dex/lending.go:341.13,343.3 1 0
github.com/luxfi/precompile/dex/lending.go:345.2,345.51 1 1
github.com/luxfi/precompile/dex/lending.go:345.51,347.3 1 0
github.com/luxfi/precompile/dex/lending.go:349.2,349.24 1 1
github.com/luxfi/precompile/dex/lending.go:349.24,351.3 1 0
github.com/luxfi/precompile/dex/lending.go:354.2,354.34 1 1
github.com/luxfi/precompile/dex/lending.go:354.34,356.42 2 0
github.com/luxfi/precompile/dex/lending.go:356.42,358.4 1 0
github.com/luxfi/precompile/dex/lending.go:362.2,367.21 4 1
github.com/luxfi/precompile/dex/lending.go:367.21,369.3 1 0
github.com/luxfi/precompile/dex/lending.go:372.2,384.40 7 1
github.com/luxfi/precompile/dex/lending.go:384.40,386.3 1 1
github.com/luxfi/precompile/dex/lending.go:389.2,390.40 2 1
github.com/luxfi/precompile/dex/lending.go:390.40,392.3 1 0
github.com/luxfi/precompile/dex/lending.go:395.2,409.12 8 1
github.com/luxfi/precompile/dex/lending.go:418.21,423.13 4 1
github.com/luxfi/precompile/dex/lending.go:423.13,425.3 1 0
github.com/luxfi/precompile/dex/lending.go:427.2,429.58 3 1
github.com/luxfi/precompile/dex/lending.go:429.58,431.3 1 0
github.com/luxfi/precompile/dex/lending.go:434.2,441.48 4 1
github.com/luxfi/precompile/dex/lending.go:441.48,443.3 1 0
github.com/luxfi/precompile/dex/lending.go:446.2,460.25 8 1
github.com/luxfi/precompile/dex/lending.go:468.66,472.2 3 1
github.com/luxfi/precompile/dex/lending.go:475.113,481.2 4 1
github.com/luxfi/precompile/dex/lending.go:486.109,491.13 4 1
github.com/luxfi/precompile/dex/lending.go:491.13,493.3 1 0
github.com/luxfi/precompile/dex/lending.go:495.2,497.58 3 1
github.com/luxfi/precompile/dex/lending.go:497.58,499.3 1 0
github.com/luxfi/precompile/dex/lending.go:501.2,504.78 3 1
github.com/luxfi/precompile/dex/lending.go:512.72,517.13 4 1
github.com/luxfi/precompile/dex/lending.go:517.13,519.3 1 0
github.com/luxfi/precompile/dex/lending.go:521.2,523.21 3 1
github.com/luxfi/precompile/dex/lending.go:523.21,525.3 1 0
github.com/luxfi/precompile/dex/lending.go:528.2,533.90 4 1
github.com/luxfi/precompile/dex/lending.go:533.90,536.3 2 0
github.com/luxfi/precompile/dex/lending.go:539.2,543.36 3 1
github.com/luxfi/precompile/dex/lending.go:543.36,545.3 1 1
github.com/luxfi/precompile/dex/lending.go:545.8,547.3 1 0
github.com/luxfi/precompile/dex/lending.go:550.2,552.8 2 1
github.com/luxfi/precompile/dex/lending.go:556.68,561.13 4 0
github.com/luxfi/precompile/dex/lending.go:561.13,563.3 1 0
github.com/luxfi/precompile/dex/lending.go:565.2,566.18 2 0
github.com/luxfi/precompile/dex/lending.go:566.18,568.3 1 0
github.com/luxfi/precompile/dex/lending.go:570.2,571.78 2 0
github.com/luxfi/precompile/dex/lending.go:575.68,580.13 4 0
github.com/luxfi/precompile/dex/lending.go:580.13,582.3 1 0
github.com/luxfi/precompile/dex/lending.go:584.2,585.18 2 0
github.com/luxfi/precompile/dex/lending.go:585.18,587.3 1 0
github.com/luxfi/precompile/dex/lending.go:589.2,590.78 2 0
github.com/luxfi/precompile/dex/lending.go:598.74,600.45 2 1
github.com/luxfi/precompile/dex/lending.go:600.45,602.3 1 1
github.com/luxfi/precompile/dex/lending.go:604.2,605.38 2 0
github.com/luxfi/precompile/dex/lending.go:605.38,608.3 2 0
github.com/luxfi/precompile/dex/lending.go:610.2,611.18 2 0
github.com/luxfi/precompile/dex/lending.go:611.18,614.3 2 0
github.com/luxfi/precompile/dex/lending.go:617.2,641.36 9 0
github.com/luxfi/precompile/dex/lending.go:641.36,650.3 6 0
github.com/luxfi/precompile/dex/lending.go:652.2,652.40 1 0
github.com/luxfi/precompile/dex/lending.go:656.86,657.39 1 1
github.com/luxfi/precompile/dex/lending.go:657.39,659.3 1 1
github.com/luxfi/precompile/dex/lending.go:661.2,661.92 1 1
github.com/luxfi/precompile/dex/lending.go:661.92,663.3 1 1
github.com/luxfi/precompile/dex/lending.go:666.2,668.62 3 0
github.com/luxfi/precompile/dex/lending.go:672.110,673.27 1 1
github.com/luxfi/precompile/dex/lending.go:673.27,677.3 2 0
github.com/luxfi/precompile/dex/lending.go:680.2,686.21 5 1
github.com/luxfi/precompile/dex/lending.go:693.84,694.43 1 1
github.com/luxfi/precompile/dex/lending.go:694.43,696.3 1 1
github.com/luxfi/precompile/dex/lending.go:699.2,701.29 3 1
github.com/luxfi/precompile/dex/lending.go:701.29,703.3 1 1
github.com/luxfi/precompile/dex/lending.go:705.2,711.17 3 0
github.com/luxfi/precompile/dex/lending.go:714.95,724.2 8 1
github.com/luxfi/precompile/dex/lending.go:726.71,736.2 8 1
github.com/luxfi/precompile/dex/lending.go:739.119,743.2 3 1
github.com/luxfi/precompile/dex/liquid.go:52.41,59.2 1 1
github.com/luxfi/precompile/dex/liquid.go:62.75,69.2 6 1
github.com/luxfi/precompile/dex/liquid.go:81.9,85.47 3 1
github.com/luxfi/precompile/dex/liquid.go:85.47,87.3 1 1
github.com/luxfi/precompile/dex/liquid.go:89.2,99.12 4 1
github.com/luxfi/precompile/dex/liquid.go:108.9,112.52 3 1
github.com/luxfi/precompile/dex/liquid.go:112.52,114.3 1 0
github.com/luxfi/precompile/dex/liquid.go:116.2,127.12 4 1
github.com/luxfi/precompile/dex/liquid.go:141.9,147.29 4 1
github.com/luxfi/precompile/dex/liquid.go:147.29,149.3 1 0
github.com/luxfi/precompile/dex/liquid.go:151.2,151.24 1 1
github.com/luxfi/precompile/dex/liquid.go:151.24,153.3 1 0
github.com/luxfi/precompile/dex/liquid.go:156.2,158.20 3 1
github.com/luxfi/precompile/dex/liquid.go:158.20,167.3 1 1
github.com/luxfi/precompile/dex/liquid.go:170.2,185.12 7 1
github.com/luxfi/precompile/dex/liquid.go:195.9,200.13 4 1
github.com/luxfi/precompile/dex/liquid.go:200.13,202.3 1 0
github.com/luxfi/precompile/dex/liquid.go:204.2,206.54 3 1
github.com/luxfi/precompile/dex/liquid.go:206.54,208.3 1 0
github.com/luxfi/precompile/dex/liquid.go:211.2,214.40 2 1
github.com/luxfi/precompile/dex/liquid.go:214.40,216.3 1 0
github.com/luxfi/precompile/dex/liquid.go:219.2,223.29 2 1
github.com/luxfi/precompile/dex/liquid.go:223.29,225.36 2 1
github.com/luxfi/precompile/dex/liquid.go:225.36,227.4 1 1
github.com/luxfi/precompile/dex/liquid.go:231.2,243.12 6 1
github.com/luxfi/precompile/dex/liquid.go:254.9,260.29 4 1
github.com/luxfi/precompile/dex/liquid.go:260.29,262.3 1 0
github.com/luxfi/precompile/dex/liquid.go:264.2,265.13 2 1
github.com/luxfi/precompile/dex/liquid.go:265.13,267.3 1 0
github.com/luxfi/precompile/dex/liquid.go:270.2,271.44 2 1
github.com/luxfi/precompile/dex/liquid.go:271.44,273.3 1 0
github.com/luxfi/precompile/dex/liquid.go:276.2,278.54 3 1
github.com/luxfi/precompile/dex/liquid.go:278.54,280.3 1 0
github.com/luxfi/precompile/dex/liquid.go:283.2,290.37 5 1
github.com/luxfi/precompile/dex/liquid.go:290.37,292.3 1 1
github.com/luxfi/precompile/dex/liquid.go:295.2,311.12 8 1
github.com/luxfi/precompile/dex/liquid.go:322.9,327.13 4 1
github.com/luxfi/precompile/dex/liquid.go:327.13,329.3 1 0
github.com/luxfi/precompile/dex/liquid.go:331.2,333.48 3 1
github.com/luxfi/precompile/dex/liquid.go:333.48,335.3 1 0
github.com/luxfi/precompile/dex/liquid.go:337.2,338.15 2 1
github.com/luxfi/precompile/dex/liquid.go:338.15,340.3 1 1
github.com/luxfi/precompile/dex/liquid.go:343.2,344.38 2 1
github.com/luxfi/precompile/dex/liquid.go:344.38,346.3 1 0
github.com/luxfi/precompile/dex/liquid.go:349.2,357.29 5 1
github.com/luxfi/precompile/dex/liquid.go:357.29,359.3 1 0
github.com/luxfi/precompile/dex/liquid.go:362.2,368.12 4 1
github.com/luxfi/precompile/dex/liquid.go:377.21,382.13 4 0
github.com/luxfi/precompile/dex/liquid.go:382.13,384.3 1 0
github.com/luxfi/precompile/dex/liquid.go:386.2,388.20 3 0
github.com/luxfi/precompile/dex/liquid.go:388.20,390.3 1 0
github.com/luxfi/precompile/dex/liquid.go:392.2,396.23 3 0
github.com/luxfi/precompile/dex/liquid.go:408.12,412.35 2 1
github.com/luxfi/precompile/dex/liquid.go:412.35,415.3 2 1
github.com/luxfi/precompile/dex/liquid.go:418.2,419.24 2 1
github.com/luxfi/precompile/dex/liquid.go:419.24,421.3 1 1
github.com/luxfi/precompile/dex/liquid.go:424.2,432.64 5 0
github.com/luxfi/precompile/dex/liquid.go:432.64,433.50 1 0
github.com/luxfi/precompile/dex/liquid.go:433.50,437.4 2 0
github.com/luxfi/precompile/dex/liquid.go:437.9,441.4 2 0
github.com/luxfi/precompile/dex/liquid.go:444.2,446.20 2 0
github.com/luxfi/precompile/dex/liquid.go:458.18,464.2 4 1
github.com/luxfi/precompile/dex/liquid.go:471.12,476.13 4 1
github.com/luxfi/precompile/dex/liquid.go:476.13,478.3 1 0
github.com/luxfi/precompile/dex/liquid.go:480.2,482.54 3 1
github.com/luxfi/precompile/dex/liquid.go:482.54,484.3 1 0
github.com/luxfi/precompile/dex/liquid.go:486.2,491.30 4 1
github.com/luxfi/precompile/dex/liquid.go:491.30,493.3 1 0
github.com/luxfi/precompile/dex/liquid.go:495.2,496.26 2 1
github.com/luxfi/precompile/dex/liquid.go:496.26,498.3 1 0
github.com/luxfi/precompile/dex/liquid.go:500.2,500.18 1 1
github.com/luxfi/precompile/dex/liquid.go:508.12,513.13 4 1
github.com/luxfi/precompile/dex/liquid.go:513.13,515.3 1 0
github.com/luxfi/precompile/dex/liquid.go:517.2,519.54 3 1
github.com/luxfi/precompile/dex/liquid.go:519.54,521.3 1 0
github.com/luxfi/precompile/dex/liquid.go:523.2,524.33 2 1
github.com/luxfi/precompile/dex/liquid.go:524.33,526.3 1 0
github.com/luxfi/precompile/dex/liquid.go:529.2,532.12 3 1
github.com/luxfi/precompile/dex/liquid.go:540.10,545.45 4 1
github.com/luxfi/precompile/dex/liquid.go:545.45,547.3 1 0
github.com/luxfi/precompile/dex/liquid.go:549.2,551.48 3 1
github.com/luxfi/precompile/dex/liquid.go:551.48,553.3 1 0
github.com/luxfi/precompile/dex/liquid.go:556.2,559.31 3 1
github.com/luxfi/precompile/dex/liquid.go:559.31,561.3 1 0
github.com/luxfi/precompile/dex/liquid.go:564.2,565.31 2 1
github.com/luxfi/precompile/dex/liquid.go:565.31,567.3 1 0
github.com/luxfi/precompile/dex/liquid.go:569.2,570.24 2 1
github.com/luxfi/precompile/dex/liquid.go:578.70,584.2 3 1
github.com/luxfi/precompile/dex/liquid.go:587.72,591.2 3 1
github.com/luxfi/precompile/dex/liquid.go:594.96,599.2 1 1
github.com/luxfi/precompile/dex/liquid.go:602.58,607.34 3 1
github.com/luxfi/precompile/dex/liquid.go:607.34,609.3 1 1
github.com/luxfi/precompile/dex/liquid.go:610.2,610.58 1 0
github.com/luxfi/precompile/dex/liquid.go:617.75,618.36 1 1
github.com/luxfi/precompile/dex/liquid.go:618.36,620.3 1 1
github.com/luxfi/precompile/dex/liquid.go:623.2,625.29 3 1
github.com/luxfi/precompile/dex/liquid.go:625.29,627.3 1 1
github.com/luxfi/precompile/dex/liquid.go:630.2,636.12 3 0
github.com/luxfi/precompile/dex/liquid.go:639.81,650.2 8 1
github.com/luxfi/precompile/dex/liquid.go:652.66,655.2 1 1
github.com/luxfi/precompile/dex/liquid.go:657.68,660.2 1 1
github.com/luxfi/precompile/dex/liquid.go:663.108,668.2 3 1
github.com/luxfi/precompile/dex/liquid.go:670.112,672.2 1 1
github.com/luxfi/precompile/dex/liquid.go:674.107,678.2 2 1
github.com/luxfi/precompile/dex/liquid.go:680.109,684.2 2 1
github.com/luxfi/precompile/dex/liquidation.go:76.58,82.2 1 1
github.com/luxfi/precompile/dex/liquidation.go:85.50,93.2 1 1
github.com/luxfi/precompile/dex/liquidation.go:100.65,104.57 3 0
github.com/luxfi/precompile/dex/liquidation.go:104.57,106.3 1 0
github.com/luxfi/precompile/dex/liquidation.go:108.2,109.12 2 0
github.com/luxfi/precompile/dex/liquidation.go:113.57,117.40 3 0
github.com/luxfi/precompile/dex/liquidation.go:117.40,119.3 1 0
github.com/luxfi/precompile/dex/liquidation.go:121.2,122.12 2 0
github.com/luxfi/precompile/dex/liquidation.go:137.31,143.20 4 0
github.com/luxfi/precompile/dex/liquidation.go:143.20,145.3 1 0
github.com/luxfi/precompile/dex/liquidation.go:148.2,149.58 2 0
github.com/luxfi/precompile/dex/liquidation.go:149.58,151.3 1 0
github.com/luxfi/precompile/dex/liquidation.go:154.2,155.58 2 0
github.com/luxfi/precompile/dex/liquidation.go:155.58,157.3 1 0
github.com/luxfi/precompile/dex/liquidation.go:160.2,164.48 3 0
github.com/luxfi/precompile/dex/liquidation.go:164.48,166.3 1 0
github.com/luxfi/precompile/dex/liquidation.go:169.2,169.56 1 0
github.com/luxfi/precompile/dex/liquidation.go:169.56,171.3 1 0
github.com/luxfi/precompile/dex/liquidation.go:174.2,181.44 4 0
github.com/luxfi/precompile/dex/liquidation.go:181.44,187.3 4 0
github.com/luxfi/precompile/dex/liquidation.go:190.2,199.16 2 0
github.com/luxfi/precompile/dex/liquidation.go:199.16,201.3 1 0
github.com/luxfi/precompile/dex/liquidation.go:204.2,214.50 2 0
github.com/luxfi/precompile/dex/liquidation.go:224.31,225.39 1 0
github.com/luxfi/precompile/dex/liquidation.go:225.39,227.3 1 0
github.com/luxfi/precompile/dex/liquidation.go:239.2,239.71 1 0
github.com/luxfi/precompile/dex/liquidation.go:251.12,256.20 4 1
github.com/luxfi/precompile/dex/liquidation.go:256.20,258.3 1 0
github.com/luxfi/precompile/dex/liquidation.go:260.2,261.58 2 1
github.com/luxfi/precompile/dex/liquidation.go:261.58,263.3 1 0
github.com/luxfi/precompile/dex/liquidation.go:265.2,266.58 2 1
github.com/luxfi/precompile/dex/liquidation.go:266.58,268.3 1 1
github.com/luxfi/precompile/dex/liquidation.go:270.2,270.54 1 0
github.com/luxfi/precompile/dex/liquidation.go:279.12,284.20 4 0
github.com/luxfi/precompile/dex/liquidation.go:284.20,286.3 1 0
github.com/luxfi/precompile/dex/liquidation.go:288.2,289.14 2 0
github.com/luxfi/precompile/dex/liquidation.go:297.8,303.2 4 1
github.com/luxfi/precompile/dex/liquidation.go:306.75,310.47 3 0
github.com/luxfi/precompile/dex/liquidation.go:310.47,312.3 1 0
github.com/luxfi/precompile/dex/liquidation.go:315.2,319.15 4 0
github.com/luxfi/precompile/dex/liquidation.go:323.52,327.2 3 0
github.com/luxfi/precompile/dex/liquidation.go:334.101,339.2 3 0
github.com/luxfi/precompile/dex/liquidation.go:342.110,350.2 4 0
github.com/luxfi/precompile/dex/liquidation.go:361.9,370.29 6 0
github.com/luxfi/precompile/dex/liquidation.go:370.29,372.3 1 0
github.com/luxfi/precompile/dex/liquidation.go:376.2,380.58 3 0
github.com/luxfi/precompile/dex/liquidation.go:380.58,382.3 1 0
github.com/luxfi/precompile/dex/liquidation.go:385.2,387.46 3 0
github.com/luxfi/precompile/dex/liquidation.go:387.46,389.3 1 0
github.com/luxfi/precompile/dex/liquidation.go:392.2,413.12 13 0
github.com/luxfi/precompile/dex/liquidation.go:432.69,437.33 4 0
github.com/luxfi/precompile/dex/liquidation.go:437.33,446.17 2 0
github.com/luxfi/precompile/dex/liquidation.go:446.17,448.12 2 0
github.com/luxfi/precompile/dex/liquidation.go:451.3,452.69 2 0
github.com/luxfi/precompile/dex/liquidation.go:455.2,455.55 1 0
github.com/luxfi/precompile/dex/liquidation.go:463.28,469.31 4 0
github.com/luxfi/precompile/dex/liquidation.go:469.31,471.21 2 0
github.com/luxfi/precompile/dex/liquidation.go:471.21,472.12 1 0
github.com/luxfi/precompile/dex/liquidation.go:476.3,476.54 1 0
github.com/luxfi/precompile/dex/liquidation.go:476.54,477.41 1 0
github.com/luxfi/precompile/dex/liquidation.go:477.41,478.13 1 0
github.com/luxfi/precompile/dex/liquidation.go:483.4,489.59 2 0
github.com/luxfi/precompile/dex/liquidation.go:489.59,497.5 3 0
github.com/luxfi/precompile/dex/liquidation.go:501.2,501.16 1 0
github.com/luxfi/precompile/dex/liquidity_amounts.go:18.86,20.18 2 0
github.com/luxfi/precompile/dex/liquidity_amounts.go:20.18,22.3 1 0
github.com/luxfi/precompile/dex/liquidity_amounts.go:24.2,26.22 3 0
github.com/luxfi/precompile/dex/liquidity_amounts.go:26.22,28.3 1 0
github.com/luxfi/precompile/dex/liquidity_amounts.go:29.2,29.44 1 0
github.com/luxfi/precompile/dex/liquidity_amounts.go:36.86,38.18 2 0
github.com/luxfi/precompile/dex/liquidity_amounts.go:38.18,40.3 1 0
github.com/luxfi/precompile/dex/liquidity_amounts.go:42.2,43.22 2 0
github.com/luxfi/precompile/dex/liquidity_amounts.go:43.22,45.3 1 0
github.com/luxfi/precompile/dex/liquidity_amounts.go:46.2,46.35 1 0
github.com/luxfi/precompile/dex/liquidity_amounts.go:57.12,59.18 2 0
github.com/luxfi/precompile/dex/liquidity_amounts.go:59.18,61.3 1 0
github.com/luxfi/precompile/dex/liquidity_amounts.go:63.2,63.30 1 0
github.com/luxfi/precompile/dex/liquidity_amounts.go:63.30,66.3 1 0
github.com/luxfi/precompile/dex/liquidity_amounts.go:67.2,67.30 1 0
github.com/luxfi/precompile/dex/liquidity_amounts.go:67.30,70.3 1 0
github.com/luxfi/precompile/dex/liquidity_amounts.go:72.2,74.24 3 0
github.com/luxfi/precompile/dex/liquidity_amounts.go:74.24,76.3 1 0
github.com/luxfi/precompile/dex/liquidity_amounts.go:77.2,77.13 1 0
github.com/luxfi/precompile/dex/liquidity_amounts.go:82.88,84.2 1 0
github.com/luxfi/precompile/dex/liquidity_amounts.go:88.88,90.2 1 0
github.com/luxfi/precompile/dex/liquidity_amounts.go:96.31,98.18 2 0
github.com/luxfi/precompile/dex/liquidity_amounts.go:98.18,100.3 1 0
github.com/luxfi/precompile/dex/liquidity_amounts.go:102.2,102.30 1 0
github.com/luxfi/precompile/dex/liquidity_amounts.go:102.30,106.3 2 0
github.com/luxfi/precompile/dex/liquidity_amounts.go:106.8,106.37 1 0
github.com/luxfi/precompile/dex/liquidity_amounts.go:106.37,110.3 2 0
github.com/luxfi/precompile/dex/liquidity_amounts.go:110.8,114.3 2 0
github.com/luxfi/precompile/dex/liquidity_amounts.go:115.2,115.8 1 0
github.com/luxfi/precompile/dex/margin.go:94.38,102.2 1 0
github.com/luxfi/precompile/dex/margin.go:105.116,109.45 3 0
github.com/luxfi/precompile/dex/margin.go:109.45,111.3 1 0
github.com/luxfi/precompile/dex/margin.go:113.2,114.21 2 0
github.com/luxfi/precompile/dex/margin.go:115.19,116.35 1 0
github.com/luxfi/precompile/dex/margin.go:117.22,118.36 1 0
github.com/luxfi/precompile/dex/margin.go:119.23,120.37 1 0
github.com/luxfi/precompile/dex/margin.go:123.2,136.21 3 0
github.com/luxfi/precompile/dex/margin.go:140.110,145.20 4 0
github.com/luxfi/precompile/dex/margin.go:145.20,147.3 1 0
github.com/luxfi/precompile/dex/margin.go:150.2,151.35 2 0
github.com/luxfi/precompile/dex/margin.go:151.35,153.3 1 0
github.com/luxfi/precompile/dex/margin.go:156.2,156.38 1 0
github.com/luxfi/precompile/dex/margin.go:156.38,158.3 1 0
github.com/luxfi/precompile/dex/margin.go:159.2,162.38 2 0
github.com/luxfi/precompile/dex/margin.go:162.38,164.3 1 0
github.com/luxfi/precompile/dex/margin.go:165.2,167.12 2 0
github.com/luxfi/precompile/dex/margin.go:171.111,176.20 4 0
github.com/luxfi/precompile/dex/margin.go:176.20,178.3 1 0
github.com/luxfi/precompile/dex/margin.go:180.2,181.53 2 0
github.com/luxfi/precompile/dex/margin.go:181.53,183.3 1 0
github.com/luxfi/precompile/dex/margin.go:186.2,187.68 2 0
github.com/luxfi/precompile/dex/margin.go:187.68,189.3 1 0
github.com/luxfi/precompile/dex/margin.go:191.2,194.12 3 0
github.com/luxfi/precompile/dex/margin.go:206.28,211.20 4 0
github.com/luxfi/precompile/dex/margin.go:211.20,213.3 1 0
github.com/luxfi/precompile/dex/margin.go:216.2,216.36 1 0
github.com/luxfi/precompile/dex/margin.go:216.36,218.3 1 0
github.com/luxfi/precompile/dex/margin.go:221.2,229.57 5 0
github.com/luxfi/precompile/dex/margin.go:229.58,231.3 0 0
github.com/luxfi/precompile/dex/margin.go:231.8,234.41 2 0
github.com/luxfi/precompile/dex/margin.go:234.41,236.4 1 0
github.com/luxfi/precompile/dex/margin.go:240.2,258.21 4 0
github.com/luxfi/precompile/dex/margin.go:258.21,260.28 1 0
github.com/luxfi/precompile/dex/margin.go:260.28,263.4 1 0
github.com/luxfi/precompile/dex/margin.go:263.9,266.4 1 0
github.com/luxfi/precompile/dex/margin.go:269.2,270.22 2 0
github.com/luxfi/precompile/dex/margin.go:279.21,284.20 4 0
github.com/luxfi/precompile/dex/margin.go:284.20,286.3 1 0
github.com/luxfi/precompile/dex/margin.go:288.2,289.21 2 0
github.com/luxfi/precompile/dex/margin.go:289.21,291.3 1 0
github.com/luxfi/precompile/dex/margin.go:294.2,297.41 2 0
github.com/luxfi/precompile/dex/margin.go:297.41,300.3 1 0
github.com/luxfi/precompile/dex/margin.go:300.8,311.3 7 0
github.com/luxfi/precompile/dex/margin.go:313.2,313.17 1 0
github.com/luxfi/precompile/dex/margin.go:321.9,326.20 4 0
github.com/luxfi/precompile/dex/margin.go:326.20,328.3 1 0
github.com/luxfi/precompile/dex/margin.go:330.2,331.21 2 0
github.com/luxfi/precompile/dex/margin.go:331.21,333.3 1 0
github.com/luxfi/precompile/dex/margin.go:335.2,335.26 1 0
github.com/luxfi/precompile/dex/margin.go:335.26,337.3 1 0
github.com/luxfi/precompile/dex/margin.go:339.2,340.27 2 0
github.com/luxfi/precompile/dex/margin.go:340.27,342.3 1 0
github.com/luxfi/precompile/dex/margin.go:345.2,345.28 1 0
github.com/luxfi/precompile/dex/margin.go:345.28,351.57 4 0
github.com/luxfi/precompile/dex/margin.go:351.57,353.4 1 0
github.com/luxfi/precompile/dex/margin.go:356.2,363.12 3 0
github.com/luxfi/precompile/dex/margin.go:367.104,372.20 4 0
github.com/luxfi/precompile/dex/margin.go:372.20,374.3 1 0
github.com/luxfi/precompile/dex/margin.go:376.2,377.21 2 0
github.com/luxfi/precompile/dex/margin.go:377.21,379.3 1 0
github.com/luxfi/precompile/dex/margin.go:381.2,382.12 2 0
github.com/luxfi/precompile/dex/margin.go:386.112,391.20 4 0
github.com/luxfi/precompile/dex/margin.go:391.20,393.3 1 0
github.com/luxfi/precompile/dex/margin.go:395.2,396.21 2 0
github.com/luxfi/precompile/dex/margin.go:396.21,398.3 1 0
github.com/luxfi/precompile/dex/margin.go:400.2,401.12 2 0
github.com/luxfi/precompile/dex/margin.go:410.21,415.20 4 0
github.com/luxfi/precompile/dex/margin.go:415.20,417.3 1 0
github.com/luxfi/precompile/dex/margin.go:419.2,420.21 2 0
github.com/luxfi/precompile/dex/margin.go:420.21,422.3 1 0
github.com/luxfi/precompile/dex/margin.go:425.2,425.83 1 0
github.com/luxfi/precompile/dex/margin.go:425.83,427.3 1 0
github.com/luxfi/precompile/dex/margin.go:430.2,447.40 10 0
github.com/luxfi/precompile/dex/margin.go:447.40,449.33 1 0
github.com/luxfi/precompile/dex/margin.go:449.33,453.4 2 0
github.com/luxfi/precompile/dex/margin.go:453.9,456.42 2 0
github.com/luxfi/precompile/dex/margin.go:456.42,458.5 1 0
github.com/luxfi/precompile/dex/margin.go:459.4,460.32 2 0
github.com/luxfi/precompile/dex/margin.go:465.2,470.30 3 0
github.com/luxfi/precompile/dex/margin.go:474.82,479.20 4 0
github.com/luxfi/precompile/dex/margin.go:479.20,481.3 1 0
github.com/luxfi/precompile/dex/margin.go:483.2,486.40 3 0
github.com/luxfi/precompile/dex/margin.go:486.40,488.3 1 0
github.com/luxfi/precompile/dex/margin.go:491.2,494.20 3 0
github.com/luxfi/precompile/dex/margin.go:499.78,503.2 3 0
github.com/luxfi/precompile/dex/margin.go:505.79,509.40 2 0
github.com/luxfi/precompile/dex/margin.go:509.40,511.3 1 0
github.com/luxfi/precompile/dex/margin.go:513.2,513.15 1 0
github.com/luxfi/precompile/dex/margin.go:516.78,518.40 2 0
github.com/luxfi/precompile/dex/margin.go:518.40,520.3 1 0
github.com/luxfi/precompile/dex/margin.go:521.2,521.13 1 0
github.com/luxfi/precompile/dex/margin.go:524.90,526.40 2 0
github.com/luxfi/precompile/dex/margin.go:526.40,533.3 5 0
github.com/luxfi/precompile/dex/margin.go:534.2,534.14 1 0
github.com/luxfi/precompile/dex/margin.go:542.12,550.18 4 0
github.com/luxfi/precompile/dex/margin.go:550.18,554.3 2 0
github.com/luxfi/precompile/dex/margin.go:554.8,558.3 2 0
github.com/luxfi/precompile/dex/margin.go:560.2,563.17 3 0
github.com/luxfi/precompile/dex/margin.go:566.111,571.28 4 0
github.com/luxfi/precompile/dex/margin.go:571.28,573.3 1 0
github.com/luxfi/precompile/dex/margin.go:575.2,575.12 1 0
github.com/luxfi/precompile/dex/margin.go:578.128,593.2 7 0
github.com/luxfi/precompile/dex/margin.go:595.124,598.2 1 0
github.com/luxfi/precompile/dex/margin.go:600.143,614.32 10 0
github.com/luxfi/precompile/dex/margin.go:614.32,616.3 1 0
github.com/luxfi/precompile/dex/margin.go:619.2,623.22 2 0
github.com/luxfi/precompile/dex/margin.go:626.147,628.43 1 0
github.com/luxfi/precompile/dex/margin.go:628.43,634.32 4 0
github.com/luxfi/precompile/dex/margin.go:634.32,637.4 2 0
github.com/luxfi/precompile/dex/margin.go:638.3,638.23 1 0
github.com/luxfi/precompile/dex/margin.go:642.2,663.21 6 0
github.com/luxfi/precompile/dex/module.go:88.33,91.2 2 1
github.com/luxfi/precompile/dex/module.go:95.13,97.62 1 1
github.com/luxfi/precompile/dex/module.go:97.62,99.18 2 1
github.com/luxfi/precompile/dex/module.go:99.18,100.97 1 0
github.com/luxfi/precompile/dex/module.go:103.2,118.55 13 1
github.com/luxfi/precompile/dex/module.go:118.55,119.13 1 0
github.com/luxfi/precompile/dex/module.go:123.59,125.2 1 0
github.com/luxfi/precompile/dex/module.go:132.9,134.9 2 0
github.com/luxfi/precompile/dex/module.go:134.9,136.3 1 0
github.com/luxfi/precompile/dex/module.go:140.2,140.56 1 0
github.com/luxfi/precompile/dex/module.go:140.56,143.3 1 0
github.com/luxfi/precompile/dex/module.go:144.2,146.12 2 0
github.com/luxfi/precompile/dex/module.go:158.31,160.2 1 0
github.com/luxfi/precompile/dex/module.go:162.38,164.2 1 0
github.com/luxfi/precompile/dex/module.go:166.36,168.2 1 0
github.com/luxfi/precompile/dex/module.go:170.58,172.9 2 0
github.com/luxfi/precompile/dex/module.go:172.9,174.3 1 0
github.com/luxfi/precompile/dex/module.go:175.2,179.37 1 0
github.com/luxfi/precompile/dex/module.go:182.73,184.2 1 0
github.com/luxfi/precompile/dex/module.go:199.48,200.20 1 1
github.com/luxfi/precompile/dex/module.go:200.20,202.3 1 0
github.com/luxfi/precompile/dex/module.go:204.2,204.46 1 1
github.com/luxfi/precompile/dex/module.go:204.46,206.3 1 1
github.com/luxfi/precompile/dex/module.go:208.2,211.18 3 1
github.com/luxfi/precompile/dex/module.go:212.26,213.79 1 1
github.com/luxfi/precompile/dex/module.go:214.20,215.73 1 0
github.com/luxfi/precompile/dex/module.go:216.31,217.84 1 0
github.com/luxfi/precompile/dex/module.go:218.22,219.75 1 0
github.com/luxfi/precompile/dex/module.go:220.22,221.75 1 0
github.com/luxfi/precompile/dex/module.go:222.20,223.73 1 0
github.com/luxfi/precompile/dex/module.go:224.41,225.75 1 0
github.com/luxfi/precompile/dex/module.go:226.20,227.73 1 0
github.com/luxfi/precompile/dex/module.go:228.24,229.59 1 1
github.com/luxfi/precompile/dex/module.go:230.29,231.64 1 1
github.com/luxfi/precompile/dex/module.go:232.24,233.71 1 0
github.com/luxfi/precompile/dex/module.go:234.25,235.72 1 0
github.com/luxfi/precompile/dex/module.go:236.25,237.78 1 0
github.com/luxfi/precompile/dex/module.go:238.26,239.79 1 0
github.com/luxfi/precompile/dex/module.go:240.26,241.79 1 0
github.com/luxfi/precompile/dex/module.go:242.10,243.83 1 0
github.com/luxfi/precompile/dex/module.go:253.27,254.14 1 1
github.com/luxfi/precompile/dex/module.go:254.14,256.3 1 0
github.com/luxfi/precompile/dex/module.go:258.2,258.33 1 1
github.com/luxfi/precompile/dex/module.go:258.33,260.3 1 0
github.com/luxfi/precompile/dex/module.go:263.2,263.22 1 1
github.com/luxfi/precompile/dex/module.go:263.22,265.3 1 0
github.com/luxfi/precompile/dex/module.go:267.2,268.16 2 1
github.com/luxfi/precompile/dex/module.go:268.16,270.3 1 0
github.com/luxfi/precompile/dex/module.go:272.2,274.22 3 1
github.com/luxfi/precompile/dex/module.go:274.22,276.3 1 0
github.com/luxfi/precompile/dex/module.go:279.2,281.16 3 1
github.com/luxfi/precompile/dex/module.go:281.16,283.3 1 0
github.com/luxfi/precompile/dex/module.go:287.2,288.49 2 1
github.com/luxfi/precompile/dex/module.go:297.27,298.14 1 0
github.com/luxfi/precompile/dex/module.go:298.14,300.3 1 0
github.com/luxfi/precompile/dex/module.go:302.2,302.27 1 0
github.com/luxfi/precompile/dex/module.go:302.27,304.3 1 0
github.com/luxfi/precompile/dex/module.go:307.2,308.16 2 0
github.com/luxfi/precompile/dex/module.go:308.16,310.3 1 0
github.com/luxfi/precompile/dex/module.go:312.2,315.16 3 0
github.com/luxfi/precompile/dex/module.go:315.16,317.3 1 0
github.com/luxfi/precompile/dex/module.go:320.2,320.83 1 0
github.com/luxfi/precompile/dex/module.go:320.83,322.3 1 0
github.com/luxfi/precompile/dex/module.go:325.2,326.43 2 0
github.com/luxfi/precompile/dex/module.go:335.27,336.14 1 0
github.com/luxfi/precompile/dex/module.go:336.14,338.3 1 0
github.com/luxfi/precompile/dex/module.go:340.2,340.35 1 0
github.com/luxfi/precompile/dex/module.go:340.35,342.3 1 0
github.com/luxfi/precompile/dex/module.go:344.2,345.16 2 0
github.com/luxfi/precompile/dex/module.go:345.16,347.3 1 0
github.com/luxfi/precompile/dex/module.go:349.2,352.16 3 0
github.com/luxfi/precompile/dex/module.go:352.16,354.3 1 0
github.com/luxfi/precompile/dex/module.go:357.2,357.83 1 0
github.com/luxfi/precompile/dex/module.go:357.83,359.3 1 0
github.com/luxfi/precompile/dex/module.go:362.2,365.51 4 0
github.com/luxfi/precompile/dex/module.go:374.27,376.2 1 0
github.com/luxfi/precompile/dex/module.go:384.27,386.2 1 0
github.com/luxfi/precompile/dex/module.go:394.27,398.2 1 0
github.com/luxfi/precompile/dex/module.go:406.27,407.14 1 0
github.com/luxfi/precompile/dex/module.go:407.14,409.3 1 0
github.com/luxfi/precompile/dex/module.go:411.2,412.27 2 0
github.com/luxfi/precompile/dex/module.go:412.27,414.3 1 0
github.com/luxfi/precompile/dex/module.go:417.2,417.22 1 0
github.com/luxfi/precompile/dex/module.go:417.22,419.3 1 0
github.com/luxfi/precompile/dex/module.go:421.2,422.16 2 0
github.com/luxfi/precompile/dex/module.go:422.16,424.3 1 0
github.com/luxfi/precompile/dex/module.go:426.2,432.22 5 0
github.com/luxfi/precompile/dex/module.go:432.22,436.3 1 0
github.com/luxfi/precompile/dex/module.go:437.2,438.16 2 0
github.com/luxfi/precompile/dex/module.go:438.16,440.3 1 0
github.com/luxfi/precompile/dex/module.go:442.2,443.43 2 0
github.com/luxfi/precompile/dex/module.go:452.27,456.2 1 0
github.com/luxfi/precompile/dex/module.go:462.27,463.33 1 0
github.com/luxfi/precompile/dex/module.go:463.33,465.3 1 0
github.com/luxfi/precompile/dex/module.go:467.2,468.16 2 0
github.com/luxfi/precompile/dex/module.go:468.16,470.3 1 0
github.com/luxfi/precompile/dex/module.go:472.2,475.27 4 0
github.com/luxfi/precompile/dex/module.go:475.27,477.3 1 0
github.com/luxfi/precompile/dex/module.go:480.2,481.49 2 0
github.com/luxfi/precompile/dex/module.go:488.27,489.33 1 0
github.com/luxfi/precompile/dex/module.go:489.33,491.3 1 0
github.com/luxfi/precompile/dex/module.go:495.2,496.49 2 0
github.com/luxfi/precompile/dex/module.go:507.27,508.33 1 1
github.com/luxfi/precompile/dex/module.go:508.33,510.3 1 0
github.com/luxfi/precompile/dex/module.go:512.2,512.21 1 1
github.com/luxfi/precompile/dex/module.go:512.21,514.3 1 1
github.com/luxfi/precompile/dex/module.go:516.2,519.56 3 1
github.com/luxfi/precompile/dex/module.go:530.27,531.33 1 1
github.com/luxfi/precompile/dex/module.go:531.33,533.3 1 0
github.com/luxfi/precompile/dex/module.go:536.2,536.21 1 1
github.com/luxfi/precompile/dex/module.go:536.21,538.3 1 0
github.com/luxfi/precompile/dex/module.go:540.2,542.29 3 1
github.com/luxfi/precompile/dex/module.go:542.29,544.3 1 1
github.com/luxfi/precompile/dex/module.go:545.2,546.47 2 1
github.com/luxfi/precompile/dex/module.go:546.47,548.3 1 1
github.com/luxfi/precompile/dex/module.go:550.2,551.28 2 1
github.com/luxfi/precompile/dex/module.go:551.28,553.3 1 0
github.com/luxfi/precompile/dex/module.go:554.2,556.30 3 1
github.com/luxfi/precompile/dex/module.go:556.30,558.3 1 1
github.com/luxfi/precompile/dex/module.go:559.2,561.74 2 1
github.com/luxfi/precompile/dex/module.go:561.74,563.3 1 0
github.com/luxfi/precompile/dex/module.go:566.2,567.28 2 1
github.com/luxfi/precompile/dex/module.go:567.28,569.3 1 0
github.com/luxfi/precompile/dex/module.go:572.2,579.23 5 1
github.com/luxfi/precompile/dex/module.go:579.23,584.3 4 1
github.com/luxfi/precompile/dex/module.go:586.2,586.44 1 1
github.com/luxfi/precompile/dex/module.go:596.27,597.14 1 0
github.com/luxfi/precompile/dex/module.go:597.14,599.3 1 0
github.com/luxfi/precompile/dex/module.go:600.2,600.28 1 0
github.com/luxfi/precompile/dex/module.go:600.28,602.3 1 0
github.com/luxfi/precompile/dex/module.go:603.2,604.69 2 0
github.com/luxfi/precompile/dex/module.go:604.69,606.3 1 0
github.com/luxfi/precompile/dex/module.go:607.2,607.41 1 0
github.com/luxfi/precompile/dex/module.go:615.27,616.14 1 0
github.com/luxfi/precompile/dex/module.go:616.14,618.3 1 0
github.com/luxfi/precompile/dex/module.go:619.2,619.28 1 0
github.com/luxfi/precompile/dex/module.go:619.28,621.3 1 0
github.com/luxfi/precompile/dex/module.go:622.2,623.70 2 0
github.com/luxfi/precompile/dex/module.go:623.70,625.3 1 0
github.com/luxfi/precompile/dex/module.go:626.2,626.41 1 0
github.com/luxfi/precompile/dex/module.go:635.27,636.14 1 0
github.com/luxfi/precompile/dex/module.go:636.14,638.3 1 0
github.com/luxfi/precompile/dex/module.go:639.2,639.28 1 0
github.com/luxfi/precompile/dex/module.go:639.28,641.3 1 0
github.com/luxfi/precompile/dex/module.go:642.2,642.21 1 0
github.com/luxfi/precompile/dex/module.go:642.21,644.3 1 0
github.com/luxfi/precompile/dex/module.go:645.2,648.78 4 0
github.com/luxfi/precompile/dex/module.go:648.78,650.3 1 0
github.com/luxfi/precompile/dex/module.go:651.2,651.41 1 0
github.com/luxfi/precompile/dex/module.go:660.27,661.14 1 0
github.com/luxfi/precompile/dex/module.go:661.14,663.3 1 0
github.com/luxfi/precompile/dex/module.go:664.2,664.28 1 0
github.com/luxfi/precompile/dex/module.go:664.28,666.3 1 0
github.com/luxfi/precompile/dex/module.go:667.2,667.21 1 0
github.com/luxfi/precompile/dex/module.go:667.21,669.3 1 0
github.com/luxfi/precompile/dex/module.go:670.2,673.79 4 0
github.com/luxfi/precompile/dex/module.go:673.79,675.3 1 0
github.com/luxfi/precompile/dex/module.go:676.2,676.41 1 0
github.com/luxfi/precompile/dex/module.go:685.27,686.14 1 0
github.com/luxfi/precompile/dex/module.go:686.14,688.3 1 0
github.com/luxfi/precompile/dex/module.go:689.2,689.28 1 0
github.com/luxfi/precompile/dex/module.go:689.28,691.3 1 0
github.com/luxfi/precompile/dex/module.go:692.2,692.21 1 0
github.com/luxfi/precompile/dex/module.go:692.21,694.3 1 0
github.com/luxfi/precompile/dex/module.go:695.2,698.79 4 0
github.com/luxfi/precompile/dex/module.go:698.79,700.3 1 0
github.com/luxfi/precompile/dex/module.go:701.2,701.41 1 0
github.com/luxfi/precompile/dex/module.go:705.56,706.20 1 0
github.com/luxfi/precompile/dex/module.go:706.20,708.3 1 0
github.com/luxfi/precompile/dex/module.go:710.2,711.18 2 0
github.com/luxfi/precompile/dex/module.go:712.26,713.23 1 0
github.com/luxfi/precompile/dex/module.go:714.36,715.17 1 0
github.com/luxfi/precompile/dex/module.go:716.31,717.25 1 0
github.com/luxfi/precompile/dex/module.go:718.20,719.26 1 0
github.com/luxfi/precompile/dex/module.go:720.41,721.23 1 0
github.com/luxfi/precompile/dex/module.go:722.22,723.22 1 0
github.com/luxfi/precompile/dex/module.go:724.20,725.23 1 0
github.com/luxfi/precompile/dex/module.go:726.47,727.23 1 0
github.com/luxfi/precompile/dex/module.go:728.102,729.18 1 0
github.com/luxfi/precompile/dex/module.go:730.10,731.17 1 0
github.com/luxfi/precompile/dex/module.go:743.87,745.2 1 1
github.com/luxfi/precompile/dex/module.go:747.94,749.2 1 1
github.com/luxfi/precompile/dex/module.go:751.73,753.2 1 0
github.com/luxfi/precompile/dex/module.go:755.81,757.2 1 0
github.com/luxfi/precompile/dex/module.go:759.81,761.2 1 0
github.com/luxfi/precompile/dex/module.go:763.60,765.2 1 0
github.com/luxfi/precompile/dex/module.go:767.63,769.2 1 0
github.com/luxfi/precompile/dex/module.go:771.52,773.2 1 0
github.com/luxfi/precompile/dex/module.go:775.54,777.2 1 1
github.com/luxfi/precompile/dex/module.go:781.35,787.2 5 1
github.com/luxfi/precompile/dex/module.go:797.51,798.22 1 1
github.com/luxfi/precompile/dex/module.go:798.22,800.3 1 1
github.com/luxfi/precompile/dex/module.go:802.2,808.25 6 1
github.com/luxfi/precompile/dex/module.go:808.25,810.3 1 1
github.com/luxfi/precompile/dex/module.go:811.2,814.17 3 1
github.com/luxfi/precompile/dex/module.go:825.73,826.22 1 1
github.com/luxfi/precompile/dex/module.go:826.22,828.3 1 1
github.com/luxfi/precompile/dex/module.go:830.2,831.16 2 1
github.com/luxfi/precompile/dex/module.go:831.16,833.3 1 0
github.com/luxfi/precompile/dex/module.go:836.2,849.22 5 1
github.com/luxfi/precompile/dex/module.go:849.22,853.3 1 1
github.com/luxfi/precompile/dex/module.go:854.2,854.35 1 1
github.com/luxfi/precompile/dex/module.go:866.95,867.22 1 1
github.com/luxfi/precompile/dex/module.go:867.22,869.3 1 0
github.com/luxfi/precompile/dex/module.go:871.2,872.16 2 1
github.com/luxfi/precompile/dex/module.go:872.16,874.3 1 0
github.com/luxfi/precompile/dex/module.go:877.2,889.22 6 1
github.com/luxfi/precompile/dex/module.go:889.22,892.3 1 1
github.com/luxfi/precompile/dex/module.go:893.2,893.35 1 1
github.com/luxfi/precompile/dex/module.go:897.41,905.2 7 0
github.com/luxfi/precompile/dex/module.go:911.41,913.31 2 1
github.com/luxfi/precompile/dex/module.go:913.31,915.3 1 1
github.com/luxfi/precompile/dex/module.go:916.2,916.18 1 1
github.com/luxfi/precompile/dex/module.go:916.18,918.3 1 1
github.com/luxfi/precompile/dex/module.go:918.8,922.3 2 1
github.com/luxfi/precompile/dex/module.go:923.2,923.15 1 1
github.com/luxfi/precompile/dex/module.go:928.41,930.34 2 1
github.com/luxfi/precompile/dex/module.go:930.34,932.3 1 1
github.com/luxfi/precompile/dex/module.go:933.2,933.12 1 1
github.com/luxfi/precompile/dex/module.go:938.34,939.16 1 1
github.com/luxfi/precompile/dex/module.go:939.16,941.3 1 0
github.com/luxfi/precompile/dex/module.go:942.2,943.18 2 1
github.com/luxfi/precompile/dex/module.go:943.18,945.3 1 0
github.com/luxfi/precompile/dex/module.go:946.2,946.19 1 1
github.com/luxfi/precompile/dex/module.go:952.57,959.2 6 1
github.com/luxfi/precompile/dex/module.go:963.66,964.20 1 1
github.com/luxfi/precompile/dex/module.go:964.20,966.3 1 0
github.com/luxfi/precompile/dex/module.go:968.2,969.23 2 1
github.com/luxfi/precompile/dex/module.go:969.23,971.3 1 1
github.com/luxfi/precompile/dex/module.go:973.2,974.24 2 1
github.com/luxfi/precompile/dex/module.go:974.24,976.3 1 1
github.com/luxfi/precompile/dex/module.go:977.2,977.15 1 1
github.com/luxfi/precompile/dex/module.go:981.41,983.31 2 1
github.com/luxfi/precompile/dex/module.go:983.31,985.3 1 1
github.com/luxfi/precompile/dex/module.go:986.2,986.18 1 1
github.com/luxfi/precompile/dex/module.go:986.18,988.18 2 1
github.com/luxfi/precompile/dex/module.go:988.18,990.4 1 0
github.com/luxfi/precompile/dex/module.go:991.3,991.30 1 1
github.com/luxfi/precompile/dex/module.go:992.8,996.18 3 1
github.com/luxfi/precompile/dex/module.go:996.18,998.4 1 0
github.com/luxfi/precompile/dex/module.go:999.3,999.30 1 1
github.com/luxfi/precompile/dex/module.go:1001.2,1001.15 1 1
github.com/luxfi/precompile/dex/module.go:1017.59,1019.28 2 1
github.com/luxfi/precompile/dex/module.go:1019.28,1021.3 1 0
github.com/luxfi/precompile/dex/module.go:1024.2,1025.32 2 1
github.com/luxfi/precompile/dex/module.go:1025.32,1027.3 1 1
github.com/luxfi/precompile/dex/module.go:1028.2,1030.30 2 1
github.com/luxfi/precompile/dex/module.go:1030.30,1032.3 1 1
github.com/luxfi/precompile/dex/module.go:1034.2,1034.51 1 1
github.com/luxfi/precompile/dex/module.go:1034.51,1036.3 1 0
github.com/luxfi/precompile/dex/module.go:1038.2,1039.29 2 1
github.com/luxfi/precompile/dex/module.go:1039.29,1041.3 1 1
github.com/luxfi/precompile/dex/module.go:1042.2,1045.17 3 1
github.com/luxfi/precompile/dex/module.go:1045.17,1047.3 1 1
github.com/luxfi/precompile/dex/module.go:1048.2,1048.55 1 1
github.com/luxfi/precompile/dex/module.go:1048.55,1050.3 1 1
github.com/luxfi/precompile/dex/module.go:1051.2,1051.43 1 1
github.com/luxfi/precompile/dex/module.go:1055.43,1064.25 7 1
github.com/luxfi/precompile/dex/module.go:1064.25,1065.29 1 1
github.com/luxfi/precompile/dex/module.go:1065.29,1067.4 1 1
github.com/luxfi/precompile/dex/module.go:1069.2,1073.13 5 1
github.com/luxfi/precompile/dex/perpetuals.go:34.44,41.2 1 0
github.com/luxfi/precompile/dex/perpetuals.go:49.21,54.51 3 0
github.com/luxfi/precompile/dex/perpetuals.go:54.51,56.3 1 0
github.com/luxfi/precompile/dex/perpetuals.go:59.2,61.47 2 0
github.com/luxfi/precompile/dex/perpetuals.go:61.47,63.3 1 0
github.com/luxfi/precompile/dex/perpetuals.go:65.2,87.22 4 0
github.com/luxfi/precompile/dex/perpetuals.go:97.26,102.13 4 0
github.com/luxfi/precompile/dex/perpetuals.go:102.13,104.3 1 0
github.com/luxfi/precompile/dex/perpetuals.go:107.2,114.56 6 0
github.com/luxfi/precompile/dex/perpetuals.go:114.56,116.3 1 0
github.com/luxfi/precompile/dex/perpetuals.go:119.2,120.26 2 0
github.com/luxfi/precompile/dex/perpetuals.go:120.26,123.3 2 0
github.com/luxfi/precompile/dex/perpetuals.go:125.2,128.21 3 0
github.com/luxfi/precompile/dex/perpetuals.go:128.21,140.3 2 0
github.com/luxfi/precompile/dex/perpetuals.go:140.8,150.26 6 0
github.com/luxfi/precompile/dex/perpetuals.go:150.26,154.4 2 0
github.com/luxfi/precompile/dex/perpetuals.go:157.3,159.47 3 0
github.com/luxfi/precompile/dex/perpetuals.go:163.2,163.21 1 0
github.com/luxfi/precompile/dex/perpetuals.go:163.21,165.3 1 0
github.com/luxfi/precompile/dex/perpetuals.go:165.8,167.3 1 0
github.com/luxfi/precompile/dex/perpetuals.go:169.2,169.22 1 0
github.com/luxfi/precompile/dex/perpetuals.go:177.21,182.13 4 0
github.com/luxfi/precompile/dex/perpetuals.go:182.13,184.3 1 0
github.com/luxfi/precompile/dex/perpetuals.go:186.2,187.26 2 0
github.com/luxfi/precompile/dex/perpetuals.go:187.26,189.3 1 0
github.com/luxfi/precompile/dex/perpetuals.go:191.2,192.21 2 0
github.com/luxfi/precompile/dex/perpetuals.go:192.21,194.3 1 0
github.com/luxfi/precompile/dex/perpetuals.go:197.2,202.39 4 0
github.com/luxfi/precompile/dex/perpetuals.go:202.39,204.3 1 0
github.com/luxfi/precompile/dex/perpetuals.go:207.2,214.30 4 0
github.com/luxfi/precompile/dex/perpetuals.go:214.30,216.3 1 0
github.com/luxfi/precompile/dex/perpetuals.go:219.2,222.40 2 0
github.com/luxfi/precompile/dex/perpetuals.go:222.40,225.3 1 0
github.com/luxfi/precompile/dex/perpetuals.go:225.8,234.31 6 0
github.com/luxfi/precompile/dex/perpetuals.go:234.31,236.4 1 0
github.com/luxfi/precompile/dex/perpetuals.go:236.9,238.4 1 0
github.com/luxfi/precompile/dex/perpetuals.go:242.2,242.30 1 0
github.com/luxfi/precompile/dex/perpetuals.go:242.30,244.3 1 0
github.com/luxfi/precompile/dex/perpetuals.go:244.8,246.3 1 0
github.com/luxfi/precompile/dex/perpetuals.go:248.2,248.17 1 0
github.com/luxfi/precompile/dex/perpetuals.go:256.9,261.26 4 0
github.com/luxfi/precompile/dex/perpetuals.go:261.26,263.3 1 0
github.com/luxfi/precompile/dex/perpetuals.go:265.2,266.21 2 0
github.com/luxfi/precompile/dex/perpetuals.go:266.21,268.3 1 0
github.com/luxfi/precompile/dex/perpetuals.go:270.2,271.12 2 0
github.com/luxfi/precompile/dex/perpetuals.go:279.9,284.13 4 0
github.com/luxfi/precompile/dex/perpetuals.go:284.13,286.3 1 0
github.com/luxfi/precompile/dex/perpetuals.go:288.2,289.26 2 0
github.com/luxfi/precompile/dex/perpetuals.go:289.26,291.3 1 0
github.com/luxfi/precompile/dex/perpetuals.go:293.2,294.21 2 0
github.com/luxfi/precompile/dex/perpetuals.go:294.21,296.3 1 0
github.com/luxfi/precompile/dex/perpetuals.go:298.2,299.27 2 0
github.com/luxfi/precompile/dex/perpetuals.go:299.27,301.3 1 0
github.com/luxfi/precompile/dex/perpetuals.go:304.2,304.53 1 0
github.com/luxfi/precompile/dex/perpetuals.go:304.53,306.3 1 0
github.com/luxfi/precompile/dex/perpetuals.go:308.2,309.12 2 0
github.com/luxfi/precompile/dex/perpetuals.go:317.21,322.13 4 0
github.com/luxfi/precompile/dex/perpetuals.go:322.13,324.3 1 0
github.com/luxfi/precompile/dex/perpetuals.go:326.2,327.26 2 0
github.com/luxfi/precompile/dex/perpetuals.go:327.26,329.3 1 0
github.com/luxfi/precompile/dex/perpetuals.go:331.2,332.21 2 0
github.com/luxfi/precompile/dex/perpetuals.go:332.21,334.3 1 0
github.com/luxfi/precompile/dex/perpetuals.go:337.2,337.58 1 0
github.com/luxfi/precompile/dex/perpetuals.go:337.58,339.3 1 0
github.com/luxfi/precompile/dex/perpetuals.go:342.2,346.30 5 0
github.com/luxfi/precompile/dex/perpetuals.go:346.30,348.3 1 0
github.com/luxfi/precompile/dex/perpetuals.go:351.2,358.37 5 0
github.com/luxfi/precompile/dex/perpetuals.go:358.37,361.45 2 0
github.com/luxfi/precompile/dex/perpetuals.go:361.45,363.4 1 0
github.com/luxfi/precompile/dex/perpetuals.go:363.9,366.4 1 0
github.com/luxfi/precompile/dex/perpetuals.go:370.2,370.30 1 0
github.com/luxfi/precompile/dex/perpetuals.go:370.30,372.3 1 0
github.com/luxfi/precompile/dex/perpetuals.go:372.8,374.3 1 0
github.com/luxfi/precompile/dex/perpetuals.go:377.2,379.20 2 0
github.com/luxfi/precompile/dex/perpetuals.go:383.67,388.13 4 0
github.com/luxfi/precompile/dex/perpetuals.go:388.13,390.3 1 0
github.com/luxfi/precompile/dex/perpetuals.go:392.2,396.70 3 0
github.com/luxfi/precompile/dex/perpetuals.go:396.70,398.3 1 0
github.com/luxfi/precompile/dex/perpetuals.go:401.2,423.34 14 0
github.com/luxfi/precompile/dex/perpetuals.go:423.34,425.3 1 0
github.com/luxfi/precompile/dex/perpetuals.go:425.8,425.41 1 0
github.com/luxfi/precompile/dex/perpetuals.go:425.41,427.3 1 0
github.com/luxfi/precompile/dex/perpetuals.go:429.2,439.12 7 0
github.com/luxfi/precompile/dex/perpetuals.go:443.80,448.13 4 0
github.com/luxfi/precompile/dex/perpetuals.go:448.13,450.3 1 0
github.com/luxfi/precompile/dex/perpetuals.go:452.2,452.50 1 0
github.com/luxfi/precompile/dex/perpetuals.go:456.104,461.26 4 0
github.com/luxfi/precompile/dex/perpetuals.go:461.26,463.3 1 0
github.com/luxfi/precompile/dex/perpetuals.go:465.2,466.21 2 0
github.com/luxfi/precompile/dex/perpetuals.go:466.21,468.3 1 0
github.com/luxfi/precompile/dex/perpetuals.go:471.2,479.8 1 0
github.com/luxfi/precompile/dex/perpetuals.go:483.104,488.13 4 0
github.com/luxfi/precompile/dex/perpetuals.go:488.13,490.3 1 0
github.com/luxfi/precompile/dex/perpetuals.go:492.2,493.26 2 0
github.com/luxfi/precompile/dex/perpetuals.go:493.26,495.3 1 0
github.com/luxfi/precompile/dex/perpetuals.go:497.2,498.21 2 0
github.com/luxfi/precompile/dex/perpetuals.go:498.21,500.3 1 0
github.com/luxfi/precompile/dex/perpetuals.go:503.2,507.17 4 0
github.com/luxfi/precompile/dex/perpetuals.go:511.88,516.13 4 0
github.com/luxfi/precompile/dex/perpetuals.go:516.13,518.3 1 0
github.com/luxfi/precompile/dex/perpetuals.go:520.2,521.12 2 0
github.com/luxfi/precompile/dex/perpetuals.go:525.89,530.13 4 0
github.com/luxfi/precompile/dex/perpetuals.go:530.13,532.3 1 0
github.com/luxfi/precompile/dex/perpetuals.go:534.2,535.12 2 0
github.com/luxfi/precompile/dex/perpetuals.go:540.107,552.2 6 0
github.com/luxfi/precompile/dex/perpetuals.go:554.109,573.2 10 0
github.com/luxfi/precompile/dex/perpetuals.go:575.54,580.2 4 0
github.com/luxfi/precompile/dex/pool_manager.go:61.75,70.2 1 1
github.com/luxfi/precompile/dex/pool_manager.go:73.60,75.9 2 0
github.com/luxfi/precompile/dex/pool_manager.go:75.9,78.3 2 0
github.com/luxfi/precompile/dex/pool_manager.go:79.2,79.11 1 0
github.com/luxfi/precompile/dex/pool_manager.go:119.52,121.41 2 1
github.com/luxfi/precompile/dex/pool_manager.go:121.41,123.3 1 1
github.com/luxfi/precompile/dex/pool_manager.go:124.2,131.3 1 1
github.com/luxfi/precompile/dex/pool_manager.go:136.115,137.41 1 1
github.com/luxfi/precompile/dex/pool_manager.go:137.41,139.3 1 1
github.com/luxfi/precompile/dex/pool_manager.go:140.2,143.11 4 1
github.com/luxfi/precompile/dex/pool_manager.go:147.86,150.2 2 1
github.com/luxfi/precompile/dex/pool_manager.go:153.59,160.2 6 1
github.com/luxfi/precompile/dex/pool_manager.go:172.18,173.59 1 1
github.com/luxfi/precompile/dex/pool_manager.go:173.59,175.3 1 1
github.com/luxfi/precompile/dex/pool_manager.go:176.2,176.22 1 1
github.com/luxfi/precompile/dex/pool_manager.go:176.22,178.3 1 0
github.com/luxfi/precompile/dex/pool_manager.go:179.2,179.78 1 1
github.com/luxfi/precompile/dex/pool_manager.go:179.78,181.3 1 1
github.com/luxfi/precompile/dex/pool_manager.go:183.2,186.26 3 1
github.com/luxfi/precompile/dex/pool_manager.go:186.26,188.3 1 1
github.com/luxfi/precompile/dex/pool_manager.go:190.2,191.16 2 1
github.com/luxfi/precompile/dex/pool_manager.go:191.16,193.3 1 0
github.com/luxfi/precompile/dex/pool_manager.go:195.2,195.37 1 1
github.com/luxfi/precompile/dex/pool_manager.go:195.37,196.108 1 1
github.com/luxfi/precompile/dex/pool_manager.go:196.108,198.4 1 0
github.com/luxfi/precompile/dex/pool_manager.go:201.2,212.37 9 1
github.com/luxfi/precompile/dex/pool_manager.go:212.37,213.107 1 1
github.com/luxfi/precompile/dex/pool_manager.go:213.107,215.4 1 0
github.com/luxfi/precompile/dex/pool_manager.go:218.2,220.18 2 1
github.com/luxfi/precompile/dex/pool_manager.go:233.80,235.21 1 1
github.com/luxfi/precompile/dex/pool_manager.go:235.21,240.3 4 1
github.com/luxfi/precompile/dex/pool_manager.go:241.2,241.15 1 1
github.com/luxfi/precompile/dex/pool_manager.go:241.15,243.3 1 1
github.com/luxfi/precompile/dex/pool_manager.go:246.2,246.41 1 1
github.com/luxfi/precompile/dex/pool_manager.go:246.41,250.3 3 1
github.com/luxfi/precompile/dex/pool_manager.go:251.2,251.27 1 1
github.com/luxfi/precompile/dex/pool_manager.go:251.27,253.3 1 1
github.com/luxfi/precompile/dex/pool_manager.go:255.2,255.41 1 1
github.com/luxfi/precompile/dex/pool_manager.go:255.41,259.3 3 1
github.com/luxfi/precompile/dex/pool_manager.go:260.2,260.27 1 1
github.com/luxfi/precompile/dex/pool_manager.go:260.27,262.3 1 1
github.com/luxfi/precompile/dex/pool_manager.go:263.2,263.12 1 1
github.com/luxfi/precompile/dex/pool_manager.go:267.40,269.2 1 1
github.com/luxfi/precompile/dex/pool_manager.go:272.59,274.2 1 1
github.com/luxfi/precompile/dex/pool_manager.go:277.59,279.2 1 1
github.com/luxfi/precompile/dex/pool_manager.go:283.79,284.40 1 1
github.com/luxfi/precompile/dex/pool_manager.go:284.40,286.3 1 1
github.com/luxfi/precompile/dex/pool_manager.go:287.2,287.15 1 1
github.com/luxfi/precompile/dex/pool_manager.go:287.15,289.3 1 1
github.com/luxfi/precompile/dex/pool_manager.go:290.2,299.12 7 1
github.com/luxfi/precompile/dex/pool_manager.go:303.80,304.40 1 1
github.com/luxfi/precompile/dex/pool_manager.go:304.40,306.3 1 1
github.com/luxfi/precompile/dex/pool_manager.go:307.2,307.16 1 1
github.com/luxfi/precompile/dex/pool_manager.go:307.16,309.3 1 1
github.com/luxfi/precompile/dex/pool_manager.go:310.2,317.12 5 1
github.com/luxfi/precompile/dex/pool_manager.go:322.97,323.40 1 1
github.com/luxfi/precompile/dex/pool_manager.go:323.40,325.3 1 1
github.com/luxfi/precompile/dex/pool_manager.go:326.2,326.27 1 1
github.com/luxfi/precompile/dex/pool_manager.go:326.27,328.3 1 1
github.com/luxfi/precompile/dex/pool_manager.go:329.2,329.27 1 1
github.com/luxfi/precompile/dex/pool_manager.go:329.27,331.3 1 1
github.com/luxfi/precompile/dex/pool_manager.go:332.2,341.12 7 1
github.com/luxfi/precompile/dex/pool_manager.go:346.98,347.40 1 1
github.com/luxfi/precompile/dex/pool_manager.go:347.40,349.3 1 1
github.com/luxfi/precompile/dex/pool_manager.go:350.2,350.27 1 1
github.com/luxfi/precompile/dex/pool_manager.go:350.27,352.3 1 1
github.com/luxfi/precompile/dex/pool_manager.go:353.2,353.28 1 1
github.com/luxfi/precompile/dex/pool_manager.go:353.28,355.3 1 1
github.com/luxfi/precompile/dex/pool_manager.go:356.2,363.12 5 1
github.com/luxfi/precompile/dex/pool_manager.go:370.98,371.40 1 1
github.com/luxfi/precompile/dex/pool_manager.go:371.40,373.3 1 1
github.com/luxfi/precompile/dex/pool_manager.go:374.2,374.27 1 1
github.com/luxfi/precompile/dex/pool_manager.go:374.27,376.3 1 1
github.com/luxfi/precompile/dex/pool_manager.go:377.2,391.12 10 1
github.com/luxfi/precompile/dex/pool_manager.go:405.25,410.60 2 1
github.com/luxfi/precompile/dex/pool_manager.go:410.60,412.3 1 1
github.com/luxfi/precompile/dex/pool_manager.go:414.2,416.30 2 1
github.com/luxfi/precompile/dex/pool_manager.go:416.30,418.3 1 1
github.com/luxfi/precompile/dex/pool_manager.go:420.2,420.37 1 1
github.com/luxfi/precompile/dex/pool_manager.go:420.37,421.96 1 0
github.com/luxfi/precompile/dex/pool_manager.go:421.96,423.4 1 0
github.com/luxfi/precompile/dex/pool_manager.go:426.2,427.16 2 1
github.com/luxfi/precompile/dex/pool_manager.go:427.16,429.3 1 0
github.com/luxfi/precompile/dex/pool_manager.go:431.2,433.37 2 1
github.com/luxfi/precompile/dex/pool_manager.go:433.37,434.102 1 0
github.com/luxfi/precompile/dex/pool_manager.go:434.102,436.4 1 0
github.com/luxfi/precompile/dex/pool_manager.go:439.2,441.19 2 1
github.com/luxfi/precompile/dex/pool_manager.go:451.39,452.42 1 1
github.com/luxfi/precompile/dex/pool_manager.go:452.42,454.3 1 1
github.com/luxfi/precompile/dex/pool_manager.go:455.2,455.62 1 1
github.com/luxfi/precompile/dex/pool_manager.go:455.62,457.3 1 0
github.com/luxfi/precompile/dex/pool_manager.go:459.2,462.60 2 1
github.com/luxfi/precompile/dex/pool_manager.go:462.60,464.3 1 1
github.com/luxfi/precompile/dex/pool_manager.go:466.2,468.30 2 1
github.com/luxfi/precompile/dex/pool_manager.go:468.30,470.3 1 0
github.com/luxfi/precompile/dex/pool_manager.go:472.2,473.37 2 1
github.com/luxfi/precompile/dex/pool_manager.go:473.37,475.12 2 0
github.com/luxfi/precompile/dex/pool_manager.go:475.12,477.4 1 0
github.com/luxfi/precompile/dex/pool_manager.go:477.9,479.4 1 0
github.com/luxfi/precompile/dex/pool_manager.go:480.3,480.90 1 0
github.com/luxfi/precompile/dex/pool_manager.go:480.90,482.4 1 0
github.com/luxfi/precompile/dex/pool_manager.go:485.2,486.16 2 1
github.com/luxfi/precompile/dex/pool_manager.go:486.16,488.3 1 0
github.com/luxfi/precompile/dex/pool_manager.go:490.2,491.41 2 1
github.com/luxfi/precompile/dex/pool_manager.go:491.41,494.3 2 1
github.com/luxfi/precompile/dex/pool_manager.go:496.2,498.37 2 1
github.com/luxfi/precompile/dex/pool_manager.go:498.37,500.12 2 0
github.com/luxfi/precompile/dex/pool_manager.go:500.12,502.4 1 0
github.com/luxfi/precompile/dex/pool_manager.go:502.9,504.4 1 0
github.com/luxfi/precompile/dex/pool_manager.go:505.3,505.116 1 0
github.com/luxfi/precompile/dex/pool_manager.go:505.116,507.4 1 0
github.com/luxfi/precompile/dex/pool_manager.go:510.2,512.38 2 1
github.com/luxfi/precompile/dex/pool_manager.go:523.25,527.60 2 1
github.com/luxfi/precompile/dex/pool_manager.go:527.60,529.3 1 1
github.com/luxfi/precompile/dex/pool_manager.go:531.2,533.30 2 1
github.com/luxfi/precompile/dex/pool_manager.go:533.30,535.3 1 0
github.com/luxfi/precompile/dex/pool_manager.go:537.2,538.23 2 1
github.com/luxfi/precompile/dex/pool_manager.go:538.23,540.3 1 0
github.com/luxfi/precompile/dex/pool_manager.go:542.2,542.37 1 1
github.com/luxfi/precompile/dex/pool_manager.go:542.37,543.102 1 0
github.com/luxfi/precompile/dex/pool_manager.go:543.102,545.4 1 0
github.com/luxfi/precompile/dex/pool_manager.go:548.2,549.16 2 1
github.com/luxfi/precompile/dex/pool_manager.go:549.16,551.3 1 0
github.com/luxfi/precompile/dex/pool_manager.go:553.2,555.37 2 1
github.com/luxfi/precompile/dex/pool_manager.go:555.37,556.108 1 0
github.com/luxfi/precompile/dex/pool_manager.go:556.108,558.4 1 0
github.com/luxfi/precompile/dex/pool_manager.go:561.2,561.19 1 1
github.com/luxfi/precompile/dex/pool_manager.go:575.25,579.60 2 1
github.com/luxfi/precompile/dex/pool_manager.go:579.60,581.3 1 1
github.com/luxfi/precompile/dex/pool_manager.go:583.2,585.27 2 1
github.com/luxfi/precompile/dex/pool_manager.go:585.27,587.3 1 0
github.com/luxfi/precompile/dex/pool_manager.go:591.2,599.19 6 1
github.com/luxfi/precompile/dex/pool_manager.go:606.72,607.38 1 1
github.com/luxfi/precompile/dex/pool_manager.go:607.38,609.3 1 1
github.com/luxfi/precompile/dex/pool_manager.go:610.2,614.38 4 1
github.com/luxfi/precompile/dex/pool_manager.go:614.38,616.3 1 1
github.com/luxfi/precompile/dex/pool_manager.go:618.2,620.33 3 1
github.com/luxfi/precompile/dex/pool_manager.go:620.33,622.3 1 0
github.com/luxfi/precompile/dex/pool_manager.go:624.2,626.32 3 1
github.com/luxfi/precompile/dex/pool_manager.go:626.32,628.3 1 1
github.com/luxfi/precompile/dex/pool_manager.go:631.2,633.32 3 1
github.com/luxfi/precompile/dex/pool_manager.go:633.32,635.3 1 1
github.com/luxfi/precompile/dex/pool_manager.go:637.2,639.32 3 1
github.com/luxfi/precompile/dex/pool_manager.go:639.32,641.3 1 1
github.com/luxfi/precompile/dex/pool_manager.go:643.2,645.32 3 1
github.com/luxfi/precompile/dex/pool_manager.go:645.32,647.3 1 1
github.com/luxfi/precompile/dex/pool_manager.go:649.2,651.32 3 1
github.com/luxfi/precompile/dex/pool_manager.go:651.32,653.3 1 1
github.com/luxfi/precompile/dex/pool_manager.go:655.2,656.13 2 1
github.com/luxfi/precompile/dex/pool_manager.go:659.78,698.2 29 1
github.com/luxfi/precompile/dex/pool_manager.go:700.85,701.46 1 1
github.com/luxfi/precompile/dex/pool_manager.go:701.46,703.3 1 1
github.com/luxfi/precompile/dex/pool_manager.go:704.2,710.32 4 1
github.com/luxfi/precompile/dex/pool_manager.go:710.32,712.3 1 1
github.com/luxfi/precompile/dex/pool_manager.go:714.2,716.33 3 1
github.com/luxfi/precompile/dex/pool_manager.go:716.33,718.3 1 1
github.com/luxfi/precompile/dex/pool_manager.go:720.2,722.33 3 1
github.com/luxfi/precompile/dex/pool_manager.go:722.33,724.3 1 1
github.com/luxfi/precompile/dex/pool_manager.go:726.2,728.32 3 1
github.com/luxfi/precompile/dex/pool_manager.go:728.32,730.3 1 1
github.com/luxfi/precompile/dex/pool_manager.go:732.2,734.32 3 1
github.com/luxfi/precompile/dex/pool_manager.go:734.32,736.3 1 1
github.com/luxfi/precompile/dex/pool_manager.go:738.2,739.12 2 1
github.com/luxfi/precompile/dex/pool_manager.go:742.90,769.2 21 1
github.com/luxfi/precompile/dex/pool_manager.go:775.66,777.2 1 1
github.com/luxfi/precompile/dex/pool_manager.go:779.80,780.24 1 1
github.com/luxfi/precompile/dex/pool_manager.go:780.24,782.3 1 0
github.com/luxfi/precompile/dex/pool_manager.go:783.2,784.56 2 1
github.com/luxfi/precompile/dex/pool_manager.go:787.122,789.2 1 0
github.com/luxfi/precompile/dex/pool_manager.go:791.122,792.24 1 0
github.com/luxfi/precompile/dex/pool_manager.go:792.24,794.3 1 0
github.com/luxfi/precompile/dex/pool_manager.go:795.2,795.25 1 0
github.com/luxfi/precompile/dex/pool_manager.go:795.25,798.15 3 0
github.com/luxfi/precompile/dex/pool_manager.go:798.15,800.4 1 0
github.com/luxfi/precompile/dex/pool_manager.go:801.3,801.29 1 0
github.com/luxfi/precompile/dex/pool_manager.go:801.29,803.4 1 0
github.com/luxfi/precompile/dex/pool_manager.go:804.3,806.13 3 0
github.com/luxfi/precompile/dex/pool_manager.go:809.2,814.29 6 0
github.com/luxfi/precompile/dex/pool_manager.go:814.29,816.3 1 0
github.com/luxfi/precompile/dex/pool_manager.go:817.2,826.12 10 0
github.com/luxfi/precompile/dex/pool_manager.go:829.71,834.2 4 0
github.com/luxfi/precompile/dex/pool_manager.go:836.114,837.30 1 0
github.com/luxfi/precompile/dex/pool_manager.go:837.30,838.106 1 0
github.com/luxfi/precompile/dex/pool_manager.go:838.106,840.4 1 0
github.com/luxfi/precompile/dex/pool_manager.go:841.8,841.37 1 0
github.com/luxfi/precompile/dex/pool_manager.go:841.37,842.124 1 0
github.com/luxfi/precompile/dex/pool_manager.go:842.124,844.4 1 0
github.com/luxfi/precompile/dex/pool_manager.go:846.2,846.30 1 0
github.com/luxfi/precompile/dex/pool_manager.go:846.30,847.106 1 0
github.com/luxfi/precompile/dex/pool_manager.go:847.106,849.4 1 0
github.com/luxfi/precompile/dex/pool_manager.go:850.8,850.37 1 0
github.com/luxfi/precompile/dex/pool_manager.go:850.37,851.124 1 0
github.com/luxfi/precompile/dex/pool_manager.go:851.124,853.4 1 0
github.com/luxfi/precompile/dex/pool_manager.go:855.2,855.12 1 0
github.com/luxfi/precompile/dex/pool_manager.go:858.110,860.2 1 1
github.com/luxfi/precompile/dex/pool_manager.go:862.44,863.30 1 1
github.com/luxfi/precompile/dex/pool_manager.go:863.30,864.22 1 0
github.com/luxfi/precompile/dex/pool_manager.go:864.22,866.4 1 0
github.com/luxfi/precompile/dex/pool_manager.go:867.3,867.9 1 0
github.com/luxfi/precompile/dex/pool_manager.go:869.2,869.18 1 1
github.com/luxfi/precompile/dex/pool_manager.go:876.77,879.27 3 1
github.com/luxfi/precompile/dex/pool_manager.go:879.27,881.3 1 0
github.com/luxfi/precompile/dex/pool_manager.go:882.2,882.18 1 1
github.com/luxfi/precompile/dex/pool_manager.go:887.22,891.2 3 1
github.com/luxfi/precompile/dex/pool_manager.go:895.101,897.2 1 1
github.com/luxfi/precompile/dex/router.go:178.45,180.2 1 1
github.com/luxfi/precompile/dex/router.go:183.51,185.2 1 1
github.com/luxfi/precompile/dex/router.go:211.60,212.19 1 1
github.com/luxfi/precompile/dex/router.go:212.19,214.3 1 1
github.com/luxfi/precompile/dex/router.go:215.2,215.41 1 1
github.com/luxfi/precompile/dex/router.go:215.41,217.3 1 1
github.com/luxfi/precompile/dex/router.go:218.2,218.12 1 1
github.com/luxfi/precompile/dex/router.go:230.32,231.64 1 1
github.com/luxfi/precompile/dex/router.go:231.64,233.3 1 1
github.com/luxfi/precompile/dex/router.go:237.2,237.20 1 1
github.com/luxfi/precompile/dex/router.go:237.20,239.14 2 1
github.com/luxfi/precompile/dex/router.go:239.14,241.4 1 0
github.com/luxfi/precompile/dex/router.go:242.3,249.41 2 1
github.com/luxfi/precompile/dex/router.go:249.41,250.84 1 1
github.com/luxfi/precompile/dex/router.go:250.84,252.5 1 0
github.com/luxfi/precompile/dex/router.go:253.4,253.40 1 1
github.com/luxfi/precompile/dex/router.go:259.2,260.40 2 1
github.com/luxfi/precompile/dex/router.go:260.40,262.21 2 1
github.com/luxfi/precompile/dex/router.go:262.21,263.80 1 1
github.com/luxfi/precompile/dex/router.go:263.80,265.5 1 1
github.com/luxfi/precompile/dex/router.go:266.4,266.36 1 1
github.com/luxfi/precompile/dex/router.go:277.2,277.46 1 1
github.com/luxfi/precompile/dex/router.go:277.46,279.3 1 1
github.com/luxfi/precompile/dex/router.go:281.2,281.60 1 1
github.com/luxfi/precompile/dex/router.go:299.21,300.64 1 1
github.com/luxfi/precompile/dex/router.go:300.64,302.3 1 0
github.com/luxfi/precompile/dex/router.go:305.2,305.30 1 1
github.com/luxfi/precompile/dex/router.go:305.30,306.43 1 1
github.com/luxfi/precompile/dex/router.go:306.43,308.4 1 0
github.com/luxfi/precompile/dex/router.go:309.3,309.53 1 1
github.com/luxfi/precompile/dex/router.go:313.2,313.26 1 1
github.com/luxfi/precompile/dex/router.go:313.26,315.3 1 0
github.com/luxfi/precompile/dex/router.go:316.2,316.40 1 1
github.com/luxfi/precompile/dex/router.go:316.40,318.3 1 1
github.com/luxfi/precompile/dex/router.go:320.2,320.42 1 1
github.com/luxfi/precompile/dex/router.go:320.42,321.41 1 1
github.com/luxfi/precompile/dex/router.go:321.41,323.4 1 1
github.com/luxfi/precompile/dex/router.go:326.2,328.42 2 1
github.com/luxfi/precompile/dex/router.go:328.42,340.17 5 1
github.com/luxfi/precompile/dex/router.go:340.17,342.4 1 1
github.com/luxfi/precompile/dex/router.go:344.3,344.25 1 1
github.com/luxfi/precompile/dex/router.go:347.2,347.86 1 1
github.com/luxfi/precompile/dex/router.go:347.86,349.3 1 0
github.com/luxfi/precompile/dex/router.go:351.2,351.27 1 1
github.com/luxfi/precompile/dex/router.go:366.21,370.37 3 1
github.com/luxfi/precompile/dex/router.go:370.37,380.17 3 1
github.com/luxfi/precompile/dex/router.go:380.17,382.4 1 0
github.com/luxfi/precompile/dex/router.go:384.3,385.27 2 1
github.com/luxfi/precompile/dex/router.go:388.2,388.86 1 1
github.com/luxfi/precompile/dex/router.go:388.86,390.3 1 0
github.com/luxfi/precompile/dex/router.go:392.2,392.27 1 1
github.com/luxfi/precompile/dex/router.go:405.32,406.64 1 1
github.com/luxfi/precompile/dex/router.go:406.64,408.3 1 0
github.com/luxfi/precompile/dex/router.go:410.2,414.14 3 1
github.com/luxfi/precompile/dex/router.go:414.14,416.17 2 1
github.com/luxfi/precompile/dex/router.go:416.17,418.4 1 0
github.com/luxfi/precompile/dex/router.go:419.3,420.27 2 1
github.com/luxfi/precompile/dex/router.go:422.2,422.13 1 1
github.com/luxfi/precompile/dex/router.go:422.13,424.3 1 1
github.com/luxfi/precompile/dex/router.go:426.2,433.16 2 1
github.com/luxfi/precompile/dex/router.go:433.16,435.3 1 1
github.com/luxfi/precompile/dex/router.go:437.2,437.79 1 1
github.com/luxfi/precompile/dex/router.go:437.79,439.3 1 1
github.com/luxfi/precompile/dex/router.go:441.2,441.37 1 1
github.com/luxfi/precompile/dex/router.go:454.21,455.64 1 1
github.com/luxfi/precompile/dex/router.go:455.64,457.3 1 0
github.com/luxfi/precompile/dex/router.go:459.2,459.30 1 1
github.com/luxfi/precompile/dex/router.go:459.30,460.43 1 0
github.com/luxfi/precompile/dex/router.go:460.43,462.4 1 0
github.com/luxfi/precompile/dex/router.go:463.3,463.54 1 0
github.com/luxfi/precompile/dex/router.go:469.2,469.26 1 1
github.com/luxfi/precompile/dex/router.go:469.26,471.3 1 0
github.com/luxfi/precompile/dex/router.go:472.2,472.40 1 1
github.com/luxfi/precompile/dex/router.go:472.40,474.3 1 1
github.com/luxfi/precompile/dex/router.go:476.2,476.42 1 1
github.com/luxfi/precompile/dex/router.go:476.42,477.41 1 1
github.com/luxfi/precompile/dex/router.go:477.41,479.4 1 1
github.com/luxfi/precompile/dex/router.go:482.2,484.42 2 1
github.com/luxfi/precompile/dex/router.go:484.42,495.17 5 1
github.com/luxfi/precompile/dex/router.go:495.17,497.4 1 1
github.com/luxfi/precompile/dex/router.go:499.3,499.24 1 1
github.com/luxfi/precompile/dex/router.go:502.2,502.84 1 1
github.com/luxfi/precompile/dex/router.go:502.84,504.3 1 0
github.com/luxfi/precompile/dex/router.go:506.2,506.27 1 1
github.com/luxfi/precompile/dex/router.go:514.21,519.49 3 0
github.com/luxfi/precompile/dex/router.go:519.49,530.17 4 0
github.com/luxfi/precompile/dex/router.go:530.17,532.4 1 0
github.com/luxfi/precompile/dex/router.go:534.3,535.27 2 0
github.com/luxfi/precompile/dex/router.go:538.2,538.84 1 0
github.com/luxfi/precompile/dex/router.go:538.84,540.3 1 0
github.com/luxfi/precompile/dex/router.go:542.2,542.27 1 0
github.com/luxfi/precompile/dex/router.go:556.26,561.39 3 1
github.com/luxfi/precompile/dex/router.go:561.39,568.3 1 1
github.com/luxfi/precompile/dex/router.go:571.2,572.39 2 1
github.com/luxfi/precompile/dex/router.go:572.39,578.3 1 0
github.com/luxfi/precompile/dex/router.go:581.2,582.39 2 1
github.com/luxfi/precompile/dex/router.go:582.39,588.3 1 0
github.com/luxfi/precompile/dex/router.go:591.2,591.29 1 1
github.com/luxfi/precompile/dex/router.go:591.29,593.44 2 1
github.com/luxfi/precompile/dex/router.go:593.44,600.4 1 1
github.com/luxfi/precompile/dex/router.go:603.2,603.23 1 1
github.com/luxfi/precompile/dex/router.go:603.23,605.3 1 1
github.com/luxfi/precompile/dex/router.go:607.2,607.21 1 1
github.com/luxfi/precompile/dex/router.go:615.25,617.16 2 1
github.com/luxfi/precompile/dex/router.go:617.16,619.3 1 0
github.com/luxfi/precompile/dex/router.go:622.2,623.24 2 1
github.com/luxfi/precompile/dex/router.go:623.24,624.65 1 1
github.com/luxfi/precompile/dex/router.go:624.65,626.4 1 1
github.com/luxfi/precompile/dex/router.go:629.2,629.18 1 1
github.com/luxfi/precompile/dex/router.go:643.40,647.48 3 1
github.com/luxfi/precompile/dex/router.go:647.48,651.3 3 1
github.com/luxfi/precompile/dex/router.go:651.8,655.3 3 1
github.com/luxfi/precompile/dex/router.go:658.2,659.22 2 1
github.com/luxfi/precompile/dex/router.go:659.22,662.3 1 0
github.com/luxfi/precompile/dex/router.go:664.2,675.31 5 1
github.com/luxfi/precompile/dex/router.go:675.31,677.10 2 1
github.com/luxfi/precompile/dex/router.go:677.10,679.4 1 0
github.com/luxfi/precompile/dex/router.go:681.3,692.58 4 1
github.com/luxfi/precompile/dex/router.go:692.58,693.12 1 1
github.com/luxfi/precompile/dex/router.go:697.3,698.17 2 1
github.com/luxfi/precompile/dex/router.go:698.17,700.4 1 1
github.com/luxfi/precompile/dex/router.go:700.9,702.4 1 0
github.com/luxfi/precompile/dex/router.go:704.3,704.77 1 1
github.com/luxfi/precompile/dex/router.go:704.77,708.4 3 1
github.com/luxfi/precompile/dex/router.go:711.2,711.49 1 1
github.com/luxfi/precompile/dex/router.go:711.49,713.3 1 1
github.com/luxfi/precompile/dex/router.go:715.2,715.45 1 1
github.com/luxfi/precompile/dex/router.go:719.42,720.13 1 1
github.com/luxfi/precompile/dex/router.go:721.14,722.24 1 0
github.com/luxfi/precompile/dex/router.go:723.14,724.24 1 0
github.com/luxfi/precompile/dex/router.go:725.14,726.24 1 1
github.com/luxfi/precompile/dex/router.go:727.14,728.24 1 0
github.com/luxfi/precompile/dex/router.go:729.10,730.24 1 0
github.com/luxfi/precompile/dex/router.go:735.112,737.45 2 1
github.com/luxfi/precompile/dex/router.go:737.45,740.3 2 1
github.com/luxfi/precompile/dex/router.go:740.8,743.3 2 1
github.com/luxfi/precompile/dex/router.go:744.2,750.3 1 1
github.com/luxfi/precompile/dex/router.go:764.21,769.63 3 1
github.com/luxfi/precompile/dex/router.go:769.63,770.17 1 1
github.com/luxfi/precompile/dex/router.go:770.17,772.4 1 1
github.com/luxfi/precompile/dex/router.go:772.9,774.4 1 0
github.com/luxfi/precompile/dex/router.go:778.2,779.16 2 1
github.com/luxfi/precompile/dex/router.go:779.16,781.3 1 1
github.com/luxfi/precompile/dex/router.go:781.8,783.3 1 1
github.com/luxfi/precompile/dex/router.go:785.2,792.16 3 1
github.com/luxfi/precompile/dex/router.go:792.16,794.3 1 1
github.com/luxfi/precompile/dex/router.go:799.2,799.16 1 1
github.com/luxfi/precompile/dex/router.go:799.16,800.17 1 1
github.com/luxfi/precompile/dex/router.go:800.17,802.4 1 1
github.com/luxfi/precompile/dex/router.go:803.3,803.36 1 0
github.com/luxfi/precompile/dex/router.go:806.2,806.16 1 1
github.com/luxfi/precompile/dex/router.go:806.16,808.3 1 1
github.com/luxfi/precompile/dex/router.go:809.2,809.35 1 0
github.com/luxfi/precompile/dex/router.go:823.21,826.63 2 1
github.com/luxfi/precompile/dex/router.go:826.63,827.17 1 1
github.com/luxfi/precompile/dex/router.go:827.17,829.4 1 1
github.com/luxfi/precompile/dex/router.go:829.9,831.4 1 0
github.com/luxfi/precompile/dex/router.go:834.2,841.16 3 1
github.com/luxfi/precompile/dex/router.go:841.16,843.3 1 1
github.com/luxfi/precompile/dex/router.go:845.2,845.16 1 1
github.com/luxfi/precompile/dex/router.go:845.16,847.3 1 1
github.com/luxfi/precompile/dex/router.go:848.2,848.35 1 0
github.com/luxfi/precompile/dex/router.go:852.34,853.18 1 1
github.com/luxfi/precompile/dex/router.go:853.18,855.3 1 1
github.com/luxfi/precompile/dex/router.go:856.2,856.28 1 1
github.com/luxfi/precompile/dex/router.go:870.21,871.40 1 1
github.com/luxfi/precompile/dex/router.go:871.40,873.3 1 1
github.com/luxfi/precompile/dex/router.go:878.2,878.53 1 0
github.com/luxfi/precompile/dex/router.go:891.21,892.40 1 1
github.com/luxfi/precompile/dex/router.go:892.40,894.3 1 1
github.com/luxfi/precompile/dex/router.go:899.2,899.53 1 0
github.com/luxfi/precompile/dex/router.go:909.39,922.2 9 1
github.com/luxfi/precompile/dex/router.go:925.50,926.29 1 1
github.com/luxfi/precompile/dex/router.go:926.29,928.3 1 0
github.com/luxfi/precompile/dex/router.go:929.2,938.16 7 1
github.com/luxfi/precompile/dex/router.go:942.67,945.26 3 1
github.com/luxfi/precompile/dex/router.go:945.26,947.3 1 1
github.com/luxfi/precompile/dex/router.go:948.2,948.12 1 1
github.com/luxfi/precompile/dex/router.go:953.65,954.20 1 1
github.com/luxfi/precompile/dex/router.go:954.20,956.3 1 0
github.com/luxfi/precompile/dex/router.go:957.2,959.37 3 1
github.com/luxfi/precompile/dex/router.go:959.37,961.3 1 0
github.com/luxfi/precompile/dex/router.go:962.2,963.18 2 1
github.com/luxfi/precompile/dex/router.go:963.18,965.3 1 0
github.com/luxfi/precompile/dex/router.go:966.2,967.25 2 1
github.com/luxfi/precompile/dex/router.go:967.25,969.17 2 1
github.com/luxfi/precompile/dex/router.go:969.17,971.4 1 0
github.com/luxfi/precompile/dex/router.go:972.3,972.15 1 1
github.com/luxfi/precompile/dex/router.go:974.2,974.30 1 1
github.com/luxfi/precompile/dex/router.go:983.85,984.22 1 1
github.com/luxfi/precompile/dex/router.go:984.22,986.3 1 0
github.com/luxfi/precompile/dex/router.go:988.2,1002.28 6 1
github.com/luxfi/precompile/dex/router.go:1002.28,1005.3 2 1
github.com/luxfi/precompile/dex/router.go:1008.2,1008.29 1 1
github.com/luxfi/precompile/dex/router.go:1008.29,1011.3 2 1
github.com/luxfi/precompile/dex/router.go:1014.2,1014.29 1 1
github.com/luxfi/precompile/dex/router.go:1014.29,1017.3 2 0
github.com/luxfi/precompile/dex/router.go:1020.2,1020.28 1 1
github.com/luxfi/precompile/dex/router.go:1020.28,1022.3 1 0
github.com/luxfi/precompile/dex/router.go:1024.2,1024.20 1 1
github.com/luxfi/precompile/dex/router.go:1039.73,1040.20 1 1
github.com/luxfi/precompile/dex/router.go:1040.20,1042.3 1 0
github.com/luxfi/precompile/dex/router.go:1045.2,1045.22 1 1
github.com/luxfi/precompile/dex/router.go:1045.22,1046.21 1 1
github.com/luxfi/precompile/dex/router.go:1046.21,1048.4 1 0
github.com/luxfi/precompile/dex/router.go:1049.3,1050.32 2 1
github.com/luxfi/precompile/dex/router.go:1050.32,1052.4 1 0
github.com/luxfi/precompile/dex/router.go:1054.3,1055.17 2 1
github.com/luxfi/precompile/dex/router.go:1055.17,1057.4 1 0
github.com/luxfi/precompile/dex/router.go:1059.3,1067.29 4 1
github.com/luxfi/precompile/dex/router.go:1067.29,1069.4 1 0
github.com/luxfi/precompile/dex/router.go:1070.3,1070.21 1 1
github.com/luxfi/precompile/dex/router.go:1074.2,1075.19 2 0
github.com/luxfi/precompile/dex/router.go:1075.19,1077.3 1 0
github.com/luxfi/precompile/dex/router.go:1079.2,1080.30 2 0
github.com/luxfi/precompile/dex/router.go:1080.30,1082.3 1 0
github.com/luxfi/precompile/dex/router.go:1084.2,1089.27 3 0
github.com/luxfi/precompile/dex/router.go:1089.27,1092.3 2 0
github.com/luxfi/precompile/dex/router.go:1094.2,1099.28 5 0
github.com/luxfi/precompile/dex/router.go:1099.28,1101.3 1 0
github.com/luxfi/precompile/dex/router.go:1103.2,1103.20 1 0
github.com/luxfi/precompile/dex/router.go:1108.87,1109.22 1 0
github.com/luxfi/precompile/dex/router.go:1109.22,1111.3 1 0
github.com/luxfi/precompile/dex/router.go:1113.2,1126.28 6 0
github.com/luxfi/precompile/dex/router.go:1126.28,1129.3 2 0
github.com/luxfi/precompile/dex/router.go:1130.2,1130.29 1 0
github.com/luxfi/precompile/dex/router.go:1130.29,1133.3 2 0
github.com/luxfi/precompile/dex/router.go:1134.2,1134.29 1 0
github.com/luxfi/precompile/dex/router.go:1134.29,1137.3 2 0
github.com/luxfi/precompile/dex/router.go:1138.2,1138.28 1 0
github.com/luxfi/precompile/dex/router.go:1138.28,1140.3 1 0
github.com/luxfi/precompile/dex/router.go:1142.2,1142.20 1 0
github.com/luxfi/precompile/dex/router.go:1147.75,1148.20 1 0
github.com/luxfi/precompile/dex/router.go:1148.20,1150.3 1 0
github.com/luxfi/precompile/dex/router.go:1153.2,1153.22 1 0
github.com/luxfi/precompile/dex/router.go:1153.22,1154.21 1 0
github.com/luxfi/precompile/dex/router.go:1154.21,1156.4 1 0
github.com/luxfi/precompile/dex/router.go:1157.3,1158.32 2 0
github.com/luxfi/precompile/dex/router.go:1158.32,1160.4 1 0
github.com/luxfi/precompile/dex/router.go:1162.3,1163.17 2 0
github.com/luxfi/precompile/dex/router.go:1163.17,1165.4 1 0
github.com/luxfi/precompile/dex/router.go:1167.3,1175.29 4 0
github.com/luxfi/precompile/dex/router.go:1175.29,1177.4 1 0
github.com/luxfi/precompile/dex/router.go:1178.3,1178.21 1 0
github.com/luxfi/precompile/dex/router.go:1182.2,1183.19 2 0
github.com/luxfi/precompile/dex/router.go:1183.19,1185.3 1 0
github.com/luxfi/precompile/dex/router.go:1187.2,1188.30 2 0
github.com/luxfi/precompile/dex/router.go:1188.30,1190.3 1 0
github.com/luxfi/precompile/dex/router.go:1192.2,1197.27 3 0
github.com/luxfi/precompile/dex/router.go:1197.27,1200.3 2 0
github.com/luxfi/precompile/dex/router.go:1202.2,1207.28 5 0
github.com/luxfi/precompile/dex/router.go:1207.28,1209.3 1 0
github.com/luxfi/precompile/dex/router.go:1211.2,1211.20 1 0
github.com/luxfi/precompile/dex/router.go:1216.96,1217.21 1 1
github.com/luxfi/precompile/dex/router.go:1217.21,1219.3 1 0
github.com/luxfi/precompile/dex/router.go:1221.2,1226.22 5 1
github.com/luxfi/precompile/dex/router.go:1226.22,1230.3 3 1
github.com/luxfi/precompile/dex/router.go:1232.2,1232.46 1 1
github.com/luxfi/precompile/dex/router.go:1237.55,1241.28 3 0
github.com/luxfi/precompile/dex/router.go:1241.28,1247.3 5 0
github.com/luxfi/precompile/dex/router.go:1249.2,1249.12 1 0
github.com/luxfi/precompile/dex/router.go:1254.67,1259.2 4 0
github.com/luxfi/precompile/dex/router_module.go:36.13,37.61 1 1
github.com/luxfi/precompile/dex/router_module.go:37.61,38.13 1 0
github.com/luxfi/precompile/dex/router_module.go:45.65,47.2 1 0
github.com/luxfi/precompile/dex/router_module.go:54.9,56.9 2 0
github.com/luxfi/precompile/dex/router_module.go:56.9,58.3 1 0
github.com/luxfi/precompile/dex/router_module.go:61.2,61.50 1 0
github.com/luxfi/precompile/dex/router_module.go:61.50,63.3 1 0
github.com/luxfi/precompile/dex/router_module.go:64.2,64.51 1 0
github.com/luxfi/precompile/dex/router_module.go:64.51,66.3 1 0
github.com/luxfi/precompile/dex/router_module.go:67.2,67.50 1 0
github.com/luxfi/precompile/dex/router_module.go:67.50,69.3 1 0
github.com/luxfi/precompile/dex/router_module.go:70.2,70.51 1 0
github.com/luxfi/precompile/dex/router_module.go:70.51,72.3 1 0
github.com/luxfi/precompile/dex/router_module.go:74.2,74.12 1 0
github.com/luxfi/precompile/dex/router_module.go:86.37,88.2 1 0
github.com/luxfi/precompile/dex/router_module.go:90.44,92.2 1 0
github.com/luxfi/precompile/dex/router_module.go:94.42,96.2 1 0
github.com/luxfi/precompile/dex/router_module.go:98.64,100.9 2 0
github.com/luxfi/precompile/dex/router_module.go:100.9,102.3 1 0
github.com/luxfi/precompile/dex/router_module.go:103.2,107.47 1 0
github.com/luxfi/precompile/dex/router_module.go:110.79,112.2 1 0
github.com/luxfi/precompile/dex/router_module.go:127.48,128.20 1 0
github.com/luxfi/precompile/dex/router_module.go:128.20,130.3 1 0
github.com/luxfi/precompile/dex/router_module.go:132.2,132.46 1 0
github.com/luxfi/precompile/dex/router_module.go:132.46,134.3 1 0
github.com/luxfi/precompile/dex/router_module.go:136.2,139.18 3 0
github.com/luxfi/precompile/dex/router_module.go:140.32,141.85 1 0
github.com/luxfi/precompile/dex/router_module.go:142.26,143.79 1 0
github.com/luxfi/precompile/dex/router_module.go:144.33,145.86 1 0
github.com/luxfi/precompile/dex/router_module.go:146.27,147.80 1 0
github.com/luxfi/precompile/dex/router_module.go:148.37,149.72 1 0
github.com/luxfi/precompile/dex/router_module.go:150.31,151.66 1 0
github.com/luxfi/precompile/dex/router_module.go:152.28,153.63 1 0
github.com/luxfi/precompile/dex/router_module.go:154.10,155.86 1 0
github.com/luxfi/precompile/dex/router_module.go:165.27,166.14 1 0
github.com/luxfi/precompile/dex/router_module.go:166.14,168.3 1 0
github.com/luxfi/precompile/dex/router_module.go:169.2,169.33 1 0
github.com/luxfi/precompile/dex/router_module.go:169.33,171.3 1 0
github.com/luxfi/precompile/dex/router_module.go:173.2,174.16 2 0
github.com/luxfi/precompile/dex/router_module.go:174.16,176.3 1 0
github.com/luxfi/precompile/dex/router_module.go:178.2,180.16 3 0
github.com/luxfi/precompile/dex/router_module.go:180.16,182.3 1 0
github.com/luxfi/precompile/dex/router_module.go:184.2,184.77 1 0
github.com/luxfi/precompile/dex/router_module.go:193.27,194.14 1 0
github.com/luxfi/precompile/dex/router_module.go:194.14,196.3 1 0
github.com/luxfi/precompile/dex/router_module.go:198.2,199.16 2 0
github.com/luxfi/precompile/dex/router_module.go:199.16,201.3 1 0
github.com/luxfi/precompile/dex/router_module.go:203.2,204.30 2 0
github.com/luxfi/precompile/dex/router_module.go:204.30,206.3 1 0
github.com/luxfi/precompile/dex/router_module.go:207.2,208.27 2 0
github.com/luxfi/precompile/dex/router_module.go:208.27,210.3 1 0
github.com/luxfi/precompile/dex/router_module.go:212.2,214.16 3 0
github.com/luxfi/precompile/dex/router_module.go:214.16,216.3 1 0
github.com/luxfi/precompile/dex/router_module.go:218.2,220.43 3 0
github.com/luxfi/precompile/dex/router_module.go:229.27,230.14 1 0
github.com/luxfi/precompile/dex/router_module.go:230.14,232.3 1 0
github.com/luxfi/precompile/dex/router_module.go:233.2,233.33 1 0
github.com/luxfi/precompile/dex/router_module.go:233.33,235.3 1 0
github.com/luxfi/precompile/dex/router_module.go:237.2,238.16 2 0
github.com/luxfi/precompile/dex/router_module.go:238.16,240.3 1 0
github.com/luxfi/precompile/dex/router_module.go:242.2,244.16 3 0
github.com/luxfi/precompile/dex/router_module.go:244.16,246.3 1 0
github.com/luxfi/precompile/dex/router_module.go:248.2,248.76 1 0
github.com/luxfi/precompile/dex/router_module.go:257.27,258.14 1 0
github.com/luxfi/precompile/dex/router_module.go:258.14,260.3 1 0
github.com/luxfi/precompile/dex/router_module.go:262.2,263.16 2 0
github.com/luxfi/precompile/dex/router_module.go:263.16,265.3 1 0
github.com/luxfi/precompile/dex/router_module.go:267.2,268.30 2 0
github.com/luxfi/precompile/dex/router_module.go:268.30,270.3 1 0
github.com/luxfi/precompile/dex/router_module.go:271.2,272.27 2 0
github.com/luxfi/precompile/dex/router_module.go:272.27,274.3 1 0
github.com/luxfi/precompile/dex/router_module.go:276.2,278.16 3 0
github.com/luxfi/precompile/dex/router_module.go:278.16,280.3 1 0
github.com/luxfi/precompile/dex/router_module.go:282.2,284.43 3 0
github.com/luxfi/precompile/dex/router_module.go:291.27,292.28 1 0
github.com/luxfi/precompile/dex/router_module.go:292.28,294.3 1 0
github.com/luxfi/precompile/dex/router_module.go:296.2,297.16 2 0
github.com/luxfi/precompile/dex/router_module.go:297.16,299.3 1 0
github.com/luxfi/precompile/dex/router_module.go:301.2,303.16 3 0
github.com/luxfi/precompile/dex/router_module.go:303.16,305.3 1 0
github.com/luxfi/precompile/dex/router_module.go:307.2,307.65 1 0
github.com/luxfi/precompile/dex/router_module.go:314.27,318.16 2 0
github.com/luxfi/precompile/dex/router_module.go:318.16,319.33 1 0
github.com/luxfi/precompile/dex/router_module.go:319.33,321.4 1 0
github.com/luxfi/precompile/dex/router_module.go:322.3,322.46 1 0
github.com/luxfi/precompile/dex/router_module.go:325.2,326.30 2 0
github.com/luxfi/precompile/dex/router_module.go:326.30,328.3 1 0
github.com/luxfi/precompile/dex/router_module.go:329.2,329.17 1 0
github.com/luxfi/precompile/dex/router_module.go:329.17,331.3 1 0
github.com/luxfi/precompile/dex/router_module.go:332.2,332.29 1 0
github.com/luxfi/precompile/dex/router_module.go:332.29,334.3 1 0
github.com/luxfi/precompile/dex/router_module.go:336.2,337.27 2 0
github.com/luxfi/precompile/dex/router_module.go:337.27,339.3 1 0
github.com/luxfi/precompile/dex/router_module.go:341.2,344.30 2 0
github.com/luxfi/precompile/dex/router_module.go:344.30,347.38 3 0
github.com/luxfi/precompile/dex/router_module.go:347.38,349.18 2 0
github.com/luxfi/precompile/dex/router_module.go:349.18,351.5 1 0
github.com/luxfi/precompile/dex/router_module.go:352.4,353.40 2 0
github.com/luxfi/precompile/dex/router_module.go:355.3,357.44 3 0
github.com/luxfi/precompile/dex/router_module.go:361.2,362.42 2 0
github.com/luxfi/precompile/dex/router_module.go:362.42,367.17 4 0
github.com/luxfi/precompile/dex/router_module.go:367.17,369.4 1 0
github.com/luxfi/precompile/dex/router_module.go:370.3,370.33 1 0
github.com/luxfi/precompile/dex/router_module.go:373.2,375.43 3 0
github.com/luxfi/precompile/dex/router_module.go:382.27,383.34 1 0
github.com/luxfi/precompile/dex/router_module.go:383.34,385.3 1 0
github.com/luxfi/precompile/dex/router_module.go:387.2,388.16 2 0
github.com/luxfi/precompile/dex/router_module.go:388.16,390.3 1 0
github.com/luxfi/precompile/dex/router_module.go:392.2,394.16 3 0
github.com/luxfi/precompile/dex/router_module.go:394.16,396.3 1 0
github.com/luxfi/precompile/dex/router_module.go:398.2,398.84 1 0
github.com/luxfi/precompile/dex/sqrt_price_math.go:29.114,30.24 1 0
github.com/luxfi/precompile/dex/sqrt_price_math.go:30.24,32.3 1 0
github.com/luxfi/precompile/dex/sqrt_price_math.go:33.2,33.27 1 0
github.com/luxfi/precompile/dex/sqrt_price_math.go:33.27,35.3 1 0
github.com/luxfi/precompile/dex/sqrt_price_math.go:38.2,40.9 2 0
github.com/luxfi/precompile/dex/sqrt_price_math.go:40.9,47.3 3 0
github.com/luxfi/precompile/dex/sqrt_price_math.go:51.2,54.29 3 0
github.com/luxfi/precompile/dex/sqrt_price_math.go:54.29,56.3 1 0
github.com/luxfi/precompile/dex/sqrt_price_math.go:57.2,57.69 1 0
github.com/luxfi/precompile/dex/sqrt_price_math.go:67.116,68.27 1 0
github.com/luxfi/precompile/dex/sqrt_price_math.go:68.27,70.3 1 0
github.com/luxfi/precompile/dex/sqrt_price_math.go:72.2,72.9 1 0
github.com/luxfi/precompile/dex/sqrt_price_math.go:72.9,77.3 3 0
github.com/luxfi/precompile/dex/sqrt_price_math.go:80.2,81.37 2 0
github.com/luxfi/precompile/dex/sqrt_price_math.go:81.37,83.3 1 0
github.com/luxfi/precompile/dex/sqrt_price_math.go:84.2,85.20 2 0
github.com/luxfi/precompile/dex/sqrt_price_math.go:90.111,91.16 1 0
github.com/luxfi/precompile/dex/sqrt_price_math.go:91.16,94.3 1 0
github.com/luxfi/precompile/dex/sqrt_price_math.go:96.2,96.89 1 0
github.com/luxfi/precompile/dex/sqrt_price_math.go:101.113,102.16 1 0
github.com/luxfi/precompile/dex/sqrt_price_math.go:102.16,105.3 1 0
github.com/luxfi/precompile/dex/sqrt_price_math.go:107.2,107.89 1 0
github.com/luxfi/precompile/dex/sqrt_price_math.go:115.95,118.18 2 0
github.com/luxfi/precompile/dex/sqrt_price_math.go:118.18,120.3 1 0
github.com/luxfi/precompile/dex/sqrt_price_math.go:122.2,127.13 4 0
github.com/luxfi/precompile/dex/sqrt_price_math.go:127.13,129.3 1 0
github.com/luxfi/precompile/dex/sqrt_price_math.go:130.2,130.49 1 0
github.com/luxfi/precompile/dex/sqrt_price_math.go:138.95,141.18 2 0
github.com/luxfi/precompile/dex/sqrt_price_math.go:141.18,143.3 1 0
github.com/luxfi/precompile/dex/sqrt_price_math.go:145.2,147.13 2 0
github.com/luxfi/precompile/dex/sqrt_price_math.go:147.13,149.3 1 0
github.com/luxfi/precompile/dex/sqrt_price_math.go:150.2,150.37 1 0
github.com/luxfi/precompile/dex/sqrt_price_math.go:156.87,157.26 1 0
github.com/luxfi/precompile/dex/sqrt_price_math.go:157.26,160.3 2 0
github.com/luxfi/precompile/dex/sqrt_price_math.go:161.2,161.71 1 0
github.com/luxfi/precompile/dex/sqrt_price_math.go:165.87,166.26 1 0
github.com/luxfi/precompile/dex/sqrt_price_math.go:166.26,169.3 2 0
github.com/luxfi/precompile/dex/sqrt_price_math.go:170.2,170.71 1 0
github.com/luxfi/precompile/dex/state_export.go:110.80,115.20 2 1
github.com/luxfi/precompile/dex/state_export.go:115.20,117.3 1 1
github.com/luxfi/precompile/dex/state_export.go:122.2,122.40 1 1
github.com/luxfi/precompile/dex/state_export.go:122.40,125.3 2 1
github.com/luxfi/precompile/dex/state_export.go:128.2,128.45 1 1
github.com/luxfi/precompile/dex/state_export.go:128.45,130.3 1 1
github.com/luxfi/precompile/dex/state_export.go:132.2,132.18 1 1
github.com/luxfi/precompile/dex/state_export.go:136.93,139.9 3 1
github.com/luxfi/precompile/dex/state_export.go:139.9,141.3 1 1
github.com/luxfi/precompile/dex/state_export.go:142.2,142.30 1 1
github.com/luxfi/precompile/dex/state_export.go:142.30,144.3 1 0
github.com/luxfi/precompile/dex/state_export.go:146.2,147.21 2 1
github.com/luxfi/precompile/dex/state_export.go:153.83,154.37 1 1
github.com/luxfi/precompile/dex/state_export.go:154.37,156.3 1 1
github.com/luxfi/precompile/dex/state_export.go:160.2,164.38 4 1
github.com/luxfi/precompile/dex/state_export.go:164.38,166.17 2 1
github.com/luxfi/precompile/dex/state_export.go:166.17,168.4 1 0
github.com/luxfi/precompile/dex/state_export.go:169.3,171.37 3 1
github.com/luxfi/precompile/dex/state_export.go:175.2,180.20 4 1
github.com/luxfi/precompile/dex/state_export.go:180.20,181.38 1 1
github.com/luxfi/precompile/dex/state_export.go:181.38,183.4 1 1
github.com/luxfi/precompile/dex/state_export.go:184.3,184.41 1 1
github.com/luxfi/precompile/dex/state_export.go:184.41,186.4 1 1
github.com/luxfi/precompile/dex/state_export.go:189.2,189.12 1 1
github.com/luxfi/precompile/dex/state_export.go:194.71,209.16 3 1
github.com/luxfi/precompile/dex/state_export.go:209.16,211.3 1 0
github.com/luxfi/precompile/dex/state_export.go:212.2,212.90 1 1
github.com/luxfi/precompile/dex/state_export.go:212.90,214.3 1 0
github.com/luxfi/precompile/dex/state_export.go:216.2,216.38 1 1
github.com/luxfi/precompile/dex/state_export.go:216.38,221.17 3 1
github.com/luxfi/precompile/dex/state_export.go:221.17,223.4 1 0
github.com/luxfi/precompile/dex/state_export.go:224.3,224.84 1 1
github.com/luxfi/precompile/dex/state_export.go:224.84,226.4 1 0
github.com/luxfi/precompile/dex/state_export.go:229.3,229.42 1 1
github.com/luxfi/precompile/dex/state_export.go:229.42,231.18 2 1
github.com/luxfi/precompile/dex/state_export.go:231.18,233.5 1 0
github.com/luxfi/precompile/dex/state_export.go:234.4,235.54 2 1
github.com/luxfi/precompile/dex/state_export.go:235.54,237.5 1 0
github.com/luxfi/precompile/dex/state_export.go:241.3,241.39 1 1
github.com/luxfi/precompile/dex/state_export.go:241.39,243.18 2 0
github.com/luxfi/precompile/dex/state_export.go:243.18,245.5 1 0
github.com/luxfi/precompile/dex/state_export.go:246.4,247.56 2 0
github.com/luxfi/precompile/dex/state_export.go:247.56,249.5 1 0
github.com/luxfi/precompile/dex/state_export.go:253.3,253.43 1 1
github.com/luxfi/precompile/dex/state_export.go:253.43,255.18 2 0
github.com/luxfi/precompile/dex/state_export.go:255.18,257.5 1 0
github.com/luxfi/precompile/dex/state_export.go:258.4,259.52 2 0
github.com/luxfi/precompile/dex/state_export.go:259.52,261.5 1 0
github.com/luxfi/precompile/dex/state_export.go:265.2,265.22 1 1
github.com/luxfi/precompile/dex/state_export.go:269.69,273.16 3 1
github.com/luxfi/precompile/dex/state_export.go:273.16,275.3 1 0
github.com/luxfi/precompile/dex/state_export.go:277.2,283.57 2 1
github.com/luxfi/precompile/dex/state_export.go:283.57,285.3 1 0
github.com/luxfi/precompile/dex/state_export.go:286.2,286.37 1 1
github.com/luxfi/precompile/dex/state_export.go:286.37,288.3 1 0
github.com/luxfi/precompile/dex/state_export.go:290.2,300.18 4 1
github.com/luxfi/precompile/dex/state_export.go:300.18,302.65 2 1
github.com/luxfi/precompile/dex/state_export.go:302.65,304.4 1 0
github.com/luxfi/precompile/dex/state_export.go:305.3,305.44 1 1
github.com/luxfi/precompile/dex/state_export.go:307.2,307.37 1 1
github.com/luxfi/precompile/dex/state_export.go:307.37,309.3 1 0
github.com/luxfi/precompile/dex/state_export.go:312.2,312.45 1 1
github.com/luxfi/precompile/dex/state_export.go:312.45,314.3 1 0
github.com/luxfi/precompile/dex/state_export.go:316.2,316.18 1 1
github.com/luxfi/precompile/dex/state_export.go:328.77,333.2 1 1
github.com/luxfi/precompile/dex/state_export.go:336.56,338.18 2 1
github.com/luxfi/precompile/dex/state_export.go:338.18,341.3 2 0
github.com/luxfi/precompile/dex/state_export.go:342.2,345.15 3 1
github.com/luxfi/precompile/dex/state_export.go:345.15,349.3 3 1
github.com/luxfi/precompile/dex/state_export.go:351.2,352.16 2 1
github.com/luxfi/precompile/dex/state_export.go:352.16,354.3 1 0
github.com/luxfi/precompile/dex/state_export.go:356.2,356.34 1 1
github.com/luxfi/precompile/dex/state_export.go:363.67,379.40 2 1
github.com/luxfi/precompile/dex/state_export.go:379.40,391.3 1 1
github.com/luxfi/precompile/dex/state_export.go:392.2,392.49 1 1
github.com/luxfi/precompile/dex/state_export.go:392.49,394.3 1 1
github.com/luxfi/precompile/dex/state_export.go:397.2,397.42 1 1
github.com/luxfi/precompile/dex/state_export.go:397.42,405.3 1 0
github.com/luxfi/precompile/dex/state_export.go:406.2,406.45 1 1
github.com/luxfi/precompile/dex/state_export.go:406.45,408.3 1 0
github.com/luxfi/precompile/dex/state_export.go:411.2,411.26 1 1
github.com/luxfi/precompile/dex/state_export.go:411.26,412.50 1 1
github.com/luxfi/precompile/dex/state_export.go:412.50,417.4 1 0
github.com/luxfi/precompile/dex/state_export.go:418.3,418.52 1 1
github.com/luxfi/precompile/dex/state_export.go:418.52,420.4 1 0
github.com/luxfi/precompile/dex/state_export.go:423.2,423.13 1 1
github.com/luxfi/precompile/dex/state_export.go:426.98,428.66 2 1
github.com/luxfi/precompile/dex/state_export.go:428.66,431.25 2 1
github.com/luxfi/precompile/dex/state_export.go:431.25,433.4 1 0
github.com/luxfi/precompile/dex/state_export.go:434.3,434.27 1 1
github.com/luxfi/precompile/dex/state_export.go:437.2,460.41 4 1
github.com/luxfi/precompile/dex/state_export.go:460.41,463.28 3 1
github.com/luxfi/precompile/dex/state_export.go:463.28,465.4 1 1
github.com/luxfi/precompile/dex/state_export.go:467.3,478.26 3 1
github.com/luxfi/precompile/dex/state_export.go:482.2,482.38 1 1
github.com/luxfi/precompile/dex/state_export.go:482.38,489.3 1 0
github.com/luxfi/precompile/dex/state_export.go:492.2,492.38 1 1
github.com/luxfi/precompile/dex/state_export.go:492.38,494.3 1 0
github.com/luxfi/precompile/dex/state_export.go:496.2,496.35 1 1
github.com/luxfi/precompile/dex/state_export.go:499.37,500.14 1 1
github.com/luxfi/precompile/dex/state_export.go:500.14,502.3 1 1
github.com/luxfi/precompile/dex/state_export.go:503.2,503.19 1 1
github.com/luxfi/precompile/dex/state_export.go:506.37,507.25 1 1
github.com/luxfi/precompile/dex/state_export.go:507.25,509.3 1 1
github.com/luxfi/precompile/dex/state_export.go:510.2,511.9 2 1
github.com/luxfi/precompile/dex/state_export.go:511.9,513.3 1 0
github.com/luxfi/precompile/dex/state_export.go:514.2,514.10 1 1
github.com/luxfi/precompile/dex/state_export.go:517.59,525.2 7 0
github.com/luxfi/precompile/dex/state_export.go:527.61,535.2 7 0
github.com/luxfi/precompile/dex/swap_math.go:43.18,49.16 4 0
github.com/luxfi/precompile/dex/swap_math.go:49.16,61.17 3 0
github.com/luxfi/precompile/dex/swap_math.go:61.17,63.4 1 0
github.com/luxfi/precompile/dex/swap_math.go:63.9,65.4 1 0
github.com/luxfi/precompile/dex/swap_math.go:69.3,69.48 1 0
github.com/luxfi/precompile/dex/swap_math.go:69.48,71.4 1 0
github.com/luxfi/precompile/dex/swap_math.go:71.9,77.18 3 0
github.com/luxfi/precompile/dex/swap_math.go:77.18,80.5 1 0
github.com/luxfi/precompile/dex/swap_math.go:82.8,84.17 1 0
github.com/luxfi/precompile/dex/swap_math.go:84.17,86.4 1 0
github.com/luxfi/precompile/dex/swap_math.go:86.9,88.4 1 0
github.com/luxfi/precompile/dex/swap_math.go:90.3,90.42 1 0
github.com/luxfi/precompile/dex/swap_math.go:90.42,92.4 1 0
github.com/luxfi/precompile/dex/swap_math.go:92.9,97.18 3 0
github.com/luxfi/precompile/dex/swap_math.go:97.18,99.5 1 0
github.com/luxfi/precompile/dex/swap_math.go:103.2,106.16 2 0
github.com/luxfi/precompile/dex/swap_math.go:106.16,107.37 1 0
github.com/luxfi/precompile/dex/swap_math.go:107.37,109.4 1 0
github.com/luxfi/precompile/dex/swap_math.go:110.3,110.38 1 0
github.com/luxfi/precompile/dex/swap_math.go:110.38,112.4 1 0
github.com/luxfi/precompile/dex/swap_math.go:113.8,114.37 1 0
github.com/luxfi/precompile/dex/swap_math.go:114.37,116.4 1 0
github.com/luxfi/precompile/dex/swap_math.go:117.3,117.38 1 0
github.com/luxfi/precompile/dex/swap_math.go:117.38,119.4 1 0
github.com/luxfi/precompile/dex/swap_math.go:123.2,123.55 1 0
github.com/luxfi/precompile/dex/swap_math.go:123.55,125.3 1 0
github.com/luxfi/precompile/dex/swap_math.go:128.2,128.65 1 0
github.com/luxfi/precompile/dex/swap_math.go:128.65,132.3 2 0
github.com/luxfi/precompile/dex/swap_math.go:132.8,139.3 1 0
github.com/luxfi/precompile/dex/swap_math.go:141.2,146.3 1 0
github.com/luxfi/precompile/dex/teleport.go:89.58,103.2 1 0
github.com/luxfi/precompile/dex/teleport.go:113.29,118.37 3 0
github.com/luxfi/precompile/dex/teleport.go:118.37,120.3 1 0
github.com/luxfi/precompile/dex/teleport.go:123.2,124.48 2 0
github.com/luxfi/precompile/dex/teleport.go:124.48,126.3 1 0
github.com/luxfi/precompile/dex/teleport.go:129.2,129.43 1 0
github.com/luxfi/precompile/dex/teleport.go:129.43,131.3 1 0
github.com/luxfi/precompile/dex/teleport.go:132.2,132.47 1 0
github.com/luxfi/precompile/dex/teleport.go:132.47,134.3 1 0
github.com/luxfi/precompile/dex/teleport.go:137.2,146.58 4 0
github.com/luxfi/precompile/dex/teleport.go:146.58,148.3 1 0
github.com/luxfi/precompile/dex/teleport.go:149.2,149.39 1 0
github.com/luxfi/precompile/dex/teleport.go:149.39,151.3 1 0
github.com/luxfi/precompile/dex/teleport.go:153.2,173.21 5 0
github.com/luxfi/precompile/dex/teleport.go:181.9,186.20 4 0
github.com/luxfi/precompile/dex/teleport.go:186.20,188.3 1 0
github.com/luxfi/precompile/dex/teleport.go:190.2,190.38 1 0
github.com/luxfi/precompile/dex/teleport.go:190.38,192.3 1 0
github.com/luxfi/precompile/dex/teleport.go:195.2,195.44 1 0
github.com/luxfi/precompile/dex/teleport.go:195.44,197.3 1 0
github.com/luxfi/precompile/dex/teleport.go:200.2,200.52 1 0
github.com/luxfi/precompile/dex/teleport.go:200.52,202.3 1 0
github.com/luxfi/precompile/dex/teleport.go:205.2,212.12 5 0
github.com/luxfi/precompile/dex/teleport.go:216.70,221.20 4 0
github.com/luxfi/precompile/dex/teleport.go:221.20,223.3 1 0
github.com/luxfi/precompile/dex/teleport.go:225.2,225.39 1 0
github.com/luxfi/precompile/dex/teleport.go:225.39,227.3 1 0
github.com/luxfi/precompile/dex/teleport.go:232.2,233.12 2 0
github.com/luxfi/precompile/dex/teleport.go:237.92,242.20 4 0
github.com/luxfi/precompile/dex/teleport.go:242.20,244.3 1 0
github.com/luxfi/precompile/dex/teleport.go:246.2,246.30 1 0
github.com/luxfi/precompile/dex/teleport.go:246.30,248.3 1 0
github.com/luxfi/precompile/dex/teleport.go:250.2,250.39 1 0
github.com/luxfi/precompile/dex/teleport.go:250.39,252.3 1 0
github.com/luxfi/precompile/dex/teleport.go:255.2,256.24 2 0
github.com/luxfi/precompile/dex/teleport.go:256.24,258.3 1 0
github.com/luxfi/precompile/dex/teleport.go:260.2,261.12 2 0
github.com/luxfi/precompile/dex/teleport.go:265.90,269.39 3 0
github.com/luxfi/precompile/dex/teleport.go:269.39,271.3 1 0
github.com/luxfi/precompile/dex/teleport.go:273.2,274.20 2 0
github.com/luxfi/precompile/dex/teleport.go:274.20,276.3 1 0
github.com/luxfi/precompile/dex/teleport.go:278.2,278.28 1 0
github.com/luxfi/precompile/dex/teleport.go:290.9,294.40 3 0
github.com/luxfi/precompile/dex/teleport.go:294.40,296.3 1 0
github.com/luxfi/precompile/dex/teleport.go:298.2,311.12 2 0
github.com/luxfi/precompile/dex/teleport.go:315.82,320.19 4 0
github.com/luxfi/precompile/dex/teleport.go:320.19,322.3 1 0
github.com/luxfi/precompile/dex/teleport.go:324.2,325.12 2 0
github.com/luxfi/precompile/dex/teleport.go:329.84,334.19 4 0
github.com/luxfi/precompile/dex/teleport.go:334.19,336.3 1 0
github.com/luxfi/precompile/dex/teleport.go:338.2,339.12 2 0
github.com/luxfi/precompile/dex/teleport.go:343.64,348.2 3 0
github.com/luxfi/precompile/dex/teleport.go:352.65,353.17 1 0
github.com/luxfi/precompile/dex/teleport.go:354.110,355.14 1 0
github.com/luxfi/precompile/dex/teleport.go:356.10,357.15 1 0
github.com/luxfi/precompile/dex/teleport.go:361.94,363.24 2 0
github.com/luxfi/precompile/dex/teleport.go:363.24,365.3 1 0
github.com/luxfi/precompile/dex/teleport.go:366.2,366.27 1 0
github.com/luxfi/precompile/dex/teleport.go:369.66,373.28 3 0
github.com/luxfi/precompile/dex/teleport.go:373.28,375.3 1 0
github.com/luxfi/precompile/dex/teleport.go:376.2,376.28 1 0
github.com/luxfi/precompile/dex/teleport.go:376.28,378.3 1 0
github.com/luxfi/precompile/dex/teleport.go:379.2,379.12 1 0
github.com/luxfi/precompile/dex/teleport.go:389.12,402.2 10 0
github.com/luxfi/precompile/dex/teleport.go:404.87,408.2 1 0
github.com/luxfi/precompile/dex/teleport.go:411.66,417.2 1 0
github.com/luxfi/precompile/dex/teleport.go:420.104,424.32 3 0
github.com/luxfi/precompile/dex/teleport.go:424.32,426.3 1 0
github.com/luxfi/precompile/dex/teleport.go:428.2,438.12 2 0
github.com/luxfi/precompile/dex/teleport.go:446.19,452.48 4 0
github.com/luxfi/precompile/dex/teleport.go:452.48,455.33 2 0
github.com/luxfi/precompile/dex/teleport.go:455.33,457.4 1 0
github.com/luxfi/precompile/dex/teleport.go:461.2,461.53 1 0
github.com/luxfi/precompile/dex/teleport.go:461.53,462.36 1 0
github.com/luxfi/precompile/dex/teleport.go:462.36,463.12 1 0
github.com/luxfi/precompile/dex/teleport.go:466.3,469.75 3 0
github.com/luxfi/precompile/dex/teleport.go:469.75,473.4 1 0
github.com/luxfi/precompile/dex/teleport.go:476.2,476.29 1 0
github.com/luxfi/precompile/dex/teleport.go:487.29,492.16 4 0
github.com/luxfi/precompile/dex/teleport.go:492.16,494.3 1 0
github.com/luxfi/precompile/dex/teleport.go:497.2,506.92 5 0
github.com/luxfi/precompile/dex/teleport.go:510.47,515.40 4 0
github.com/luxfi/precompile/dex/teleport.go:515.40,516.37 1 0
github.com/luxfi/precompile/dex/teleport.go:516.37,518.35 1 0
github.com/luxfi/precompile/dex/teleport.go:518.35,521.5 2 0
github.com/luxfi/precompile/dex/teleport.go:526.61,527.27 1 0
github.com/luxfi/precompile/dex/teleport.go:527.27,529.3 1 0
github.com/luxfi/precompile/dex/teleport.go:530.2,530.28 1 0
github.com/luxfi/precompile/dex/tick_bitmap_math.go:21.46,22.39 1 0
github.com/luxfi/precompile/dex/tick_bitmap_math.go:22.39,24.3 1 0
github.com/luxfi/precompile/dex/tick_bitmap_math.go:25.2,25.27 1 0
github.com/luxfi/precompile/dex/tick_bitmap_math.go:31.73,35.2 3 0
github.com/luxfi/precompile/dex/tick_bitmap_math.go:39.60,40.27 1 0
github.com/luxfi/precompile/dex/tick_bitmap_math.go:40.27,42.3 1 0
github.com/luxfi/precompile/dex/tick_bitmap_math.go:43.2,49.17 5 0
github.com/luxfi/precompile/dex/tick_bitmap_math.go:49.17,51.3 1 0
github.com/luxfi/precompile/dex/tick_bitmap_math.go:52.2,52.54 1 0
github.com/luxfi/precompile/dex/tick_bitmap_math.go:70.34,73.9 2 0
github.com/luxfi/precompile/dex/tick_bitmap_math.go:73.9,77.18 3 0
github.com/luxfi/precompile/dex/tick_bitmap_math.go:77.18,79.4 1 0
github.com/luxfi/precompile/dex/tick_bitmap_math.go:83.3,89.25 3 0
github.com/luxfi/precompile/dex/tick_bitmap_math.go:89.25,95.4 3 0
github.com/luxfi/precompile/dex/tick_bitmap_math.go:97.3,98.21 2 0
github.com/luxfi/precompile/dex/tick_bitmap_math.go:103.2,106.17 4 0
github.com/luxfi/precompile/dex/tick_bitmap_math.go:106.17,108.3 1 0
github.com/luxfi/precompile/dex/tick_bitmap_math.go:112.2,124.24 5 0
github.com/luxfi/precompile/dex/tick_bitmap_math.go:124.24,129.3 3 0
github.com/luxfi/precompile/dex/tick_bitmap_math.go:131.2,132.20 2 0
github.com/luxfi/precompile/dex/tick_bitmap_math.go:136.29,137.19 1 0
github.com/luxfi/precompile/dex/tick_bitmap_math.go:137.19,139.3 1 0
github.com/luxfi/precompile/dex/tick_bitmap_math.go:141.2,141.21 1 0
github.com/luxfi/precompile/dex/tick_bitmap_math.go:141.21,142.20 1 0
github.com/luxfi/precompile/dex/tick_bitmap_math.go:142.20,144.4 1 0
github.com/luxfi/precompile/dex/tick_bitmap_math.go:146.2,146.10 1 0
github.com/luxfi/precompile/dex/tick_math.go:22.55,23.38 1 0
github.com/luxfi/precompile/dex/tick_math.go:23.38,25.3 1 0
github.com/luxfi/precompile/dex/tick_math.go:27.2,28.17 2 0
github.com/luxfi/precompile/dex/tick_math.go:28.17,30.3 1 0
github.com/luxfi/precompile/dex/tick_math.go:35.2,37.22 2 0
github.com/luxfi/precompile/dex/tick_math.go:37.22,39.3 1 0
github.com/luxfi/precompile/dex/tick_math.go:39.8,41.3 1 0
github.com/luxfi/precompile/dex/tick_math.go:43.2,43.46 1 0
github.com/luxfi/precompile/dex/tick_math.go:43.46,47.3 3 0
github.com/luxfi/precompile/dex/tick_math.go:49.2,49.22 1 0
github.com/luxfi/precompile/dex/tick_math.go:49.22,51.3 1 0
github.com/luxfi/precompile/dex/tick_math.go:52.2,52.22 1 0
github.com/luxfi/precompile/dex/tick_math.go:52.22,54.3 1 0
github.com/luxfi/precompile/dex/tick_math.go:55.2,55.22 1 0
github.com/luxfi/precompile/dex/tick_math.go:55.22,57.3 1 0
github.com/luxfi/precompile/dex/tick_math.go:58.2,58.23 1 0
github.com/luxfi/precompile/dex/tick_math.go:58.23,60.3 1 0
github.com/luxfi/precompile/dex/tick_math.go:61.2,61.23 1 0
github.com/luxfi/precompile/dex/tick_math.go:61.23,63.3 1 0
github.com/luxfi/precompile/dex/tick_math.go:64.2,64.23 1 0
github.com/luxfi/precompile/dex/tick_math.go:64.23,66.3 1 0
github.com/luxfi/precompile/dex/tick_math.go:67.2,67.23 1 0
github.com/luxfi/precompile/dex/tick_math.go:67.23,69.3 1 0
github.com/luxfi/precompile/dex/tick_math.go:70.2,70.24 1 0
github.com/luxfi/precompile/dex/tick_math.go:70.24,72.3 1 0
github.com/luxfi/precompile/dex/tick_math.go:73.2,73.24 1 0
github.com/luxfi/precompile/dex/tick_math.go:73.24,75.3 1 0
github.com/luxfi/precompile/dex/tick_math.go:76.2,76.24 1 0
github.com/luxfi/precompile/dex/tick_math.go:76.24,78.3 1 0
github.com/luxfi/precompile/dex/tick_math.go:79.2,79.24 1 0
github.com/luxfi/precompile/dex/tick_math.go:79.24,81.3 1 0
github.com/luxfi/precompile/dex/tick_math.go:82.2,82.25 1 0
github.com/luxfi/precompile/dex/tick_math.go:82.25,84.3 1 0
github.com/luxfi/precompile/dex/tick_math.go:85.2,85.25 1 0
github.com/luxfi/precompile/dex/tick_math.go:85.25,87.3 1 0
github.com/luxfi/precompile/dex/tick_math.go:88.2,88.25 1 0
github.com/luxfi/precompile/dex/tick_math.go:88.25,90.3 1 0
github.com/luxfi/precompile/dex/tick_math.go:91.2,91.25 1 0
github.com/luxfi/precompile/dex/tick_math.go:91.25,93.3 1 0
github.com/luxfi/precompile/dex/tick_math.go:94.2,94.26 1 0
github.com/luxfi/precompile/dex/tick_math.go:94.26,96.3 1 0
github.com/luxfi/precompile/dex/tick_math.go:97.2,97.26 1 0
github.com/luxfi/precompile/dex/tick_math.go:97.26,99.3 1 0
github.com/luxfi/precompile/dex/tick_math.go:100.2,100.26 1 0
github.com/luxfi/precompile/dex/tick_math.go:100.26,102.3 1 0
github.com/luxfi/precompile/dex/tick_math.go:103.2,103.26 1 0
github.com/luxfi/precompile/dex/tick_math.go:103.26,105.3 1 0
github.com/luxfi/precompile/dex/tick_math.go:108.2,108.14 1 0
github.com/luxfi/precompile/dex/tick_math.go:108.14,110.3 1 0
github.com/luxfi/precompile/dex/tick_math.go:114.2,116.26 3 0
github.com/luxfi/precompile/dex/tick_math.go:116.26,118.3 1 0
github.com/luxfi/precompile/dex/tick_math.go:120.2,120.19 1 0
github.com/luxfi/precompile/dex/tick_math.go:129.63,130.79 1 0
github.com/luxfi/precompile/dex/tick_math.go:130.79,132.3 1 0
github.com/luxfi/precompile/dex/tick_math.go:135.2,141.16 3 0
github.com/luxfi/precompile/dex/tick_math.go:141.16,143.3 1 0
github.com/luxfi/precompile/dex/tick_math.go:143.8,145.3 1 0
github.com/luxfi/precompile/dex/tick_math.go:149.2,152.21 4 0
github.com/luxfi/precompile/dex/tick_math.go:152.21,154.3 1 0
github.com/luxfi/precompile/dex/tick_math.go:157.2,157.34 1 0
github.com/luxfi/precompile/dex/tick_math.go:157.34,165.19 5 0
github.com/luxfi/precompile/dex/tick_math.go:165.19,167.4 1 0
github.com/luxfi/precompile/dex/tick_math.go:169.3,169.14 1 0
github.com/luxfi/precompile/dex/tick_math.go:169.14,170.9 1 0
github.com/luxfi/precompile/dex/tick_math.go:175.2,194.25 11 0
github.com/luxfi/precompile/dex/tick_math.go:194.25,196.3 1 0
github.com/luxfi/precompile/dex/tick_math.go:198.2,199.16 2 0
github.com/luxfi/precompile/dex/tick_math.go:199.16,201.3 1 0
github.com/luxfi/precompile/dex/tick_math.go:202.2,202.43 1 0
github.com/luxfi/precompile/dex/tick_math.go:202.43,204.3 1 0
github.com/luxfi/precompile/dex/tick_math.go:205.2,205.21 1 0
github.com/luxfi/precompile/dex/tick_math.go:209.43,213.26 3 0
github.com/luxfi/precompile/dex/tick_math.go:213.26,215.3 1 0
github.com/luxfi/precompile/dex/tick_math.go:216.2,216.15 1 0
github.com/luxfi/precompile/dex/tick_math.go:221.37,223.2 1 0
github.com/luxfi/precompile/dex/tick_math.go:226.29,227.19 1 0
github.com/luxfi/precompile/dex/tick_math.go:227.19,229.3 1 0
github.com/luxfi/precompile/dex/tick_math.go:230.2,230.23 1 0
github.com/luxfi/precompile/dex/tick_types.go:21.30,28.2 1 0
github.com/luxfi/precompile/dex/tick_types.go:38.34,42.2 1 1
github.com/luxfi/precompile/dex/transmuter.go:55.51,61.2 1 1
github.com/luxfi/precompile/dex/transmuter.go:64.69,71.2 6 1
github.com/luxfi/precompile/dex/transmuter.go:82.9,86.48 3 1
github.com/luxfi/precompile/dex/transmuter.go:86.48,88.3 1 0
github.com/luxfi/precompile/dex/transmuter.go:90.2,101.12 4 1
github.com/luxfi/precompile/dex/transmuter.go:115.9,120.13 4 1
github.com/luxfi/precompile/dex/transmuter.go:120.13,122.3 1 0
github.com/luxfi/precompile/dex/transmuter.go:124.2,124.24 1 1
github.com/luxfi/precompile/dex/transmuter.go:124.24,126.3 1 0
github.com/luxfi/precompile/dex/transmuter.go:129.2,131.18 3 1
github.com/luxfi/precompile/dex/transmuter.go:131.18,139.3 1 1
github.com/luxfi/precompile/dex/transmuter.go:142.2,158.12 8 1
github.com/luxfi/precompile/dex/transmuter.go:168.9,173.13 4 1
github.com/luxfi/precompile/dex/transmuter.go:173.13,175.3 1 0
github.com/luxfi/precompile/dex/transmuter.go:177.2,179.52 3 1
github.com/luxfi/precompile/dex/transmuter.go:179.52,181.3 1 0
github.com/luxfi/precompile/dex/transmuter.go:184.2,187.40 2 1
github.com/luxfi/precompile/dex/transmuter.go:187.40,189.3 1 0
github.com/luxfi/precompile/dex/transmuter.go:192.2,204.12 6 1
github.com/luxfi/precompile/dex/transmuter.go:213.21,218.13 4 1
github.com/luxfi/precompile/dex/transmuter.go:218.13,220.3 1 0
github.com/luxfi/precompile/dex/transmuter.go:222.2,224.18 3 1
github.com/luxfi/precompile/dex/transmuter.go:224.18,226.3 1 0
github.com/luxfi/precompile/dex/transmuter.go:229.2,232.29 3 1
github.com/luxfi/precompile/dex/transmuter.go:232.29,234.3 1 0
github.com/luxfi/precompile/dex/transmuter.go:237.2,237.47 1 1
github.com/luxfi/precompile/dex/transmuter.go:237.47,239.3 1 0
github.com/luxfi/precompile/dex/transmuter.go:242.2,252.25 6 1
github.com/luxfi/precompile/dex/transmuter.go:261.9,266.13 4 1
github.com/luxfi/precompile/dex/transmuter.go:266.13,268.3 1 0
github.com/luxfi/precompile/dex/transmuter.go:270.2,270.34 1 1
github.com/luxfi/precompile/dex/transmuter.go:270.34,272.3 1 0
github.com/luxfi/precompile/dex/transmuter.go:275.2,278.34 2 1
github.com/luxfi/precompile/dex/transmuter.go:278.34,284.3 3 1
github.com/luxfi/precompile/dex/transmuter.go:286.2,288.12 2 1
github.com/luxfi/precompile/dex/transmuter.go:300.20,306.2 4 1
github.com/luxfi/precompile/dex/transmuter.go:311.18,316.2 3 1
github.com/luxfi/precompile/dex/transmuter.go:323.12,328.13 4 1
github.com/luxfi/precompile/dex/transmuter.go:328.13,330.3 1 0
github.com/luxfi/precompile/dex/transmuter.go:332.2,334.18 3 1
github.com/luxfi/precompile/dex/transmuter.go:334.18,336.3 1 0
github.com/luxfi/precompile/dex/transmuter.go:339.2,342.35 2 1
github.com/luxfi/precompile/dex/transmuter.go:342.35,344.26 2 1
github.com/luxfi/precompile/dex/transmuter.go:344.26,348.4 3 1
github.com/luxfi/precompile/dex/transmuter.go:352.2,352.45 1 1
github.com/luxfi/precompile/dex/transmuter.go:352.45,354.3 1 0
github.com/luxfi/precompile/dex/transmuter.go:356.2,356.18 1 1
github.com/luxfi/precompile/dex/transmuter.go:360.75,365.13 4 0
github.com/luxfi/precompile/dex/transmuter.go:365.13,367.3 1 0
github.com/luxfi/precompile/dex/transmuter.go:369.2,369.45 1 0
github.com/luxfi/precompile/dex/transmuter.go:377.89,378.36 1 1
github.com/luxfi/precompile/dex/transmuter.go:378.36,380.3 1 1
github.com/luxfi/precompile/dex/transmuter.go:383.2,384.26 2 1
github.com/luxfi/precompile/dex/transmuter.go:384.26,386.3 1 1
github.com/luxfi/precompile/dex/transmuter.go:389.2,395.47 4 1
github.com/luxfi/precompile/dex/transmuter.go:395.47,397.3 1 0
github.com/luxfi/precompile/dex/transmuter.go:397.8,399.3 1 1
github.com/luxfi/precompile/dex/transmuter.go:401.2,401.62 1 1
github.com/luxfi/precompile/dex/transmuter.go:408.79,409.36 1 1
github.com/luxfi/precompile/dex/transmuter.go:409.36,411.3 1 1
github.com/luxfi/precompile/dex/transmuter.go:414.2,416.29 3 1
github.com/luxfi/precompile/dex/transmuter.go:416.29,418.3 1 1
github.com/luxfi/precompile/dex/transmuter.go:420.2,426.14 3 0
github.com/luxfi/precompile/dex/transmuter.go:429.87,439.2 8 1
github.com/luxfi/precompile/dex/transmuter.go:441.71,452.2 8 1
github.com/luxfi/precompile/dex/transmuter.go:455.121,459.2 3 1
github.com/luxfi/precompile/dex/transmuter.go:461.119,465.2 3 1
github.com/luxfi/precompile/dex/types.go:153.35,155.2 1 1
github.com/luxfi/precompile/dex/types.go:158.36,160.2 1 1
github.com/luxfi/precompile/dex/types.go:163.46,165.2 1 1
github.com/luxfi/precompile/dex/types.go:179.33,184.2 4 1
github.com/luxfi/precompile/dex/types.go:187.36,198.2 9 1
github.com/luxfi/precompile/dex/types.go:201.53,202.20 1 1
github.com/luxfi/precompile/dex/types.go:202.20,204.3 1 0
github.com/luxfi/precompile/dex/types.go:205.2,218.16 11 1
github.com/luxfi/precompile/dex/types.go:230.62,235.2 1 1
github.com/luxfi/precompile/dex/types.go:238.38,243.2 1 1
github.com/luxfi/precompile/dex/types.go:246.61,251.2 1 1
github.com/luxfi/precompile/dex/types.go:254.61,259.2 1 1
github.com/luxfi/precompile/dex/types.go:262.46,267.2 1 1
github.com/luxfi/precompile/dex/types.go:270.38,272.2 1 1
github.com/luxfi/precompile/dex/types.go:286.37,288.2 1 1
github.com/luxfi/precompile/dex/types.go:291.22,301.2 1 1
github.com/luxfi/precompile/dex/types.go:318.92,333.2 12 1
github.com/luxfi/precompile/dex/vaults.go:69.38,75.2 1 0
github.com/luxfi/precompile/dex/vaults.go:85.27,90.27 3 0
github.com/luxfi/precompile/dex/vaults.go:90.27,92.3 1 0
github.com/luxfi/precompile/dex/vaults.go:93.2,93.25 1 0
github.com/luxfi/precompile/dex/vaults.go:93.25,95.3 1 0
github.com/luxfi/precompile/dex/vaults.go:98.2,100.47 2 0
github.com/luxfi/precompile/dex/vaults.go:100.47,102.3 1 0
github.com/luxfi/precompile/dex/vaults.go:104.2,120.23 3 0
github.com/luxfi/precompile/dex/vaults.go:124.111,129.14 4 0
github.com/luxfi/precompile/dex/vaults.go:129.14,131.3 1 0
github.com/luxfi/precompile/dex/vaults.go:133.2,133.23 1 0
github.com/luxfi/precompile/dex/vaults.go:133.23,135.3 1 0
github.com/luxfi/precompile/dex/vaults.go:138.2,139.67 2 0
github.com/luxfi/precompile/dex/vaults.go:139.67,141.3 1 0
github.com/luxfi/precompile/dex/vaults.go:144.2,145.31 2 0
github.com/luxfi/precompile/dex/vaults.go:145.31,148.3 1 0
github.com/luxfi/precompile/dex/vaults.go:148.8,152.3 2 0
github.com/luxfi/precompile/dex/vaults.go:154.2,154.24 1 0
github.com/luxfi/precompile/dex/vaults.go:154.24,156.3 1 0
github.com/luxfi/precompile/dex/vaults.go:159.2,163.51 3 0
github.com/luxfi/precompile/dex/vaults.go:163.51,168.3 3 0
github.com/luxfi/precompile/dex/vaults.go:171.2,173.20 2 0
github.com/luxfi/precompile/dex/vaults.go:177.112,182.14 4 0
github.com/luxfi/precompile/dex/vaults.go:182.14,184.3 1 0
github.com/luxfi/precompile/dex/vaults.go:186.2,186.24 1 0
github.com/luxfi/precompile/dex/vaults.go:186.24,188.3 1 0
github.com/luxfi/precompile/dex/vaults.go:191.2,192.56 2 0
github.com/luxfi/precompile/dex/vaults.go:192.56,194.3 1 0
github.com/luxfi/precompile/dex/vaults.go:198.2,203.16 4 0
github.com/luxfi/precompile/dex/vaults.go:203.16,205.3 1 0
github.com/luxfi/precompile/dex/vaults.go:208.2,214.26 4 0
github.com/luxfi/precompile/dex/vaults.go:218.73,223.14 4 0
github.com/luxfi/precompile/dex/vaults.go:223.14,225.3 1 0
github.com/luxfi/precompile/dex/vaults.go:228.2,229.16 2 0
github.com/luxfi/precompile/dex/vaults.go:229.16,231.3 1 0
github.com/luxfi/precompile/dex/vaults.go:233.2,233.24 1 0
github.com/luxfi/precompile/dex/vaults.go:233.24,235.3 1 0
github.com/luxfi/precompile/dex/vaults.go:238.2,246.23 5 0
github.com/luxfi/precompile/dex/vaults.go:250.79,255.14 4 0
github.com/luxfi/precompile/dex/vaults.go:255.14,257.3 1 0
github.com/luxfi/precompile/dex/vaults.go:259.2,259.31 1 0
github.com/luxfi/precompile/dex/vaults.go:259.31,261.3 1 0
github.com/luxfi/precompile/dex/vaults.go:264.2,267.19 3 0
github.com/luxfi/precompile/dex/vaults.go:271.100,276.14 4 0
github.com/luxfi/precompile/dex/vaults.go:276.14,278.3 1 0
github.com/luxfi/precompile/dex/vaults.go:280.2,281.21 2 0
github.com/luxfi/precompile/dex/vaults.go:281.21,283.3 1 0
github.com/luxfi/precompile/dex/vaults.go:285.2,285.31 1 0
github.com/luxfi/precompile/dex/vaults.go:285.31,287.3 1 0
github.com/luxfi/precompile/dex/vaults.go:290.2,293.20 3 0
github.com/luxfi/precompile/dex/vaults.go:297.77,302.14 4 0
github.com/luxfi/precompile/dex/vaults.go:302.14,304.3 1 0
github.com/luxfi/precompile/dex/vaults.go:306.2,306.39 1 0
github.com/luxfi/precompile/dex/vaults.go:311.116,312.31 1 0
github.com/luxfi/precompile/dex/vaults.go:312.31,314.3 1 0
github.com/luxfi/precompile/dex/vaults.go:316.2,317.21 2 0
github.com/luxfi/precompile/dex/vaults.go:317.21,325.3 2 0
github.com/luxfi/precompile/dex/vaults.go:327.2,327.15 1 0
github.com/luxfi/precompile/dex/vaults.go:327.15,329.32 2 0
github.com/luxfi/precompile/dex/vaults.go:329.32,331.4 1 0
github.com/luxfi/precompile/dex/vaults.go:332.8,334.34 2 0
github.com/luxfi/precompile/dex/vaults.go:334.34,336.4 1 0
github.com/luxfi/precompile/dex/vaults.go:340.95,342.26 2 0
github.com/luxfi/precompile/dex/vaults.go:342.26,344.3 1 0
github.com/luxfi/precompile/dex/vaults.go:345.2,345.29 1 0
github.com/luxfi/precompile/dex/vaults.go:348.79,354.2 4 0
github.com/luxfi/precompile/dex/vaults.go:356.31,358.2 1 0
github.com/luxfi/precompile/dex/vaults.go:372.76,379.2 1 0
github.com/luxfi/precompile/dex/vaults.go:381.41,381.62 1 0
github.com/luxfi/precompile/dex/vaults.go:383.58,387.2 2 0
github.com/luxfi/precompile/dex/vaults.go:389.71,390.32 1 0
github.com/luxfi/precompile/dex/vaults.go:390.32,392.3 1 0
github.com/luxfi/precompile/dex/vaults.go:393.2,394.20 2 0
github.com/luxfi/precompile/dex/vaults.go:397.55,402.2 2 0
github.com/luxfi/precompile/dex/vaults.go:404.51,406.2 1 0
github.com/luxfi/precompile/dex/vaults.go:408.52,410.2 1 0
github.com/luxfi/precompile/dex/vaults.go:419.91,425.2 1 0
github.com/luxfi/precompile/dex/vaults.go:427.46,427.72 1 0
github.com/luxfi/precompile/dex/vaults.go:429.63,432.2 2 0
github.com/luxfi/precompile/dex/vaults.go:434.76,435.32 1 0
github.com/luxfi/precompile/dex/vaults.go:435.32,437.3 1 0
github.com/luxfi/precompile/dex/vaults.go:438.2,439.20 2 0
github.com/luxfi/precompile/dex/vaults.go:442.60,447.2 2 0
github.com/luxfi/precompile/dex/vaults.go:449.56,453.2 1 0
github.com/luxfi/precompile/dex/vaults.go:455.57,457.2 1 0
github.com/luxfi/precompile/dex/vaults.go:467.111,474.2 1 0
github.com/luxfi/precompile/dex/vaults.go:476.46,476.72 1 0
github.com/luxfi/precompile/dex/vaults.go:478.63,482.2 2 0
github.com/luxfi/precompile/dex/vaults.go:484.76,485.32 1 0
github.com/luxfi/precompile/dex/vaults.go:485.32,487.3 1 0
github.com/luxfi/precompile/dex/vaults.go:489.2,490.20 2 0
github.com/luxfi/precompile/dex/vaults.go:493.60,498.2 2 0
github.com/luxfi/precompile/dex/vaults.go:500.56,503.2 1 0
github.com/luxfi/precompile/dex/vaults.go:505.57,507.2 1 0
github.com/luxfi/precompile/ed25519/contract.go:59.68,61.2 1 1
github.com/luxfi/precompile/ed25519/contract.go:80.27,82.27 2 1
github.com/luxfi/precompile/ed25519/contract.go:82.27,84.3 1 1
github.com/luxfi/precompile/ed25519/contract.go:85.2,87.31 2 1
github.com/luxfi/precompile/ed25519/contract.go:87.31,89.3 1 1
github.com/luxfi/precompile/ed25519/contract.go:92.2,97.45 4 1
github.com/luxfi/precompile/ed25519/contract.go:97.45,99.3 1 0
github.com/luxfi/precompile/ed25519/contract.go:102.2,107.51 1 1
github.com/luxfi/precompile/ed25519/contract.go:107.51,109.3 1 1
github.com/luxfi/precompile/ed25519/contract.go:109.8,109.59 1 1
github.com/luxfi/precompile/ed25519/contract.go:109.59,111.3 1 1
github.com/luxfi/precompile/ed25519/contract.go:114.2,114.51 1 0
github.com/luxfi/precompile/ed25519/contract.go:114.51,116.3 1 0
github.com/luxfi/precompile/ed25519/contract.go:118.2,118.31 1 0
github.com/luxfi/precompile/ed25519/contract.go:123.56,124.88 1 0
github.com/luxfi/precompile/ed25519/contract.go:124.88,126.3 1 0
github.com/luxfi/precompile/ed25519/contract.go:127.2,127.54 1 0
github.com/luxfi/precompile/ed25519/contract.go:132.62,133.88 1 1
github.com/luxfi/precompile/ed25519/contract.go:133.88,135.3 1 0
github.com/luxfi/precompile/ed25519/contract.go:136.2,136.57 1 1
github.com/luxfi/precompile/ed25519/module.go:14.26,16.2 1 0
github.com/luxfi/precompile/ed25519/module.go:19.43,21.2 1 0
github.com/luxfi/precompile/ed25519/module.go:24.54,26.2 1 0
github.com/luxfi/precompile/ed25519/module.go:29.37,31.2 1 0
github.com/luxfi/precompile/ed25519/module.go:34.32,36.2 1 0
github.com/luxfi/precompile/frost/contract.go:55.58,57.2 1 1
github.com/luxfi/precompile/frost/contract.go:60.66,62.2 1 1
github.com/luxfi/precompile/frost/contract.go:65.46,66.31 1 1
github.com/luxfi/precompile/frost/contract.go:66.31,68.3 1 1
github.com/luxfi/precompile/frost/contract.go:71.2,76.78 2 1
github.com/luxfi/precompile/frost/contract.go:87.27,90.27 2 1
github.com/luxfi/precompile/frost/contract.go:90.27,92.3 1 1
github.com/luxfi/precompile/frost/contract.go:101.2,101.31 1 1
github.com/luxfi/precompile/frost/contract.go:101.31,104.3 1 1
github.com/luxfi/precompile/frost/contract.go:107.2,111.48 3 1
github.com/luxfi/precompile/frost/contract.go:111.48,113.3 1 1
github.com/luxfi/precompile/frost/contract.go:116.2,128.51 5 1
github.com/luxfi/precompile/frost/contract.go:128.51,130.3 1 0
github.com/luxfi/precompile/frost/contract.go:130.8,133.3 1 1
github.com/luxfi/precompile/frost/contract.go:136.2,137.11 2 1
github.com/luxfi/precompile/frost/contract.go:137.11,139.3 1 0
github.com/luxfi/precompile/frost/contract.go:141.2,141.43 1 1
github.com/luxfi/precompile/frost/contract.go:153.76,154.76 1 1
github.com/luxfi/precompile/frost/contract.go:154.76,156.3 1 0
github.com/luxfi/precompile/frost/contract.go:158.2,168.13 7 1
github.com/luxfi/precompile/frost/contract.go:168.13,171.17 3 1
github.com/luxfi/precompile/frost/contract.go:171.17,173.4 1 1
github.com/luxfi/precompile/frost/contract.go:174.3,175.29 2 0
github.com/luxfi/precompile/frost/contract.go:175.29,177.4 1 0
github.com/luxfi/precompile/frost/contract.go:178.3,178.24 1 0
github.com/luxfi/precompile/frost/contract.go:181.2,182.62 2 0
github.com/luxfi/precompile/frost/contract.go:182.62,184.3 1 0
github.com/luxfi/precompile/frost/contract.go:186.2,186.42 1 0
github.com/luxfi/precompile/frost/module.go:16.13,23.17 1 1
github.com/luxfi/precompile/frost/module.go:23.17,24.13 1 0
github.com/luxfi/precompile/frost/module.go:28.59,30.2 1 0
github.com/luxfi/precompile/frost/module.go:37.9,40.2 1 0
github.com/luxfi/precompile/frost/module.go:47.31,49.2 1 0
github.com/luxfi/precompile/frost/module.go:51.38,53.2 1 0
github.com/luxfi/precompile/frost/module.go:55.36,57.2 1 0
github.com/luxfi/precompile/frost/module.go:59.58,61.9 2 0
github.com/luxfi/precompile/frost/module.go:61.9,63.3 1 0
github.com/luxfi/precompile/frost/module.go:64.2,64.40 1 0
github.com/luxfi/precompile/frost/module.go:67.73,70.2 1 0
github.com/luxfi/precompile/graph/graph.go:94.67,106.2 1 1
github.com/luxfi/precompile/graph/graph.go:109.61,116.2 6 0
github.com/luxfi/precompile/graph/graph.go:119.60,126.2 6 1
github.com/luxfi/precompile/graph/graph.go:139.26,146.45 4 1
github.com/luxfi/precompile/graph/graph.go:146.45,148.3 1 0
github.com/luxfi/precompile/graph/graph.go:151.2,152.24 2 1
github.com/luxfi/precompile/graph/graph.go:152.24,154.3 1 0
github.com/luxfi/precompile/graph/graph.go:157.2,158.40 2 1
github.com/luxfi/precompile/graph/graph.go:158.40,159.46 1 0
github.com/luxfi/precompile/graph/graph.go:159.46,165.4 2 0
github.com/luxfi/precompile/graph/graph.go:167.3,167.28 1 0
github.com/luxfi/precompile/graph/graph.go:169.2,176.28 5 1
github.com/luxfi/precompile/graph/graph.go:176.28,177.67 1 0
github.com/luxfi/precompile/graph/graph.go:177.67,179.4 1 0
github.com/luxfi/precompile/graph/graph.go:182.2,185.32 3 1
github.com/luxfi/precompile/graph/graph.go:185.32,188.3 1 1
github.com/luxfi/precompile/graph/graph.go:188.8,188.39 1 0
github.com/luxfi/precompile/graph/graph.go:188.39,191.3 1 0
github.com/luxfi/precompile/graph/graph.go:191.8,194.3 1 0
github.com/luxfi/precompile/graph/graph.go:196.2,196.16 1 1
github.com/luxfi/precompile/graph/graph.go:196.16,197.44 1 0
github.com/luxfi/precompile/graph/graph.go:197.44,199.4 1 0
github.com/luxfi/precompile/graph/graph.go:200.3,203.9 1 0
github.com/luxfi/precompile/graph/graph.go:207.2,207.35 1 1
github.com/luxfi/precompile/graph/graph.go:207.35,209.3 1 0
github.com/luxfi/precompile/graph/graph.go:212.2,216.42 3 1
github.com/luxfi/precompile/graph/graph.go:216.42,222.3 1 1
github.com/luxfi/precompile/graph/graph.go:225.2,233.8 5 1
github.com/luxfi/precompile/graph/graph.go:244.26,246.9 2 0
github.com/luxfi/precompile/graph/graph.go:246.9,248.3 1 0
github.com/luxfi/precompile/graph/graph.go:250.2,250.34 1 0
github.com/luxfi/precompile/graph/graph.go:250.34,252.3 1 0
github.com/luxfi/precompile/graph/graph.go:254.2,254.33 1 0
github.com/luxfi/precompile/graph/graph.go:254.33,256.3 1 0
github.com/luxfi/precompile/graph/graph.go:259.2,261.27 3 0
github.com/luxfi/precompile/graph/graph.go:261.27,262.24 1 0
github.com/luxfi/precompile/graph/graph.go:262.24,264.4 1 0
github.com/luxfi/precompile/graph/graph.go:267.2,274.48 3 0
github.com/luxfi/precompile/graph/graph.go:282.67,283.25 1 1
github.com/luxfi/precompile/graph/graph.go:283.25,285.3 1 0
github.com/luxfi/precompile/graph/graph.go:286.2,286.35 1 1
github.com/luxfi/precompile/graph/graph.go:286.35,288.3 1 0
github.com/luxfi/precompile/graph/graph.go:289.2,289.12 1 1
github.com/luxfi/precompile/graph/graph.go:293.71,299.20 3 1
github.com/luxfi/precompile/graph/graph.go:299.20,301.3 1 0
github.com/luxfi/precompile/graph/graph.go:301.8,303.3 1 1
github.com/luxfi/precompile/graph/graph.go:306.2,306.31 1 1
github.com/luxfi/precompile/graph/graph.go:306.31,308.3 1 0
github.com/luxfi/precompile/graph/graph.go:311.2,313.13 2 1
github.com/luxfi/precompile/graph/graph.go:321.19,327.43 5 0
github.com/luxfi/precompile/graph/graph.go:327.43,329.23 2 0
github.com/luxfi/precompile/graph/graph.go:329.23,336.37 5 0
github.com/luxfi/precompile/graph/graph.go:336.37,339.5 2 0
github.com/luxfi/precompile/graph/graph.go:340.4,340.42 1 0
github.com/luxfi/precompile/graph/graph.go:344.2,346.42 2 0
github.com/luxfi/precompile/graph/graph.go:346.42,348.3 1 0
github.com/luxfi/precompile/graph/graph.go:351.2,355.31 2 0
github.com/luxfi/precompile/graph/graph.go:363.52,367.2 3 1
github.com/luxfi/precompile/graph/graph.go:370.49,374.2 3 0
github.com/luxfi/precompile/graph/graph.go:377.42,381.2 3 0
github.com/luxfi/precompile/graph/graph.go:388.62,389.20 1 1
github.com/luxfi/precompile/graph/graph.go:389.20,391.3 1 1
github.com/luxfi/precompile/graph/graph.go:394.2,396.18 2 1
github.com/luxfi/precompile/graph/graph.go:397.12,398.25 1 1
github.com/luxfi/precompile/graph/graph.go:399.12,400.24 1 0
github.com/luxfi/precompile/graph/graph.go:401.12,402.22 1 1
github.com/luxfi/precompile/graph/graph.go:403.10,404.25 1 0
github.com/luxfi/precompile/graph/graph.go:409.63,410.20 1 1
github.com/luxfi/precompile/graph/graph.go:410.20,412.3 1 1
github.com/luxfi/precompile/graph/graph.go:414.2,416.18 2 1
github.com/luxfi/precompile/graph/graph.go:417.12,418.31 1 1
github.com/luxfi/precompile/graph/graph.go:419.12,420.41 1 0
github.com/luxfi/precompile/graph/graph.go:421.12,422.25 1 1
github.com/luxfi/precompile/graph/graph.go:423.10,424.57 1 0
github.com/luxfi/precompile/graph/graph.go:429.68,432.52 2 1
github.com/luxfi/precompile/graph/graph.go:432.52,434.3 1 0
github.com/luxfi/precompile/graph/graph.go:437.2,438.16 2 1
github.com/luxfi/precompile/graph/graph.go:438.16,440.3 1 0
github.com/luxfi/precompile/graph/graph.go:442.2,442.23 1 1
github.com/luxfi/precompile/graph/graph.go:446.78,447.20 1 0
github.com/luxfi/precompile/graph/graph.go:447.20,449.3 1 0
github.com/luxfi/precompile/graph/graph.go:451.2,456.26 4 0
github.com/luxfi/precompile/graph/graph.go:456.26,457.28 1 0
github.com/luxfi/precompile/graph/graph.go:457.28,458.9 1 0
github.com/luxfi/precompile/graph/graph.go:460.3,462.38 3 0
github.com/luxfi/precompile/graph/graph.go:462.38,463.9 1 0
github.com/luxfi/precompile/graph/graph.go:465.3,466.24 2 0
github.com/luxfi/precompile/graph/graph.go:469.2,470.16 2 0
github.com/luxfi/precompile/graph/graph.go:470.16,472.3 1 0
github.com/luxfi/precompile/graph/graph.go:474.2,474.23 1 0
github.com/luxfi/precompile/graph/graph.go:478.59,481.2 2 1
github.com/luxfi/precompile/graph/graphvm_client.go:29.81,31.15 2 1
github.com/luxfi/precompile/graph/graphvm_client.go:31.15,33.3 1 1
github.com/luxfi/precompile/graph/graphvm_client.go:34.2,37.3 1 1
github.com/luxfi/precompile/graph/graphvm_client.go:41.108,45.2 3 1
github.com/luxfi/precompile/graph/graphvm_client.go:49.108,50.23 1 1
github.com/luxfi/precompile/graph/graphvm_client.go:50.23,52.3 1 1
github.com/luxfi/precompile/graph/graphvm_client.go:55.2,64.26 3 1
github.com/luxfi/precompile/graph/graphvm_client.go:64.26,68.41 3 1
github.com/luxfi/precompile/graph/graphvm_client.go:68.41,70.4 1 0
github.com/luxfi/precompile/graph/graphvm_client.go:71.3,71.63 1 1
github.com/luxfi/precompile/graph/graphvm_client.go:75.2,76.16 2 1
github.com/luxfi/precompile/graph/graphvm_client.go:76.16,78.3 1 0
github.com/luxfi/precompile/graph/graphvm_client.go:80.2,80.20 1 1
github.com/luxfi/precompile/graph/graphvm_client.go:86.129,87.23 1 1
github.com/luxfi/precompile/graph/graphvm_client.go:87.23,89.3 1 1
github.com/luxfi/precompile/graph/graphvm_client.go:93.2,93.42 1 1
github.com/luxfi/precompile/graph/graphvm_client.go:93.42,95.3 1 1
github.com/luxfi/precompile/graph/graphvm_client.go:98.2,98.39 1 1
github.com/luxfi/precompile/graph/graphvm_client.go:102.51,103.23 1 1
github.com/luxfi/precompile/graph/graphvm_client.go:103.23,105.3 1 1
github.com/luxfi/precompile/graph/graphvm_client.go:106.2,106.27 1 1
github.com/luxfi/precompile/graph/graphvm_client.go:111.82,112.23 1 1
github.com/luxfi/precompile/graph/graphvm_client.go:112.23,114.3 1 1
github.com/luxfi/precompile/graph/graphvm_client.go:118.42,120.2 1 1
github.com/luxfi/precompile/graph/graphvm_client.go:123.52,125.2 1 1
github.com/luxfi/precompile/graph/module.go:46.66,49.2 2 1
github.com/luxfi/precompile/graph/module.go:52.93,55.2 2 1
github.com/luxfi/precompile/graph/module.go:67.13,68.55 1 1
github.com/luxfi/precompile/graph/module.go:68.55,69.13 1 0
github.com/luxfi/precompile/graph/module.go:73.59,75.2 1 0
github.com/luxfi/precompile/graph/module.go:82.9,84.9 2 0
github.com/luxfi/precompile/graph/module.go:84.9,86.3 1 0
github.com/luxfi/precompile/graph/module.go:89.2,89.33 1 0
github.com/luxfi/precompile/graph/module.go:89.33,91.3 1 0
github.com/luxfi/precompile/graph/module.go:92.2,92.29 1 0
github.com/luxfi/precompile/graph/module.go:92.29,94.3 1 0
github.com/luxfi/precompile/graph/module.go:95.2,95.29 1 0
github.com/luxfi/precompile/graph/module.go:95.29,97.3 1 0
github.com/luxfi/precompile/graph/module.go:99.2,99.12 1 0
github.com/luxfi/precompile/graph/module.go:110.36,112.2 1 1
github.com/luxfi/precompile/graph/module.go:114.43,116.2 1 1
github.com/luxfi/precompile/graph/module.go:118.41,120.2 1 1
github.com/luxfi/precompile/graph/module.go:122.63,124.9 2 1
github.com/luxfi/precompile/graph/module.go:124.9,126.3 1 1
github.com/luxfi/precompile/graph/module.go:127.2,130.39 1 1
github.com/luxfi/precompile/graph/module.go:133.78,135.2 1 1
github.com/luxfi/precompile/graph/module.go:145.48,147.31 2 1
github.com/luxfi/precompile/graph/module.go:147.31,149.3 1 1
github.com/luxfi/precompile/graph/module.go:151.2,152.19 2 1
github.com/luxfi/precompile/graph/module.go:152.19,154.3 1 1
github.com/luxfi/precompile/graph/module.go:156.2,156.47 1 1
github.com/luxfi/precompile/graph/oracle.go:230.62,246.52 2 0
github.com/luxfi/precompile/graph/oracle.go:246.52,248.3 1 0
github.com/luxfi/precompile/graph/oracle.go:251.2,265.8 7 0
github.com/luxfi/precompile/graph/oracle.go:269.68,288.52 2 0
github.com/luxfi/precompile/graph/oracle.go:288.52,290.3 1 0
github.com/luxfi/precompile/graph/oracle.go:292.2,303.8 3 0
github.com/luxfi/precompile/graph/oracle.go:307.13,313.2 2 1
github.com/luxfi/precompile/hpke/contract.go:100.65,102.2 1 1
github.com/luxfi/precompile/hpke/contract.go:104.59,105.19 1 1
github.com/luxfi/precompile/hpke/contract.go:105.19,106.28 1 1
github.com/luxfi/precompile/hpke/contract.go:106.28,109.4 2 1
github.com/luxfi/precompile/hpke/contract.go:110.3,111.10 2 1
github.com/luxfi/precompile/hpke/contract.go:113.2,113.20 1 1
github.com/luxfi/precompile/hpke/contract.go:120.51,122.2 1 1
github.com/luxfi/precompile/hpke/contract.go:124.34,125.15 1 1
github.com/luxfi/precompile/hpke/contract.go:126.15,127.26 1 1
github.com/luxfi/precompile/hpke/contract.go:128.15,129.26 1 0
github.com/luxfi/precompile/hpke/contract.go:130.15,131.26 1 0
github.com/luxfi/precompile/hpke/contract.go:132.17,133.28 1 1
github.com/luxfi/precompile/hpke/contract.go:134.25,135.36 1 1
github.com/luxfi/precompile/hpke/contract.go:136.16,137.27 1 1
github.com/luxfi/precompile/hpke/contract.go:138.10,139.28 1 0
github.com/luxfi/precompile/hpke/contract.go:144.36,146.2 1 1
github.com/luxfi/precompile/hpke/contract.go:149.59,150.20 1 1
github.com/luxfi/precompile/hpke/contract.go:150.20,152.3 1 1
github.com/luxfi/precompile/hpke/contract.go:154.2,156.12 2 1
github.com/luxfi/precompile/hpke/contract.go:157.24,159.32 1 1
github.com/luxfi/precompile/hpke/contract.go:159.32,161.4 1 1
github.com/luxfi/precompile/hpke/contract.go:162.3,166.92 3 1
github.com/luxfi/precompile/hpke/contract.go:168.10,169.11 1 1
github.com/luxfi/precompile/hpke/contract.go:181.27,183.27 2 1
github.com/luxfi/precompile/hpke/contract.go:183.27,185.3 1 1
github.com/luxfi/precompile/hpke/contract.go:187.2,187.20 1 1
github.com/luxfi/precompile/hpke/contract.go:187.20,189.3 1 1
github.com/luxfi/precompile/hpke/contract.go:191.2,196.12 4 1
github.com/luxfi/precompile/hpke/contract.go:197.24,198.44 1 1
github.com/luxfi/precompile/hpke/contract.go:199.10,200.56 1 1
github.com/luxfi/precompile/hpke/contract.go:203.2,203.16 1 1
github.com/luxfi/precompile/hpke/contract.go:203.16,205.3 1 1
github.com/luxfi/precompile/hpke/contract.go:207.2,207.43 1 1
github.com/luxfi/precompile/hpke/contract.go:210.71,211.20 1 1
github.com/luxfi/precompile/hpke/contract.go:211.20,213.3 1 0
github.com/luxfi/precompile/hpke/contract.go:215.2,220.15 5 1
github.com/luxfi/precompile/hpke/contract.go:221.15,222.34 1 1
github.com/luxfi/precompile/hpke/contract.go:223.15,224.34 1 0
github.com/luxfi/precompile/hpke/contract.go:225.15,226.34 1 0
github.com/luxfi/precompile/hpke/contract.go:227.17,228.36 1 1
github.com/luxfi/precompile/hpke/contract.go:229.25,230.41 1 1
github.com/luxfi/precompile/hpke/contract.go:231.16,232.23 1 1
github.com/luxfi/precompile/hpke/contract.go:233.10,234.45 1 0
github.com/luxfi/precompile/hpke/contract.go:237.2,238.15 2 1
github.com/luxfi/precompile/hpke/contract.go:239.14,240.29 1 1
github.com/luxfi/precompile/hpke/contract.go:241.14,242.29 1 0
github.com/luxfi/precompile/hpke/contract.go:243.14,244.29 1 0
github.com/luxfi/precompile/hpke/contract.go:245.10,246.45 1 0
github.com/luxfi/precompile/hpke/contract.go:249.2,250.16 2 1
github.com/luxfi/precompile/hpke/contract.go:251.14,252.29 1 1
github.com/luxfi/precompile/hpke/contract.go:253.14,254.29 1 1
github.com/luxfi/precompile/hpke/contract.go:255.14,256.36 1 0
github.com/luxfi/precompile/hpke/contract.go:257.10,258.45 1 0
github.com/luxfi/precompile/hpke/contract.go:261.2,261.43 1 1
github.com/luxfi/precompile/hpke/contract.go:275.77,277.31 1 1
github.com/luxfi/precompile/hpke/contract.go:277.31,279.3 1 1
github.com/luxfi/precompile/hpke/contract.go:281.2,284.16 3 1
github.com/luxfi/precompile/hpke/contract.go:284.16,286.3 1 0
github.com/luxfi/precompile/hpke/contract.go:288.2,296.27 5 1
github.com/luxfi/precompile/hpke/contract.go:296.27,298.3 1 0
github.com/luxfi/precompile/hpke/contract.go:299.2,302.31 3 1
github.com/luxfi/precompile/hpke/contract.go:302.31,304.3 1 0
github.com/luxfi/precompile/hpke/contract.go:305.2,309.27 3 1
github.com/luxfi/precompile/hpke/contract.go:309.27,311.3 1 0
github.com/luxfi/precompile/hpke/contract.go:312.2,316.17 4 1
github.com/luxfi/precompile/hpke/contract.go:316.17,317.34 1 1
github.com/luxfi/precompile/hpke/contract.go:317.34,319.4 1 0
github.com/luxfi/precompile/hpke/contract.go:320.3,321.20 2 1
github.com/luxfi/precompile/hpke/contract.go:325.2,325.27 1 1
github.com/luxfi/precompile/hpke/contract.go:325.27,327.3 1 0
github.com/luxfi/precompile/hpke/contract.go:328.2,332.16 4 1
github.com/luxfi/precompile/hpke/contract.go:332.16,333.33 1 1
github.com/luxfi/precompile/hpke/contract.go:333.33,335.4 1 0
github.com/luxfi/precompile/hpke/contract.go:336.3,337.19 2 1
github.com/luxfi/precompile/hpke/contract.go:340.2,348.8 1 1
github.com/luxfi/precompile/hpke/contract.go:351.71,353.16 2 1
github.com/luxfi/precompile/hpke/contract.go:353.16,355.3 1 1
github.com/luxfi/precompile/hpke/contract.go:360.2,360.30 1 1
github.com/luxfi/precompile/hpke/contract.go:360.30,361.67 1 1
github.com/luxfi/precompile/hpke/contract.go:361.67,363.4 1 0
github.com/luxfi/precompile/hpke/contract.go:367.2,367.36 1 1
github.com/luxfi/precompile/hpke/contract.go:370.80,373.16 3 1
github.com/luxfi/precompile/hpke/contract.go:373.16,375.3 1 0
github.com/luxfi/precompile/hpke/contract.go:377.2,378.16 2 1
github.com/luxfi/precompile/hpke/contract.go:378.16,380.3 1 0
github.com/luxfi/precompile/hpke/contract.go:386.2,389.16 3 1
github.com/luxfi/precompile/hpke/contract.go:389.16,391.3 1 0
github.com/luxfi/precompile/hpke/contract.go:393.2,394.16 2 1
github.com/luxfi/precompile/hpke/contract.go:394.16,396.3 1 0
github.com/luxfi/precompile/hpke/contract.go:398.2,401.20 4 1
github.com/luxfi/precompile/hpke/contract.go:407.80,408.24 1 1
github.com/luxfi/precompile/hpke/contract.go:408.24,410.3 1 1
github.com/luxfi/precompile/hpke/contract.go:412.2,413.16 2 0
github.com/luxfi/precompile/hpke/contract.go:413.16,415.3 1 0
github.com/luxfi/precompile/hpke/contract.go:416.2,424.16 4 0
github.com/luxfi/precompile/hpke/contract.go:424.16,426.3 1 0
github.com/luxfi/precompile/hpke/contract.go:427.2,430.16 3 0
github.com/luxfi/precompile/hpke/contract.go:430.16,432.3 1 0
github.com/luxfi/precompile/hpke/contract.go:433.2,436.16 3 0
github.com/luxfi/precompile/hpke/contract.go:436.16,438.3 1 0
github.com/luxfi/precompile/hpke/contract.go:439.2,441.104 2 0
github.com/luxfi/precompile/hpke/contract.go:441.104,443.3 1 0
github.com/luxfi/precompile/hpke/contract.go:445.2,445.36 1 0
github.com/luxfi/precompile/hpke/contract.go:445.36,447.3 1 0
github.com/luxfi/precompile/hpke/contract.go:453.2,453.36 1 0
github.com/luxfi/precompile/hpke/module.go:18.13,24.17 1 1
github.com/luxfi/precompile/hpke/module.go:24.17,25.13 1 0
github.com/luxfi/precompile/hpke/module.go:29.59,29.79 1 0
github.com/luxfi/precompile/hpke/module.go:36.9,38.2 1 0
github.com/luxfi/precompile/hpke/module.go:44.38,44.58 1 0
github.com/luxfi/precompile/hpke/module.go:45.38,45.70 1 0
github.com/luxfi/precompile/hpke/module.go:46.38,46.66 1 0
github.com/luxfi/precompile/hpke/module.go:47.58,49.9 2 0
github.com/luxfi/precompile/hpke/module.go:49.9,51.3 1 0
github.com/luxfi/precompile/hpke/module.go:52.2,52.40 1 0
github.com/luxfi/precompile/hpke/module.go:54.61,54.75 1 0
github.com/luxfi/precompile/kzg4844/contract.go:80.13,84.16 3 1
github.com/luxfi/precompile/kzg4844/contract.go:84.16,87.3 1 0
github.com/luxfi/precompile/kzg4844/contract.go:93.54,95.2 1 1
github.com/luxfi/precompile/kzg4844/contract.go:98.62,99.20 1 1
github.com/luxfi/precompile/kzg4844/contract.go:99.20,101.3 1 1
github.com/luxfi/precompile/kzg4844/contract.go:103.2,105.12 2 1
github.com/luxfi/precompile/kzg4844/contract.go:106.26,107.29 1 1
github.com/luxfi/precompile/kzg4844/contract.go:109.22,110.25 1 1
github.com/luxfi/precompile/kzg4844/contract.go:112.21,113.24 1 1
github.com/luxfi/precompile/kzg4844/contract.go:115.25,116.28 1 1
github.com/luxfi/precompile/kzg4844/contract.go:118.27,119.21 1 1
github.com/luxfi/precompile/kzg4844/contract.go:119.21,121.4 1 0
github.com/luxfi/precompile/kzg4844/contract.go:122.3,123.69 2 1
github.com/luxfi/precompile/kzg4844/contract.go:125.26,126.29 1 1
github.com/luxfi/precompile/kzg4844/contract.go:128.28,129.21 1 0
github.com/luxfi/precompile/kzg4844/contract.go:129.21,131.4 1 0
github.com/luxfi/precompile/kzg4844/contract.go:132.3,133.64 2 0
github.com/luxfi/precompile/kzg4844/contract.go:135.10,136.11 1 1
github.com/luxfi/precompile/kzg4844/contract.go:148.27,150.27 2 1
github.com/luxfi/precompile/kzg4844/contract.go:150.27,152.3 1 1
github.com/luxfi/precompile/kzg4844/contract.go:154.2,154.20 1 1
github.com/luxfi/precompile/kzg4844/contract.go:154.20,156.3 1 1
github.com/luxfi/precompile/kzg4844/contract.go:158.2,158.23 1 1
github.com/luxfi/precompile/kzg4844/contract.go:158.23,160.3 1 0
github.com/luxfi/precompile/kzg4844/contract.go:162.2,167.12 4 1
github.com/luxfi/precompile/kzg4844/contract.go:168.26,169.46 1 1
github.com/luxfi/precompile/kzg4844/contract.go:170.22,171.42 1 1
github.com/luxfi/precompile/kzg4844/contract.go:172.21,173.41 1 1
github.com/luxfi/precompile/kzg4844/contract.go:174.25,175.45 1 1
github.com/luxfi/precompile/kzg4844/contract.go:176.27,177.47 1 1
github.com/luxfi/precompile/kzg4844/contract.go:178.26,179.46 1 1
github.com/luxfi/precompile/kzg4844/contract.go:180.10,181.56 1 1
github.com/luxfi/precompile/kzg4844/contract.go:184.2,184.16 1 1
github.com/luxfi/precompile/kzg4844/contract.go:184.16,186.3 1 1
github.com/luxfi/precompile/kzg4844/contract.go:188.2,188.43 1 1
github.com/luxfi/precompile/kzg4844/contract.go:192.76,193.27 1 1
github.com/luxfi/precompile/kzg4844/contract.go:193.27,195.3 1 1
github.com/luxfi/precompile/kzg4844/contract.go:198.2,198.71 1 1
github.com/luxfi/precompile/kzg4844/contract.go:198.71,200.3 1 0
github.com/luxfi/precompile/kzg4844/contract.go:203.2,207.16 4 1
github.com/luxfi/precompile/kzg4844/contract.go:207.16,209.3 1 0
github.com/luxfi/precompile/kzg4844/contract.go:211.2,211.27 1 1
github.com/luxfi/precompile/kzg4844/contract.go:215.72,216.44 1 1
github.com/luxfi/precompile/kzg4844/contract.go:216.44,218.3 1 0
github.com/luxfi/precompile/kzg4844/contract.go:220.2,229.16 6 1
github.com/luxfi/precompile/kzg4844/contract.go:229.16,231.3 1 0
github.com/luxfi/precompile/kzg4844/contract.go:234.2,238.20 4 1
github.com/luxfi/precompile/kzg4844/contract.go:242.71,245.30 2 1
github.com/luxfi/precompile/kzg4844/contract.go:245.30,247.3 1 0
github.com/luxfi/precompile/kzg4844/contract.go:249.2,260.16 9 1
github.com/luxfi/precompile/kzg4844/contract.go:260.16,262.3 1 1
github.com/luxfi/precompile/kzg4844/contract.go:264.2,264.26 1 1
github.com/luxfi/precompile/kzg4844/contract.go:268.75,271.30 2 1
github.com/luxfi/precompile/kzg4844/contract.go:271.30,273.3 1 0
github.com/luxfi/precompile/kzg4844/contract.go:275.2,285.16 8 1
github.com/luxfi/precompile/kzg4844/contract.go:285.16,287.3 1 0
github.com/luxfi/precompile/kzg4844/contract.go:289.2,289.26 1 1
github.com/luxfi/precompile/kzg4844/contract.go:293.77,294.20 1 1
github.com/luxfi/precompile/kzg4844/contract.go:294.20,296.3 1 0
github.com/luxfi/precompile/kzg4844/contract.go:298.2,299.20 2 1
github.com/luxfi/precompile/kzg4844/contract.go:299.20,301.3 1 1
github.com/luxfi/precompile/kzg4844/contract.go:303.2,308.30 4 1
github.com/luxfi/precompile/kzg4844/contract.go:308.30,310.3 1 0
github.com/luxfi/precompile/kzg4844/contract.go:312.2,317.27 5 1
github.com/luxfi/precompile/kzg4844/contract.go:317.27,329.3 8 1
github.com/luxfi/precompile/kzg4844/contract.go:332.2,332.27 1 1
github.com/luxfi/precompile/kzg4844/contract.go:332.27,334.17 2 1
github.com/luxfi/precompile/kzg4844/contract.go:334.17,336.4 1 0
github.com/luxfi/precompile/kzg4844/contract.go:339.2,339.26 1 1
github.com/luxfi/precompile/kzg4844/contract.go:343.76,344.33 1 1
github.com/luxfi/precompile/kzg4844/contract.go:344.33,346.3 1 0
github.com/luxfi/precompile/kzg4844/contract.go:350.2,357.26 5 1
github.com/luxfi/precompile/kzg4844/contract.go:362.58,363.24 1 1
github.com/luxfi/precompile/kzg4844/contract.go:363.24,365.3 1 1
github.com/luxfi/precompile/kzg4844/contract.go:367.2,368.16 2 0
github.com/luxfi/precompile/kzg4844/contract.go:368.16,370.3 1 0
github.com/luxfi/precompile/kzg4844/contract.go:371.2,380.16 4 0
github.com/luxfi/precompile/kzg4844/contract.go:380.16,382.3 1 0
github.com/luxfi/precompile/kzg4844/contract.go:383.2,387.16 3 0
github.com/luxfi/precompile/kzg4844/contract.go:387.16,389.3 1 0
github.com/luxfi/precompile/kzg4844/contract.go:390.2,393.16 3 0
github.com/luxfi/precompile/kzg4844/contract.go:393.16,395.3 1 0
github.com/luxfi/precompile/kzg4844/contract.go:396.2,398.107 2 0
github.com/luxfi/precompile/kzg4844/contract.go:398.107,400.3 1 0
github.com/luxfi/precompile/kzg4844/contract.go:402.2,403.16 2 0
github.com/luxfi/precompile/kzg4844/contract.go:403.16,405.3 1 0
github.com/luxfi/precompile/kzg4844/contract.go:407.2,407.21 1 0
github.com/luxfi/precompile/kzg4844/module.go:25.43,27.2 1 0
github.com/luxfi/precompile/kzg4844/module.go:30.66,32.2 1 0
github.com/luxfi/precompile/kzg4844/module.go:38.9,40.2 1 0
github.com/luxfi/precompile/math/contract.go:64.27,65.20 1 1
github.com/luxfi/precompile/math/contract.go:65.20,67.3 1 1
github.com/luxfi/precompile/math/contract.go:68.2,74.16 6 1
github.com/luxfi/precompile/math/contract.go:74.16,76.3 1 1
github.com/luxfi/precompile/math/contract.go:78.2,78.12 1 1
github.com/luxfi/precompile/math/contract.go:79.16,80.34 1 1
github.com/luxfi/precompile/math/contract.go:81.23,82.33 1 1
github.com/luxfi/precompile/math/contract.go:83.14,84.25 1 1
github.com/luxfi/precompile/math/contract.go:85.14,86.25 1 1
github.com/luxfi/precompile/math/contract.go:87.13,88.24 1 1
github.com/luxfi/precompile/math/contract.go:89.13,90.24 1 1
github.com/luxfi/precompile/math/contract.go:91.10,92.32 1 1
github.com/luxfi/precompile/math/contract.go:97.76,98.20 1 1
github.com/luxfi/precompile/math/contract.go:98.20,100.3 1 1
github.com/luxfi/precompile/math/contract.go:101.2,104.19 4 1
github.com/luxfi/precompile/math/contract.go:104.19,106.3 1 1
github.com/luxfi/precompile/math/contract.go:107.2,108.13 2 1
github.com/luxfi/precompile/math/contract.go:108.13,111.3 1 1
github.com/luxfi/precompile/math/contract.go:112.2,113.42 2 1
github.com/luxfi/precompile/math/contract.go:117.60,118.20 1 1
github.com/luxfi/precompile/math/contract.go:118.20,120.3 1 1
github.com/luxfi/precompile/math/contract.go:121.2,122.18 2 1
github.com/luxfi/precompile/math/contract.go:122.18,124.3 1 0
github.com/luxfi/precompile/math/contract.go:125.2,126.42 2 1
github.com/luxfi/precompile/math/contract.go:130.60,131.20 1 1
github.com/luxfi/precompile/math/contract.go:131.20,133.3 1 0
github.com/luxfi/precompile/math/contract.go:134.2,135.19 2 1
github.com/luxfi/precompile/math/contract.go:135.19,137.3 1 1
github.com/luxfi/precompile/math/contract.go:138.2,139.42 2 1
github.com/luxfi/precompile/math/contract.go:145.59,146.20 1 1
github.com/luxfi/precompile/math/contract.go:146.20,148.3 1 0
github.com/luxfi/precompile/math/contract.go:149.2,155.34 4 1
github.com/luxfi/precompile/math/contract.go:155.34,159.23 3 1
github.com/luxfi/precompile/math/contract.go:159.23,160.9 1 1
github.com/luxfi/precompile/math/contract.go:162.3,162.27 1 0
github.com/luxfi/precompile/math/contract.go:164.2,164.42 1 1
github.com/luxfi/precompile/math/contract.go:169.59,170.20 1 1
github.com/luxfi/precompile/math/contract.go:170.20,172.3 1 0
github.com/luxfi/precompile/math/contract.go:173.2,179.42 5 1
github.com/luxfi/precompile/math/contract.go:183.31,184.18 1 1
github.com/luxfi/precompile/math/contract.go:184.18,186.3 1 0
github.com/luxfi/precompile/math/contract.go:187.2,189.15 3 1
github.com/luxfi/precompile/math/module.go:25.13,26.55 1 1
github.com/luxfi/precompile/math/module.go:26.55,27.13 1 0
github.com/luxfi/precompile/math/module.go:31.59,31.81 1 0
github.com/luxfi/precompile/math/module.go:38.9,40.2 1 0
github.com/luxfi/precompile/math/module.go:46.38,46.58 1 0
github.com/luxfi/precompile/math/module.go:47.38,47.70 1 0
github.com/luxfi/precompile/math/module.go:48.38,48.66 1 0
github.com/luxfi/precompile/math/module.go:49.58,51.9 2 0
github.com/luxfi/precompile/math/module.go:51.9,53.3 1 0
github.com/luxfi/precompile/math/module.go:54.2,54.40 1 0
github.com/luxfi/precompile/math/module.go:56.61,56.75 1 0
github.com/luxfi/precompile/mldsa/contract.go:85.58,87.2 1 1
github.com/luxfi/precompile/mldsa/contract.go:90.107,91.14 1 1
github.com/luxfi/precompile/mldsa/contract.go:92.19,93.94 1 1
github.com/luxfi/precompile/mldsa/contract.go:94.19,95.94 1 1
github.com/luxfi/precompile/mldsa/contract.go:96.19,97.94 1 1
github.com/luxfi/precompile/mldsa/contract.go:98.10,99.40 1 1
github.com/luxfi/precompile/mldsa/contract.go:104.66,105.27 1 1
github.com/luxfi/precompile/mldsa/contract.go:105.27,107.3 1 1
github.com/luxfi/precompile/mldsa/contract.go:110.2,110.31 1 1
github.com/luxfi/precompile/mldsa/contract.go:110.31,112.3 1 1
github.com/luxfi/precompile/mldsa/contract.go:114.2,116.16 3 1
github.com/luxfi/precompile/mldsa/contract.go:116.16,118.3 1 1
github.com/luxfi/precompile/mldsa/contract.go:121.2,122.46 2 1
github.com/luxfi/precompile/mldsa/contract.go:122.46,124.3 1 1
github.com/luxfi/precompile/mldsa/contract.go:127.2,131.61 3 1
github.com/luxfi/precompile/mldsa/contract.go:131.61,133.3 1 0
github.com/luxfi/precompile/mldsa/contract.go:136.2,136.51 1 1
github.com/luxfi/precompile/mldsa/contract.go:140.71,142.39 1 1
github.com/luxfi/precompile/mldsa/contract.go:142.39,144.3 1 0
github.com/luxfi/precompile/mldsa/contract.go:145.2,146.56 2 1
github.com/luxfi/precompile/mldsa/contract.go:166.27,169.27 2 1
github.com/luxfi/precompile/mldsa/contract.go:169.27,171.3 1 1
github.com/luxfi/precompile/mldsa/contract.go:174.2,174.27 1 1
github.com/luxfi/precompile/mldsa/contract.go:174.27,176.3 1 1
github.com/luxfi/precompile/mldsa/contract.go:179.2,179.31 1 1
github.com/luxfi/precompile/mldsa/contract.go:179.31,181.3 1 1
github.com/luxfi/precompile/mldsa/contract.go:184.2,186.16 3 1
github.com/luxfi/precompile/mldsa/contract.go:186.16,188.3 1 1
github.com/luxfi/precompile/mldsa/contract.go:191.2,200.31 8 1
github.com/luxfi/precompile/mldsa/contract.go:200.31,203.3 1 1
github.com/luxfi/precompile/mldsa/contract.go:206.2,215.40 6 1
github.com/luxfi/precompile/mldsa/contract.go:215.40,218.3 1 0
github.com/luxfi/precompile/mldsa/contract.go:221.2,225.76 3 1
github.com/luxfi/precompile/mldsa/contract.go:225.76,227.3 1 0
github.com/luxfi/precompile/mldsa/contract.go:227.8,230.17 2 1
github.com/luxfi/precompile/mldsa/contract.go:230.17,232.4 1 0
github.com/luxfi/precompile/mldsa/contract.go:233.3,233.46 1 1
github.com/luxfi/precompile/mldsa/contract.go:237.2,238.11 2 1
github.com/luxfi/precompile/mldsa/contract.go:238.11,240.3 1 1
github.com/luxfi/precompile/mldsa/contract.go:242.2,242.43 1 1
github.com/luxfi/precompile/mldsa/contract.go:259.115,263.20 2 1
github.com/luxfi/precompile/mldsa/contract.go:263.20,265.3 1 0
github.com/luxfi/precompile/mldsa/contract.go:267.2,271.16 3 1
github.com/luxfi/precompile/mldsa/contract.go:271.16,273.3 1 1
github.com/luxfi/precompile/mldsa/contract.go:275.2,276.16 2 1
github.com/luxfi/precompile/mldsa/contract.go:276.16,278.3 1 0
github.com/luxfi/precompile/mldsa/contract.go:281.2,286.23 5 1
github.com/luxfi/precompile/mldsa/contract.go:286.23,288.37 1 1
github.com/luxfi/precompile/mldsa/contract.go:288.37,290.4 1 0
github.com/luxfi/precompile/mldsa/contract.go:291.3,295.41 3 1
github.com/luxfi/precompile/mldsa/contract.go:295.41,297.4 1 0
github.com/luxfi/precompile/mldsa/contract.go:298.3,302.34 3 1
github.com/luxfi/precompile/mldsa/contract.go:302.34,304.4 1 0
github.com/luxfi/precompile/mldsa/contract.go:305.3,309.33 3 1
github.com/luxfi/precompile/mldsa/contract.go:309.33,311.4 1 0
github.com/luxfi/precompile/mldsa/contract.go:312.3,313.19 2 1
github.com/luxfi/precompile/mldsa/contract.go:316.2,316.26 1 1
github.com/luxfi/precompile/mldsa/contract.go:316.26,318.3 1 0
github.com/luxfi/precompile/mldsa/contract.go:321.2,323.14 2 1
github.com/luxfi/precompile/mldsa/contract.go:323.14,326.24 2 1
github.com/luxfi/precompile/mldsa/contract.go:326.24,328.23 2 1
github.com/luxfi/precompile/mldsa/contract.go:328.23,330.13 2 0
github.com/luxfi/precompile/mldsa/contract.go:332.4,332.60 1 1
github.com/luxfi/precompile/mldsa/contract.go:337.2,338.20 2 1
github.com/luxfi/precompile/mldsa/contract.go:338.20,341.3 1 0
github.com/luxfi/precompile/mldsa/contract.go:342.2,343.23 2 1
github.com/luxfi/precompile/mldsa/contract.go:343.23,344.17 1 1
github.com/luxfi/precompile/mldsa/contract.go:344.17,346.4 1 1
github.com/luxfi/precompile/mldsa/contract.go:349.2,349.31 1 1
github.com/luxfi/precompile/mldsa/contract.go:354.79,355.24 1 1
github.com/luxfi/precompile/mldsa/contract.go:355.24,357.3 1 1
github.com/luxfi/precompile/mldsa/contract.go:358.2,359.16 2 0
github.com/luxfi/precompile/mldsa/contract.go:359.16,361.3 1 0
github.com/luxfi/precompile/mldsa/contract.go:362.2,362.22 1 0
github.com/luxfi/precompile/mldsa/contract.go:366.35,367.18 1 1
github.com/luxfi/precompile/mldsa/contract.go:367.18,369.3 1 0
github.com/luxfi/precompile/mldsa/contract.go:371.2,372.75 1 1
github.com/luxfi/precompile/mldsa/contract.go:377.81,378.24 1 1
github.com/luxfi/precompile/mldsa/contract.go:378.24,380.3 1 1
github.com/luxfi/precompile/mldsa/contract.go:382.2,383.16 2 0
github.com/luxfi/precompile/mldsa/contract.go:383.16,385.3 1 0
github.com/luxfi/precompile/mldsa/contract.go:386.2,392.16 4 0
github.com/luxfi/precompile/mldsa/contract.go:392.16,394.3 1 0
github.com/luxfi/precompile/mldsa/contract.go:395.2,398.16 3 0
github.com/luxfi/precompile/mldsa/contract.go:398.16,400.3 1 0
github.com/luxfi/precompile/mldsa/contract.go:401.2,404.16 3 0
github.com/luxfi/precompile/mldsa/contract.go:404.16,406.3 1 0
github.com/luxfi/precompile/mldsa/contract.go:407.2,411.16 3 0
github.com/luxfi/precompile/mldsa/contract.go:411.16,413.3 1 0
github.com/luxfi/precompile/mldsa/contract.go:415.2,415.21 1 0
github.com/luxfi/precompile/mldsa/contract.go:420.67,424.20 1 0
github.com/luxfi/precompile/mldsa/contract.go:424.20,426.3 1 0
github.com/luxfi/precompile/mldsa/contract.go:427.2,428.74 2 0
github.com/luxfi/precompile/mldsa/contract.go:439.27,451.53 3 0
github.com/luxfi/precompile/mldsa/contract.go:451.53,454.62 3 0
github.com/luxfi/precompile/mldsa/contract.go:454.62,456.4 1 0
github.com/luxfi/precompile/mldsa/contract.go:456.9,458.4 1 0
github.com/luxfi/precompile/mldsa/contract.go:461.2,461.27 1 0
github.com/luxfi/precompile/mldsa/contract.go:461.27,463.3 1 0
github.com/luxfi/precompile/mldsa/contract.go:465.2,465.33 1 0
github.com/luxfi/precompile/mldsa/contract.go:465.33,468.3 1 0
github.com/luxfi/precompile/mldsa/contract.go:471.2,477.40 6 0
github.com/luxfi/precompile/mldsa/contract.go:477.40,480.3 1 0
github.com/luxfi/precompile/mldsa/contract.go:482.2,485.16 3 0
github.com/luxfi/precompile/mldsa/contract.go:485.16,487.3 1 0
github.com/luxfi/precompile/mldsa/contract.go:489.2,492.11 3 0
github.com/luxfi/precompile/mldsa/contract.go:492.11,494.3 1 0
github.com/luxfi/precompile/mldsa/contract.go:496.2,496.43 1 0
github.com/luxfi/precompile/mldsa/module.go:18.13,24.17 1 1
github.com/luxfi/precompile/mldsa/module.go:24.17,25.13 1 0
github.com/luxfi/precompile/mldsa/module.go:29.59,29.79 1 0
github.com/luxfi/precompile/mldsa/module.go:36.9,38.2 1 0
github.com/luxfi/precompile/mldsa/module.go:44.38,44.58 1 0
github.com/luxfi/precompile/mldsa/module.go:45.38,45.70 1 0
github.com/luxfi/precompile/mldsa/module.go:46.38,46.66 1 0
github.com/luxfi/precompile/mldsa/module.go:47.58,49.9 2 0
github.com/luxfi/precompile/mldsa/module.go:49.9,51.3 1 0
github.com/luxfi/precompile/mldsa/module.go:52.2,52.40 1 0
github.com/luxfi/precompile/mldsa/module.go:54.61,54.75 1 0
github.com/luxfi/precompile/mlkem/contract.go:85.52,87.2 1 1
github.com/luxfi/precompile/mlkem/contract.go:90.120,91.14 1 1
github.com/luxfi/precompile/mlkem/contract.go:92.20,94.47 1 1
github.com/luxfi/precompile/mlkem/contract.go:95.20,97.47 1 1
github.com/luxfi/precompile/mlkem/contract.go:98.21,100.49 1 1
github.com/luxfi/precompile/mlkem/contract.go:101.10,102.43 1 1
github.com/luxfi/precompile/mlkem/contract.go:107.60,108.20 1 1
github.com/luxfi/precompile/mlkem/contract.go:108.20,110.3 1 1
github.com/luxfi/precompile/mlkem/contract.go:112.2,115.25 3 1
github.com/luxfi/precompile/mlkem/contract.go:115.25,117.3 1 1
github.com/luxfi/precompile/mlkem/contract.go:119.2,120.16 2 1
github.com/luxfi/precompile/mlkem/contract.go:120.16,122.3 1 1
github.com/luxfi/precompile/mlkem/contract.go:124.2,124.18 1 1
github.com/luxfi/precompile/mlkem/contract.go:145.27,147.27 2 1
github.com/luxfi/precompile/mlkem/contract.go:147.27,149.3 1 1
github.com/luxfi/precompile/mlkem/contract.go:151.2,151.20 1 1
github.com/luxfi/precompile/mlkem/contract.go:151.20,153.3 1 1
github.com/luxfi/precompile/mlkem/contract.go:155.2,161.12 5 1
github.com/luxfi/precompile/mlkem/contract.go:162.21,163.47 1 1
github.com/luxfi/precompile/mlkem/contract.go:164.10,165.62 1 1
github.com/luxfi/precompile/mlkem/contract.go:168.2,168.16 1 1
github.com/luxfi/precompile/mlkem/contract.go:168.16,170.3 1 1
github.com/luxfi/precompile/mlkem/contract.go:172.2,172.43 1 1
github.com/luxfi/precompile/mlkem/contract.go:176.81,178.16 2 1
github.com/luxfi/precompile/mlkem/contract.go:178.16,180.3 1 0
github.com/luxfi/precompile/mlkem/contract.go:182.2,182.30 1 1
github.com/luxfi/precompile/mlkem/contract.go:182.30,185.3 1 1
github.com/luxfi/precompile/mlkem/contract.go:188.2,188.75 1 1
github.com/luxfi/precompile/mlkem/contract.go:188.75,193.3 4 0
github.com/luxfi/precompile/mlkem/contract.go:196.2,197.16 2 1
github.com/luxfi/precompile/mlkem/contract.go:197.16,199.3 1 0
github.com/luxfi/precompile/mlkem/contract.go:201.2,202.16 2 1
github.com/luxfi/precompile/mlkem/contract.go:202.16,204.3 1 0
github.com/luxfi/precompile/mlkem/contract.go:206.2,210.20 4 1
github.com/luxfi/precompile/mlkem/contract.go:214.96,215.24 1 1
github.com/luxfi/precompile/mlkem/contract.go:215.24,217.3 1 1
github.com/luxfi/precompile/mlkem/contract.go:219.2,220.16 2 0
github.com/luxfi/precompile/mlkem/contract.go:220.16,222.3 1 0
github.com/luxfi/precompile/mlkem/contract.go:223.2,228.16 4 0
github.com/luxfi/precompile/mlkem/contract.go:228.16,230.3 1 0
github.com/luxfi/precompile/mlkem/contract.go:231.2,234.16 3 0
github.com/luxfi/precompile/mlkem/contract.go:234.16,236.3 1 0
github.com/luxfi/precompile/mlkem/contract.go:237.2,240.16 3 0
github.com/luxfi/precompile/mlkem/contract.go:240.16,242.3 1 0
github.com/luxfi/precompile/mlkem/contract.go:243.2,245.104 2 0
github.com/luxfi/precompile/mlkem/contract.go:245.104,247.3 1 0
github.com/luxfi/precompile/mlkem/contract.go:249.2,250.16 2 0
github.com/luxfi/precompile/mlkem/contract.go:250.16,252.3 1 0
github.com/luxfi/precompile/mlkem/contract.go:254.2,255.16 2 0
github.com/luxfi/precompile/mlkem/contract.go:255.16,257.3 1 0
github.com/luxfi/precompile/mlkem/contract.go:259.2,259.33 1 0
github.com/luxfi/precompile/mlkem/module.go:18.13,24.17 1 1
github.com/luxfi/precompile/mlkem/module.go:24.17,25.13 1 0
github.com/luxfi/precompile/mlkem/module.go:29.59,29.79 1 0
github.com/luxfi/precompile/mlkem/module.go:36.9,38.2 1 0
github.com/luxfi/precompile/mlkem/module.go:44.38,44.58 1 0
github.com/luxfi/precompile/mlkem/module.go:45.38,45.70 1 0
github.com/luxfi/precompile/mlkem/module.go:46.38,46.66 1 0
github.com/luxfi/precompile/mlkem/module.go:47.58,49.9 2 0
github.com/luxfi/precompile/mlkem/module.go:49.9,51.3 1 0
github.com/luxfi/precompile/mlkem/module.go:52.2,52.40 1 0
github.com/luxfi/precompile/mlkem/module.go:54.61,54.75 1 0
github.com/luxfi/precompile/pasta/contract.go:59.60,60.20 1 1
github.com/luxfi/precompile/pasta/contract.go:60.20,62.3 1 1
github.com/luxfi/precompile/pasta/contract.go:63.2,63.18 1 1
github.com/luxfi/precompile/pasta/contract.go:64.18,65.21 1 1
github.com/luxfi/precompile/pasta/contract.go:66.19,67.22 1 1
github.com/luxfi/precompile/pasta/contract.go:68.13,71.25 3 1
github.com/luxfi/precompile/pasta/contract.go:71.25,73.4 1 0
github.com/luxfi/precompile/pasta/contract.go:74.3,75.44 2 1
github.com/luxfi/precompile/pasta/contract.go:76.10,77.11 1 1
github.com/luxfi/precompile/pasta/contract.go:88.27,91.16 3 1
github.com/luxfi/precompile/pasta/contract.go:91.16,93.3 1 1
github.com/luxfi/precompile/pasta/contract.go:94.2,94.20 1 1
github.com/luxfi/precompile/pasta/contract.go:94.20,96.3 1 1
github.com/luxfi/precompile/pasta/contract.go:98.2,102.53 4 1
github.com/luxfi/precompile/pasta/contract.go:102.53,104.3 1 1
github.com/luxfi/precompile/pasta/contract.go:111.2,111.12 1 1
github.com/luxfi/precompile/pasta/contract.go:112.18,113.40 1 1
github.com/luxfi/precompile/pasta/contract.go:114.19,115.41 1 1
github.com/luxfi/precompile/pasta/contract.go:116.13,117.35 1 1
github.com/luxfi/precompile/pasta/contract.go:118.10,119.32 1 1
github.com/luxfi/precompile/pasta/contract.go:138.37,139.28 1 1
github.com/luxfi/precompile/pasta/contract.go:139.28,141.3 1 1
github.com/luxfi/precompile/pasta/contract.go:142.2,142.15 1 1
github.com/luxfi/precompile/pasta/contract.go:145.60,146.26 1 1
github.com/luxfi/precompile/pasta/contract.go:146.26,148.3 1 0
github.com/luxfi/precompile/pasta/contract.go:149.2,151.36 3 1
github.com/luxfi/precompile/pasta/contract.go:151.36,153.3 1 1
github.com/luxfi/precompile/pasta/contract.go:155.2,163.23 9 1
github.com/luxfi/precompile/pasta/contract.go:163.23,165.3 1 1
github.com/luxfi/precompile/pasta/contract.go:166.2,166.31 1 1
github.com/luxfi/precompile/pasta/contract.go:169.35,171.12 2 1
github.com/luxfi/precompile/pasta/contract.go:171.12,173.3 1 1
github.com/luxfi/precompile/pasta/contract.go:174.2,178.15 5 1
github.com/luxfi/precompile/pasta/contract.go:182.48,183.11 1 1
github.com/luxfi/precompile/pasta/contract.go:183.11,185.3 1 1
github.com/luxfi/precompile/pasta/contract.go:186.2,186.11 1 1
github.com/luxfi/precompile/pasta/contract.go:186.11,188.3 1 1
github.com/luxfi/precompile/pasta/contract.go:189.2,191.23 2 1
github.com/luxfi/precompile/pasta/contract.go:191.23,192.24 1 1
github.com/luxfi/precompile/pasta/contract.go:192.24,194.4 1 1
github.com/luxfi/precompile/pasta/contract.go:195.3,195.26 1 0
github.com/luxfi/precompile/pasta/contract.go:199.2,217.28 14 1
github.com/luxfi/precompile/pasta/contract.go:220.47,221.30 1 1
github.com/luxfi/precompile/pasta/contract.go:221.30,223.3 1 0
github.com/luxfi/precompile/pasta/contract.go:224.2,244.28 16 1
github.com/luxfi/precompile/pasta/contract.go:260.68,261.34 1 1
github.com/luxfi/precompile/pasta/contract.go:261.34,263.3 1 1
github.com/luxfi/precompile/pasta/contract.go:268.2,270.19 3 1
github.com/luxfi/precompile/pasta/contract.go:270.19,272.3 1 0
github.com/luxfi/precompile/pasta/contract.go:278.2,281.39 3 1
github.com/luxfi/precompile/pasta/contract.go:281.39,282.20 1 1
github.com/luxfi/precompile/pasta/contract.go:282.20,285.4 2 1
github.com/luxfi/precompile/pasta/contract.go:285.9,288.4 2 1
github.com/luxfi/precompile/pasta/contract.go:290.2,290.11 1 1
github.com/luxfi/precompile/pasta/contract.go:293.99,294.28 1 1
github.com/luxfi/precompile/pasta/contract.go:294.28,296.3 1 1
github.com/luxfi/precompile/pasta/contract.go:297.2,298.16 2 1
github.com/luxfi/precompile/pasta/contract.go:298.16,300.3 1 0
github.com/luxfi/precompile/pasta/contract.go:301.2,302.16 2 1
github.com/luxfi/precompile/pasta/contract.go:302.16,304.3 1 1
github.com/luxfi/precompile/pasta/contract.go:305.2,306.38 2 1
github.com/luxfi/precompile/pasta/contract.go:309.100,310.29 1 1
github.com/luxfi/precompile/pasta/contract.go:310.29,312.3 1 1
github.com/luxfi/precompile/pasta/contract.go:313.2,314.16 2 1
github.com/luxfi/precompile/pasta/contract.go:314.16,316.3 1 0
github.com/luxfi/precompile/pasta/contract.go:317.2,319.38 3 1
github.com/luxfi/precompile/pasta/contract.go:322.94,324.47 2 1
github.com/luxfi/precompile/pasta/contract.go:324.47,326.3 1 0
github.com/luxfi/precompile/pasta/contract.go:327.2,329.19 3 1
github.com/luxfi/precompile/pasta/contract.go:329.19,332.17 3 1
github.com/luxfi/precompile/pasta/contract.go:332.17,334.4 1 0
github.com/luxfi/precompile/pasta/contract.go:335.3,337.44 3 1
github.com/luxfi/precompile/pasta/contract.go:339.2,339.38 1 1
github.com/luxfi/precompile/pasta/module.go:25.13,26.55 1 1
github.com/luxfi/precompile/pasta/module.go:26.55,27.13 1 0
github.com/luxfi/precompile/pasta/module.go:31.59,31.81 1 0
github.com/luxfi/precompile/pasta/module.go:38.9,40.2 1 0
github.com/luxfi/precompile/pasta/module.go:46.38,46.58 1 0
github.com/luxfi/precompile/pasta/module.go:47.38,47.70 1 0
github.com/luxfi/precompile/pasta/module.go:48.38,48.66 1 0
github.com/luxfi/precompile/pasta/module.go:49.58,51.9 2 0
github.com/luxfi/precompile/pasta/module.go:51.9,53.3 1 0
github.com/luxfi/precompile/pasta/module.go:54.2,54.40 1 0
github.com/luxfi/precompile/pasta/module.go:56.61,56.75 1 0
github.com/luxfi/precompile/pedersen/contract.go:64.13,68.20 4 1
github.com/luxfi/precompile/pedersen/contract.go:68.20,70.3 1 1
github.com/luxfi/precompile/pedersen/contract.go:73.2,76.32 4 1
github.com/luxfi/precompile/pedersen/contract.go:76.32,77.37 1 1
github.com/luxfi/precompile/pedersen/contract.go:77.37,78.29 1 1
github.com/luxfi/precompile/pedersen/contract.go:78.29,79.60 1 0
github.com/luxfi/precompile/pedersen/contract.go:87.63,88.20 1 1
github.com/luxfi/precompile/pedersen/contract.go:88.20,90.3 1 1
github.com/luxfi/precompile/pedersen/contract.go:91.2,91.18 1 1
github.com/luxfi/precompile/pedersen/contract.go:92.16,93.19 1 1
github.com/luxfi/precompile/pedersen/contract.go:94.16,95.19 1 1
github.com/luxfi/precompile/pedersen/contract.go:96.13,97.16 1 1
github.com/luxfi/precompile/pedersen/contract.go:98.22,99.21 1 1
github.com/luxfi/precompile/pedersen/contract.go:99.21,101.4 1 0
github.com/luxfi/precompile/pedersen/contract.go:102.3,103.51 2 1
github.com/luxfi/precompile/pedersen/contract.go:104.10,105.11 1 1
github.com/luxfi/precompile/pedersen/contract.go:116.27,119.16 3 1
github.com/luxfi/precompile/pedersen/contract.go:119.16,121.3 1 1
github.com/luxfi/precompile/pedersen/contract.go:122.2,122.20 1 1
github.com/luxfi/precompile/pedersen/contract.go:122.20,124.3 1 1
github.com/luxfi/precompile/pedersen/contract.go:126.2,126.18 1 1
github.com/luxfi/precompile/pedersen/contract.go:127.16,128.34 1 1
github.com/luxfi/precompile/pedersen/contract.go:129.16,130.34 1 1
github.com/luxfi/precompile/pedersen/contract.go:131.13,132.31 1 1
github.com/luxfi/precompile/pedersen/contract.go:133.22,134.40 1 1
github.com/luxfi/precompile/pedersen/contract.go:135.10,136.32 1 1
github.com/luxfi/precompile/pedersen/contract.go:141.86,142.20 1 1
github.com/luxfi/precompile/pedersen/contract.go:142.20,144.3 1 1
github.com/luxfi/precompile/pedersen/contract.go:145.2,158.23 11 1
github.com/luxfi/precompile/pedersen/contract.go:162.86,163.20 1 1
github.com/luxfi/precompile/pedersen/contract.go:163.20,165.3 1 1
github.com/luxfi/precompile/pedersen/contract.go:166.2,168.16 3 1
github.com/luxfi/precompile/pedersen/contract.go:168.16,170.3 1 0
github.com/luxfi/precompile/pedersen/contract.go:171.2,172.35 2 1
github.com/luxfi/precompile/pedersen/contract.go:172.35,174.3 1 1
github.com/luxfi/precompile/pedersen/contract.go:175.2,175.25 1 1
github.com/luxfi/precompile/pedersen/contract.go:180.83,181.21 1 1
github.com/luxfi/precompile/pedersen/contract.go:181.21,183.3 1 1
github.com/luxfi/precompile/pedersen/contract.go:184.2,185.48 2 1
github.com/luxfi/precompile/pedersen/contract.go:185.48,187.3 1 0
github.com/luxfi/precompile/pedersen/contract.go:188.2,188.51 1 1
github.com/luxfi/precompile/pedersen/contract.go:188.51,190.3 1 0
github.com/luxfi/precompile/pedersen/contract.go:191.2,193.32 3 1
github.com/luxfi/precompile/pedersen/contract.go:197.92,198.19 1 1
github.com/luxfi/precompile/pedersen/contract.go:198.19,200.3 1 0
github.com/luxfi/precompile/pedersen/contract.go:201.2,202.12 2 1
github.com/luxfi/precompile/pedersen/contract.go:202.12,204.3 1 1
github.com/luxfi/precompile/pedersen/contract.go:205.2,205.27 1 1
github.com/luxfi/precompile/pedersen/contract.go:205.27,207.3 1 0
github.com/luxfi/precompile/pedersen/contract.go:209.2,210.19 2 1
github.com/luxfi/precompile/pedersen/contract.go:210.19,218.3 7 1
github.com/luxfi/precompile/pedersen/contract.go:221.2,233.23 12 1
github.com/luxfi/precompile/pedersen/contract.go:236.30,237.22 1 1
github.com/luxfi/precompile/pedersen/contract.go:237.22,239.3 1 0
github.com/luxfi/precompile/pedersen/contract.go:240.2,241.19 2 1
github.com/luxfi/precompile/pedersen/contract.go:241.19,243.3 1 1
github.com/luxfi/precompile/pedersen/contract.go:244.2,244.18 1 1
github.com/luxfi/precompile/pedersen/contract.go:247.43,249.38 2 1
github.com/luxfi/precompile/pedersen/contract.go:249.38,261.26 12 1
github.com/luxfi/precompile/pedersen/contract.go:261.26,265.42 4 1
github.com/luxfi/precompile/pedersen/contract.go:265.42,267.5 1 1
github.com/luxfi/precompile/pedersen/contract.go:269.3,269.21 1 1
github.com/luxfi/precompile/pedersen/contract.go:269.21,270.77 1 0
github.com/luxfi/precompile/pedersen/module.go:25.13,26.55 1 1
github.com/luxfi/precompile/pedersen/module.go:26.55,27.13 1 0
github.com/luxfi/precompile/pedersen/module.go:31.59,31.81 1 0
github.com/luxfi/precompile/pedersen/module.go:38.9,40.2 1 0
github.com/luxfi/precompile/pedersen/module.go:46.38,46.58 1 0
github.com/luxfi/precompile/pedersen/module.go:47.38,47.70 1 0
github.com/luxfi/precompile/pedersen/module.go:48.38,48.66 1 0
github.com/luxfi/precompile/pedersen/module.go:49.58,51.9 2 0
github.com/luxfi/precompile/pedersen/module.go:51.9,53.3 1 0
github.com/luxfi/precompile/pedersen/module.go:54.2,54.40 1 0
github.com/luxfi/precompile/pedersen/module.go:56.61,56.75 1 0
github.com/luxfi/precompile/poseidon/contract.go:54.63,55.20 1 1
github.com/luxfi/precompile/poseidon/contract.go:55.20,57.3 1 1
github.com/luxfi/precompile/poseidon/contract.go:58.2,58.18 1 1
github.com/luxfi/precompile/poseidon/contract.go:59.14,61.13 2 1
github.com/luxfi/precompile/poseidon/contract.go:61.13,63.4 1 0
github.com/luxfi/precompile/poseidon/contract.go:64.3,64.47 1 1
github.com/luxfi/precompile/poseidon/contract.go:65.18,66.21 1 1
github.com/luxfi/precompile/poseidon/contract.go:67.16,68.21 1 1
github.com/luxfi/precompile/poseidon/contract.go:68.21,70.4 1 0
github.com/luxfi/precompile/poseidon/contract.go:71.3,72.50 2 1
github.com/luxfi/precompile/poseidon/contract.go:73.10,74.11 1 1
github.com/luxfi/precompile/poseidon/contract.go:85.27,88.16 3 1
github.com/luxfi/precompile/poseidon/contract.go:88.16,90.3 1 1
github.com/luxfi/precompile/poseidon/contract.go:91.2,91.20 1 1
github.com/luxfi/precompile/poseidon/contract.go:91.20,93.3 1 1
github.com/luxfi/precompile/poseidon/contract.go:95.2,95.18 1 1
github.com/luxfi/precompile/poseidon/contract.go:96.14,97.32 1 1
github.com/luxfi/precompile/poseidon/contract.go:98.18,99.36 1 1
github.com/luxfi/precompile/poseidon/contract.go:100.16,101.34 1 1
github.com/luxfi/precompile/poseidon/contract.go:102.10,103.32 1 1
github.com/luxfi/precompile/poseidon/contract.go:107.84,108.41 1 1
github.com/luxfi/precompile/poseidon/contract.go:108.41,110.3 1 1
github.com/luxfi/precompile/poseidon/contract.go:111.2,112.12 2 1
github.com/luxfi/precompile/poseidon/contract.go:112.12,114.3 1 1
github.com/luxfi/precompile/poseidon/contract.go:116.2,117.19 2 1
github.com/luxfi/precompile/poseidon/contract.go:117.19,122.3 4 1
github.com/luxfi/precompile/poseidon/contract.go:123.2,126.25 4 1
github.com/luxfi/precompile/poseidon/contract.go:129.88,130.20 1 1
github.com/luxfi/precompile/poseidon/contract.go:130.20,132.3 1 1
github.com/luxfi/precompile/poseidon/contract.go:133.2,145.25 12 1
github.com/luxfi/precompile/poseidon/contract.go:148.86,149.19 1 1
github.com/luxfi/precompile/poseidon/contract.go:149.19,151.3 1 0
github.com/luxfi/precompile/poseidon/contract.go:152.2,153.34 2 1
github.com/luxfi/precompile/poseidon/contract.go:153.34,155.3 1 1
github.com/luxfi/precompile/poseidon/contract.go:156.2,157.26 2 1
github.com/luxfi/precompile/poseidon/contract.go:157.26,159.3 1 0
github.com/luxfi/precompile/poseidon/contract.go:160.2,161.12 2 1
github.com/luxfi/precompile/poseidon/contract.go:161.12,163.3 1 0
github.com/luxfi/precompile/poseidon/contract.go:174.2,183.19 4 1
github.com/luxfi/precompile/poseidon/contract.go:183.19,188.3 4 1
github.com/luxfi/precompile/poseidon/contract.go:191.2,192.35 2 1
github.com/luxfi/precompile/poseidon/contract.go:192.35,195.35 3 1
github.com/luxfi/precompile/poseidon/contract.go:195.35,197.4 1 1
github.com/luxfi/precompile/poseidon/contract.go:200.2,200.34 1 1
github.com/luxfi/precompile/poseidon/module.go:25.13,26.55 1 1
github.com/luxfi/precompile/poseidon/module.go:26.55,27.13 1 0
github.com/luxfi/precompile/poseidon/module.go:31.59,31.81 1 0
github.com/luxfi/precompile/poseidon/module.go:38.9,40.2 1 0
github.com/luxfi/precompile/poseidon/module.go:46.38,46.58 1 0
github.com/luxfi/precompile/poseidon/module.go:47.38,47.70 1 0
github.com/luxfi/precompile/poseidon/module.go:48.38,48.66 1 0
github.com/luxfi/precompile/poseidon/module.go:49.58,51.9 2 0
github.com/luxfi/precompile/poseidon/module.go:51.9,53.3 1 0
github.com/luxfi/precompile/poseidon/module.go:54.2,54.40 1 0
github.com/luxfi/precompile/poseidon/module.go:56.61,56.75 1 0
github.com/luxfi/precompile/quantum/verifier.go:47.44,56.2 1 1
github.com/luxfi/precompile/quantum/verifier.go:63.32,68.16 4 1
github.com/luxfi/precompile/quantum/verifier.go:68.16,70.3 1 1
github.com/luxfi/precompile/quantum/verifier.go:73.2,73.44 1 1
github.com/luxfi/precompile/quantum/verifier.go:73.44,75.3 1 1
github.com/luxfi/precompile/quantum/verifier.go:78.2,79.43 2 1
github.com/luxfi/precompile/quantum/verifier.go:79.43,81.3 1 1
github.com/luxfi/precompile/quantum/verifier.go:84.2,87.11 3 1
github.com/luxfi/precompile/quantum/verifier.go:87.11,89.3 1 0
github.com/luxfi/precompile/quantum/verifier.go:89.8,91.3 1 1
github.com/luxfi/precompile/quantum/verifier.go:93.2,100.8 2 1
github.com/luxfi/precompile/quantum/verifier.go:108.32,114.36 4 1
github.com/luxfi/precompile/quantum/verifier.go:114.36,116.3 1 1
github.com/luxfi/precompile/quantum/verifier.go:119.2,120.49 2 1
github.com/luxfi/precompile/quantum/verifier.go:120.49,122.3 1 1
github.com/luxfi/precompile/quantum/verifier.go:125.2,128.11 3 1
github.com/luxfi/precompile/quantum/verifier.go:128.11,130.3 1 0
github.com/luxfi/precompile/quantum/verifier.go:130.8,132.3 1 1
github.com/luxfi/precompile/quantum/verifier.go:134.2,141.8 2 1
github.com/luxfi/precompile/quantum/verifier.go:150.32,158.11 5 1
github.com/luxfi/precompile/quantum/verifier.go:158.11,160.3 1 0
github.com/luxfi/precompile/quantum/verifier.go:160.8,162.3 1 1
github.com/luxfi/precompile/quantum/verifier.go:164.2,171.8 2 1
github.com/luxfi/precompile/quantum/verifier.go:179.32,186.26 4 1
github.com/luxfi/precompile/quantum/verifier.go:187.25,188.101 1 1
github.com/luxfi/precompile/quantum/verifier.go:189.24,190.103 1 1
github.com/luxfi/precompile/quantum/verifier.go:191.29,192.105 1 1
github.com/luxfi/precompile/quantum/verifier.go:193.10,194.35 1 1
github.com/luxfi/precompile/quantum/verifier.go:198.2,198.26 1 1
github.com/luxfi/precompile/quantum/verifier.go:199.48,201.83 1 1
github.com/luxfi/precompile/quantum/verifier.go:202.24,205.85 2 1
github.com/luxfi/precompile/quantum/verifier.go:209.2,210.18 2 1
github.com/luxfi/precompile/quantum/verifier.go:210.18,212.3 1 1
github.com/luxfi/precompile/quantum/verifier.go:212.8,214.3 1 1
github.com/luxfi/precompile/quantum/verifier.go:216.2,217.11 2 1
github.com/luxfi/precompile/quantum/verifier.go:217.11,219.3 1 1
github.com/luxfi/precompile/quantum/verifier.go:219.8,221.3 1 1
github.com/luxfi/precompile/quantum/verifier.go:223.2,235.8 2 1
github.com/luxfi/precompile/quantum/verifier.go:243.17,247.40 3 1
github.com/luxfi/precompile/quantum/verifier.go:247.40,249.3 1 1
github.com/luxfi/precompile/quantum/verifier.go:251.2,251.40 1 1
github.com/luxfi/precompile/quantum/verifier.go:251.40,253.3 1 1
github.com/luxfi/precompile/quantum/verifier.go:255.2,258.11 3 1
github.com/luxfi/precompile/quantum/verifier.go:258.11,260.3 1 0
github.com/luxfi/precompile/quantum/verifier.go:260.8,262.3 1 1
github.com/luxfi/precompile/quantum/verifier.go:264.2,264.19 1 1
github.com/luxfi/precompile/quantum/verifier.go:270.19,274.26 3 1
github.com/luxfi/precompile/quantum/verifier.go:274.26,276.3 1 1
github.com/luxfi/precompile/quantum/verifier.go:279.2,279.33 1 1
github.com/luxfi/precompile/quantum/verifier.go:279.33,280.35 1 1
github.com/luxfi/precompile/quantum/verifier.go:280.35,282.4 1 1
github.com/luxfi/precompile/quantum/verifier.go:286.2,287.23 2 1
github.com/luxfi/precompile/quantum/verifier.go:287.23,289.3 1 0
github.com/luxfi/precompile/quantum/verifier.go:291.2,291.24 1 1
github.com/luxfi/precompile/quantum/verifier.go:299.17,303.38 3 1
github.com/luxfi/precompile/quantum/verifier.go:303.38,305.3 1 1
github.com/luxfi/precompile/quantum/verifier.go:307.2,307.49 1 1
github.com/luxfi/precompile/quantum/verifier.go:307.49,309.3 1 0
github.com/luxfi/precompile/quantum/verifier.go:312.2,314.19 2 1
github.com/luxfi/precompile/quantum/verifier.go:320.17,324.44 3 0
github.com/luxfi/precompile/quantum/verifier.go:324.44,326.3 1 0
github.com/luxfi/precompile/quantum/verifier.go:329.2,333.22 3 0
github.com/luxfi/precompile/quantum/verifier.go:333.22,335.3 1 0
github.com/luxfi/precompile/quantum/verifier.go:338.2,339.16 2 0
github.com/luxfi/precompile/quantum/verifier.go:339.16,341.3 1 0
github.com/luxfi/precompile/quantum/verifier.go:343.2,343.26 1 0
github.com/luxfi/precompile/quantum/verifier.go:349.17,353.42 3 0
github.com/luxfi/precompile/quantum/verifier.go:353.42,355.3 1 0
github.com/luxfi/precompile/quantum/verifier.go:358.2,359.31 2 0
github.com/luxfi/precompile/quantum/verifier.go:359.31,361.3 1 0
github.com/luxfi/precompile/quantum/verifier.go:364.2,364.60 1 0
github.com/luxfi/precompile/quantum/verifier.go:364.60,366.3 1 0
github.com/luxfi/precompile/quantum/verifier.go:369.2,369.27 1 0
github.com/luxfi/precompile/quantum/verifier.go:369.27,372.13 2 0
github.com/luxfi/precompile/quantum/verifier.go:372.13,374.4 1 0
github.com/luxfi/precompile/quantum/verifier.go:377.2,378.18 2 0
github.com/luxfi/precompile/quantum/verifier.go:385.19,391.50 4 0
github.com/luxfi/precompile/quantum/verifier.go:391.50,393.3 1 0
github.com/luxfi/precompile/quantum/verifier.go:396.2,397.25 2 0
github.com/luxfi/precompile/quantum/verifier.go:397.25,399.3 1 0
github.com/luxfi/precompile/quantum/verifier.go:401.2,401.26 1 0
github.com/luxfi/precompile/quantum/verifier.go:410.21,427.2 6 1
github.com/luxfi/precompile/quantum/verifier.go:430.79,434.40 3 1
github.com/luxfi/precompile/quantum/verifier.go:434.40,436.3 1 1
github.com/luxfi/precompile/quantum/verifier.go:438.2,445.19 4 1
github.com/luxfi/precompile/quantum/verifier.go:449.103,455.2 4 1
github.com/luxfi/precompile/quantum/verifier.go:463.8,465.43 1 1
github.com/luxfi/precompile/quantum/verifier.go:465.43,467.3 1 0
github.com/luxfi/precompile/quantum/verifier.go:468.2,468.55 1 1
github.com/luxfi/precompile/quantum/verifier.go:468.55,470.3 1 0
github.com/luxfi/precompile/quantum/verifier.go:474.2,474.84 1 1
github.com/luxfi/precompile/quantum/verifier.go:481.8,483.78 1 1
github.com/luxfi/precompile/quantum/verifier.go:483.78,485.3 1 0
github.com/luxfi/precompile/quantum/verifier.go:488.2,489.24 2 1
github.com/luxfi/precompile/quantum/verifier.go:490.10,491.23 1 1
github.com/luxfi/precompile/quantum/verifier.go:492.10,493.23 1 1
github.com/luxfi/precompile/quantum/verifier.go:494.10,495.23 1 1
github.com/luxfi/precompile/quantum/verifier.go:496.10,497.15 1 0
github.com/luxfi/precompile/quantum/verifier.go:501.2,502.16 2 1
github.com/luxfi/precompile/quantum/verifier.go:502.16,504.3 1 0
github.com/luxfi/precompile/quantum/verifier.go:507.2,507.57 1 1
github.com/luxfi/precompile/quantum/verifier.go:515.8,517.48 1 1
github.com/luxfi/precompile/quantum/verifier.go:517.48,519.3 1 0
github.com/luxfi/precompile/quantum/verifier.go:523.2,524.14 2 1
github.com/luxfi/precompile/quantum/verifier.go:525.9,526.29 1 1
github.com/luxfi/precompile/quantum/verifier.go:527.9,528.30 1 0
github.com/luxfi/precompile/quantum/verifier.go:529.9,530.29 1 0
github.com/luxfi/precompile/quantum/verifier.go:531.9,532.30 1 0
github.com/luxfi/precompile/quantum/verifier.go:533.9,534.29 1 0
github.com/luxfi/precompile/quantum/verifier.go:535.9,536.30 1 0
github.com/luxfi/precompile/quantum/verifier.go:537.9,538.29 1 0
github.com/luxfi/precompile/quantum/verifier.go:539.9,540.30 1 0
github.com/luxfi/precompile/quantum/verifier.go:541.9,542.29 1 0
github.com/luxfi/precompile/quantum/verifier.go:543.9,544.30 1 0
github.com/luxfi/precompile/quantum/verifier.go:545.10,546.29 1 0
github.com/luxfi/precompile/quantum/verifier.go:547.10,548.30 1 0
github.com/luxfi/precompile/quantum/verifier.go:549.10,550.15 1 0
github.com/luxfi/precompile/quantum/verifier.go:554.2,555.16 2 1
github.com/luxfi/precompile/quantum/verifier.go:555.16,557.3 1 1
github.com/luxfi/precompile/quantum/verifier.go:560.2,560.47 1 0
github.com/luxfi/precompile/quantum/verifier.go:567.8,569.78 1 1
github.com/luxfi/precompile/quantum/verifier.go:569.78,571.3 1 0
github.com/luxfi/precompile/quantum/verifier.go:572.2,572.23 1 1
github.com/luxfi/precompile/quantum/verifier.go:572.23,574.3 1 0
github.com/luxfi/precompile/quantum/verifier.go:577.2,578.16 2 1
github.com/luxfi/precompile/quantum/verifier.go:578.16,580.3 1 1
github.com/luxfi/precompile/quantum/verifier.go:583.2,584.16 2 0
github.com/luxfi/precompile/quantum/verifier.go:584.16,586.3 1 0
github.com/luxfi/precompile/quantum/verifier.go:590.2,590.37 1 0
github.com/luxfi/precompile/quantum/verifier.go:597.8,599.48 1 1
github.com/luxfi/precompile/quantum/verifier.go:599.48,601.3 1 0
github.com/luxfi/precompile/quantum/verifier.go:602.2,602.23 1 1
github.com/luxfi/precompile/quantum/verifier.go:602.23,604.3 1 0
github.com/luxfi/precompile/quantum/verifier.go:607.2,608.16 2 1
github.com/luxfi/precompile/quantum/verifier.go:608.16,611.17 2 1
github.com/luxfi/precompile/quantum/verifier.go:611.17,613.4 1 1
github.com/luxfi/precompile/quantum/verifier.go:617.2,618.24 2 0
github.com/luxfi/precompile/quantum/verifier.go:618.24,620.3 1 0
github.com/luxfi/precompile/quantum/verifier.go:620.8,623.3 2 0
github.com/luxfi/precompile/quantum/verifier.go:626.2,626.25 1 0
github.com/luxfi/precompile/quantum/verifier.go:626.25,628.3 1 0
github.com/luxfi/precompile/quantum/verifier.go:629.2,633.37 3 0
github.com/luxfi/precompile/quantum/verifier.go:640.8,644.50 1 1
github.com/luxfi/precompile/quantum/verifier.go:644.50,646.3 1 0
github.com/luxfi/precompile/quantum/verifier.go:647.2,647.23 1 1
github.com/luxfi/precompile/quantum/verifier.go:647.23,649.3 1 0
github.com/luxfi/precompile/quantum/verifier.go:661.2,667.45 4 1
github.com/luxfi/precompile/quantum/verifier.go:667.45,669.3 1 1
github.com/luxfi/precompile/quantum/verifier.go:670.2,670.45 1 0
github.com/luxfi/precompile/quantum/verifier.go:670.45,672.3 1 0
github.com/luxfi/precompile/quantum/verifier.go:675.2,703.21 15 0
github.com/luxfi/precompile/quantum/verifier.go:706.79,708.26 1 1
github.com/luxfi/precompile/quantum/verifier.go:708.26,710.3 1 0
github.com/luxfi/precompile/quantum/verifier.go:713.2,714.38 2 1
github.com/luxfi/precompile/quantum/verifier.go:714.38,715.40 1 1
github.com/luxfi/precompile/quantum/verifier.go:715.40,717.4 1 0
github.com/luxfi/precompile/quantum/verifier.go:718.3,719.17 2 1
github.com/luxfi/precompile/quantum/verifier.go:719.17,721.4 1 0
github.com/luxfi/precompile/quantum/verifier.go:722.3,722.33 1 1
github.com/luxfi/precompile/quantum/verifier.go:727.2,728.16 2 1
github.com/luxfi/precompile/quantum/verifier.go:728.16,730.3 1 0
github.com/luxfi/precompile/quantum/verifier.go:732.2,732.37 1 1
github.com/luxfi/precompile/quantum/verifier.go:739.8,741.84 1 1
github.com/luxfi/precompile/quantum/verifier.go:741.84,743.3 1 0
github.com/luxfi/precompile/quantum/verifier.go:744.2,744.49 1 1
github.com/luxfi/precompile/quantum/verifier.go:744.49,746.3 1 0
github.com/luxfi/precompile/quantum/verifier.go:749.2,750.16 2 1
github.com/luxfi/precompile/quantum/verifier.go:750.16,752.3 1 1
github.com/luxfi/precompile/quantum/verifier.go:755.2,756.37 2 0
github.com/luxfi/precompile/quantum/verifier.go:756.37,757.39 1 0
github.com/luxfi/precompile/quantum/verifier.go:757.39,759.4 1 0
github.com/luxfi/precompile/quantum/verifier.go:760.3,761.17 2 0
github.com/luxfi/precompile/quantum/verifier.go:761.17,763.4 1 0
github.com/luxfi/precompile/quantum/verifier.go:764.3,764.30 1 0
github.com/luxfi/precompile/quantum/verifier.go:768.2,769.16 2 0
github.com/luxfi/precompile/quantum/verifier.go:769.16,771.3 1 0
github.com/luxfi/precompile/quantum/verifier.go:779.2,781.37 3 0
github.com/luxfi/precompile/quantum/verifier.go:781.37,782.49 1 0
github.com/luxfi/precompile/quantum/verifier.go:782.49,784.9 2 0
github.com/luxfi/precompile/quantum/verifier.go:788.2,788.13 1 0
github.com/luxfi/precompile/quantum/verifier.go:788.13,791.3 1 0
github.com/luxfi/precompile/quantum/verifier.go:799.2,800.65 2 0
github.com/luxfi/precompile/quantum/verifier.go:800.65,802.3 1 0
github.com/luxfi/precompile/quantum/verifier.go:805.2,817.28 9 0
github.com/luxfi/precompile/quantum/verifier.go:817.28,819.57 2 0
github.com/luxfi/precompile/quantum/verifier.go:819.57,821.4 1 0
github.com/luxfi/precompile/quantum/verifier.go:823.3,827.25 4 0
github.com/luxfi/precompile/quantum/verifier.go:831.2,832.27 2 0
github.com/luxfi/precompile/quantum/verifier.go:832.27,834.3 1 0
github.com/luxfi/precompile/quantum/verifier.go:835.2,836.28 2 0
github.com/luxfi/precompile/quantum/verifier.go:839.99,841.81 1 0
github.com/luxfi/precompile/quantum/verifier.go:841.81,843.3 1 0
github.com/luxfi/precompile/quantum/verifier.go:846.2,847.25 2 0
github.com/luxfi/precompile/quantum/verifier.go:848.9,849.24 1 0
github.com/luxfi/precompile/quantum/verifier.go:850.9,851.24 1 0
github.com/luxfi/precompile/quantum/verifier.go:852.9,853.25 1 0
github.com/luxfi/precompile/quantum/verifier.go:854.10,855.13 1 0
github.com/luxfi/precompile/quantum/verifier.go:859.2,860.16 2 0
github.com/luxfi/precompile/quantum/verifier.go:860.16,862.3 1 0
github.com/luxfi/precompile/quantum/verifier.go:865.2,866.16 2 0
github.com/luxfi/precompile/quantum/verifier.go:866.16,868.3 1 0
github.com/luxfi/precompile/quantum/verifier.go:870.2,870.21 1 0
github.com/luxfi/precompile/quantum/verifier.go:873.78,876.2 1 0
github.com/luxfi/precompile/quantum/verifier.go:878.66,879.14 1 1
github.com/luxfi/precompile/quantum/verifier.go:880.10,881.30 1 1
github.com/luxfi/precompile/quantum/verifier.go:882.10,883.30 1 1
github.com/luxfi/precompile/quantum/verifier.go:884.10,885.30 1 1
github.com/luxfi/precompile/quantum/verifier.go:886.10,887.11 1 0
github.com/luxfi/precompile/quantum/verifier.go:891.66,892.14 1 1
github.com/luxfi/precompile/quantum/verifier.go:893.10,894.30 1 1
github.com/luxfi/precompile/quantum/verifier.go:895.10,896.30 1 1
github.com/luxfi/precompile/quantum/verifier.go:897.10,898.30 1 1
github.com/luxfi/precompile/quantum/verifier.go:899.10,900.11 1 0
github.com/luxfi/precompile/quantum/verifier.go:904.67,905.14 1 0
github.com/luxfi/precompile/quantum/verifier.go:906.9,907.32 1 0
github.com/luxfi/precompile/quantum/verifier.go:908.9,909.32 1 0
github.com/luxfi/precompile/quantum/verifier.go:910.9,911.33 1 0
github.com/luxfi/precompile/quantum/verifier.go:912.10,913.11 1 0
github.com/luxfi/precompile/quantum/verifier.go:917.73,918.14 1 1
github.com/luxfi/precompile/quantum/verifier.go:919.10,920.20 1 1
github.com/luxfi/precompile/quantum/verifier.go:921.10,922.20 1 1
github.com/luxfi/precompile/quantum/verifier.go:923.10,924.20 1 1
github.com/luxfi/precompile/quantum/verifier.go:925.10,926.20 1 0
github.com/luxfi/precompile/quantum/verifier.go:930.33,932.25 2 1
github.com/luxfi/precompile/quantum/verifier.go:932.25,933.14 1 1
github.com/luxfi/precompile/quantum/verifier.go:933.14,936.4 2 1
github.com/luxfi/precompile/quantum/verifier.go:938.2,938.14 1 1
github.com/luxfi/precompile/quasar/contract.go:47.53,49.2 1 1
github.com/luxfi/precompile/quasar/contract.go:51.61,54.2 1 1
github.com/luxfi/precompile/quasar/contract.go:56.212,57.35 1 1
github.com/luxfi/precompile/quasar/contract.go:57.35,59.3 1 1
github.com/luxfi/precompile/quasar/contract.go:60.2,63.21 2 1
github.com/luxfi/precompile/quasar/contract.go:63.21,65.3 1 1
github.com/luxfi/precompile/quasar/contract.go:68.2,69.19 2 1
github.com/luxfi/precompile/quasar/contract.go:69.19,71.3 1 1
github.com/luxfi/precompile/quasar/contract.go:75.2,80.11 4 1
github.com/luxfi/precompile/quasar/contract.go:80.11,82.3 1 1
github.com/luxfi/precompile/quasar/contract.go:84.2,84.37 1 1
github.com/luxfi/precompile/quasar/contract.go:90.50,92.2 1 1
github.com/luxfi/precompile/quasar/contract.go:94.58,96.2 1 1
github.com/luxfi/precompile/quasar/contract.go:98.209,99.32 1 1
github.com/luxfi/precompile/quasar/contract.go:99.32,101.3 1 1
github.com/luxfi/precompile/quasar/contract.go:102.2,105.22 2 1
github.com/luxfi/precompile/quasar/contract.go:105.22,107.3 1 1
github.com/luxfi/precompile/quasar/contract.go:109.2,114.80 4 1
github.com/luxfi/precompile/quasar/contract.go:114.80,115.15 1 0
github.com/luxfi/precompile/quasar/contract.go:115.15,117.4 1 0
github.com/luxfi/precompile/quasar/contract.go:118.3,118.38 1 0
github.com/luxfi/precompile/quasar/contract.go:122.2,123.16 2 1
github.com/luxfi/precompile/quasar/contract.go:123.16,125.3 1 1
github.com/luxfi/precompile/quasar/contract.go:127.2,128.16 2 0
github.com/luxfi/precompile/quasar/contract.go:128.16,130.3 1 0
github.com/luxfi/precompile/quasar/contract.go:132.2,132.38 1 0
github.com/luxfi/precompile/quasar/contract.go:132.38,134.3 1 0
github.com/luxfi/precompile/quasar/contract.go:136.2,136.37 1 0
github.com/luxfi/precompile/quasar/contract.go:142.59,144.2 1 1
github.com/luxfi/precompile/quasar/contract.go:146.67,150.2 2 1
github.com/luxfi/precompile/quasar/contract.go:152.218,154.31 2 1
github.com/luxfi/precompile/quasar/contract.go:154.31,156.3 1 1
github.com/luxfi/precompile/quasar/contract.go:157.2,160.24 2 1
github.com/luxfi/precompile/quasar/contract.go:160.24,162.3 1 1
github.com/luxfi/precompile/quasar/contract.go:164.2,167.65 2 1
github.com/luxfi/precompile/quasar/contract.go:167.65,169.3 1 0
github.com/luxfi/precompile/quasar/contract.go:172.2,174.25 2 1
github.com/luxfi/precompile/quasar/contract.go:174.25,177.17 3 1
github.com/luxfi/precompile/quasar/contract.go:177.17,179.4 1 1
github.com/luxfi/precompile/quasar/contract.go:180.3,180.39 1 0
github.com/luxfi/precompile/quasar/contract.go:184.2,185.16 2 0
github.com/luxfi/precompile/quasar/contract.go:185.16,187.3 1 0
github.com/luxfi/precompile/quasar/contract.go:189.2,189.56 1 0
github.com/luxfi/precompile/quasar/contract.go:195.55,197.2 1 1
github.com/luxfi/precompile/quasar/contract.go:199.63,201.2 1 1
github.com/luxfi/precompile/quasar/contract.go:203.214,204.37 1 1
github.com/luxfi/precompile/quasar/contract.go:204.37,206.3 1 1
github.com/luxfi/precompile/quasar/contract.go:207.2,210.20 2 1
github.com/luxfi/precompile/quasar/contract.go:210.20,212.3 1 1
github.com/luxfi/precompile/quasar/contract.go:214.2,217.32 3 1
github.com/luxfi/precompile/quasar/contract.go:217.32,219.3 1 1
github.com/luxfi/precompile/quasar/contract.go:221.2,224.39 3 1
github.com/luxfi/precompile/quasar/contract.go:224.39,226.3 1 1
github.com/luxfi/precompile/quasar/contract.go:228.2,232.86 3 1
github.com/luxfi/precompile/quasar/contract.go:232.86,233.15 1 0
github.com/luxfi/precompile/quasar/contract.go:233.15,235.4 1 0
github.com/luxfi/precompile/quasar/contract.go:236.3,236.38 1 0
github.com/luxfi/precompile/quasar/contract.go:240.2,241.16 2 1
github.com/luxfi/precompile/quasar/contract.go:241.16,243.3 1 0
github.com/luxfi/precompile/quasar/contract.go:245.2,245.44 1 1
github.com/luxfi/precompile/quasar/contract.go:245.44,247.3 1 0
github.com/luxfi/precompile/quasar/contract.go:249.2,249.37 1 1
github.com/luxfi/precompile/quasar/contract.go:255.53,257.2 1 1
github.com/luxfi/precompile/quasar/contract.go:259.61,261.2 1 1
github.com/luxfi/precompile/quasar/contract.go:263.212,264.35 1 1
github.com/luxfi/precompile/quasar/contract.go:264.35,266.3 1 1
github.com/luxfi/precompile/quasar/contract.go:267.2,270.22 2 1
github.com/luxfi/precompile/quasar/contract.go:270.22,272.3 1 1
github.com/luxfi/precompile/quasar/contract.go:274.2,277.42 3 1
github.com/luxfi/precompile/quasar/contract.go:277.42,279.3 1 1
github.com/luxfi/precompile/quasar/contract.go:281.2,288.76 6 1
github.com/luxfi/precompile/quasar/contract.go:288.76,290.3 1 0
github.com/luxfi/precompile/quasar/contract.go:290.8,293.17 2 1
github.com/luxfi/precompile/quasar/contract.go:293.17,295.4 1 1
github.com/luxfi/precompile/quasar/contract.go:297.3,298.17 2 0
github.com/luxfi/precompile/quasar/contract.go:298.17,300.4 1 0
github.com/luxfi/precompile/quasar/contract.go:302.3,302.46 1 0
github.com/luxfi/precompile/quasar/contract.go:305.2,305.15 1 0
github.com/luxfi/precompile/quasar/contract.go:305.15,307.3 1 0
github.com/luxfi/precompile/quasar/contract.go:310.2,310.91 1 0
github.com/luxfi/precompile/quasar/contract.go:310.91,311.15 1 0
github.com/luxfi/precompile/quasar/contract.go:311.15,313.4 1 0
github.com/luxfi/precompile/quasar/contract.go:314.3,314.38 1 0
github.com/luxfi/precompile/quasar/contract.go:318.2,319.16 2 0
github.com/luxfi/precompile/quasar/contract.go:319.16,321.3 1 0
github.com/luxfi/precompile/quasar/contract.go:323.2,323.51 1 0
github.com/luxfi/precompile/quasar/contract.go:323.51,325.3 1 0
github.com/luxfi/precompile/quasar/contract.go:328.2,328.37 1 0
github.com/luxfi/precompile/quasar/contract.go:334.57,336.2 1 1
github.com/luxfi/precompile/quasar/contract.go:338.65,340.2 1 1
github.com/luxfi/precompile/quasar/contract.go:342.216,343.39 1 1
github.com/luxfi/precompile/quasar/contract.go:343.39,345.3 1 1
github.com/luxfi/precompile/quasar/contract.go:346.2,349.21 2 1
github.com/luxfi/precompile/quasar/contract.go:349.21,351.3 1 1
github.com/luxfi/precompile/quasar/contract.go:354.2,358.28 3 1
github.com/luxfi/precompile/quasar/contract.go:358.28,359.32 1 1
github.com/luxfi/precompile/quasar/contract.go:359.32,361.4 1 1
github.com/luxfi/precompile/quasar/contract.go:365.2,365.26 1 1
github.com/luxfi/precompile/quasar/contract.go:365.26,367.3 1 1
github.com/luxfi/precompile/quasar/contract.go:369.2,369.37 1 1
github.com/luxfi/precompile/quasar/contract.go:374.55,377.57 1 1
github.com/luxfi/precompile/quasar/contract.go:377.57,378.32 1 1
github.com/luxfi/precompile/quasar/contract.go:378.32,380.4 1 1
github.com/luxfi/precompile/quasar/contract.go:382.2,382.13 1 1
github.com/luxfi/precompile/quasar/contract.go:387.81,388.24 1 1
github.com/luxfi/precompile/quasar/contract.go:388.24,390.3 1 1
github.com/luxfi/precompile/quasar/contract.go:392.2,393.16 2 0
github.com/luxfi/precompile/quasar/contract.go:393.16,395.3 1 0
github.com/luxfi/precompile/quasar/contract.go:396.2,406.16 4 0
github.com/luxfi/precompile/quasar/contract.go:406.16,408.3 1 0
github.com/luxfi/precompile/quasar/contract.go:409.2,412.16 3 0
github.com/luxfi/precompile/quasar/contract.go:412.16,414.3 1 0
github.com/luxfi/precompile/quasar/contract.go:415.2,418.16 3 0
github.com/luxfi/precompile/quasar/contract.go:418.16,420.3 1 0
github.com/luxfi/precompile/quasar/contract.go:421.2,424.16 3 0
github.com/luxfi/precompile/quasar/contract.go:424.16,426.3 1 0
github.com/luxfi/precompile/quasar/contract.go:427.2,429.132 2 0
github.com/luxfi/precompile/quasar/contract.go:429.132,431.3 1 0
github.com/luxfi/precompile/quasar/contract.go:433.2,434.16 2 0
github.com/luxfi/precompile/quasar/contract.go:434.16,436.3 1 0
github.com/luxfi/precompile/quasar/contract.go:438.2,438.30 1 0
github.com/luxfi/precompile/quasar/contract.go:443.64,444.40 1 1
github.com/luxfi/precompile/quasar/contract.go:444.40,446.3 1 1
github.com/luxfi/precompile/quasar/contract.go:448.2,449.16 2 0
github.com/luxfi/precompile/quasar/contract.go:449.16,451.3 1 0
github.com/luxfi/precompile/quasar/contract.go:452.2,460.16 4 0
github.com/luxfi/precompile/quasar/contract.go:460.16,462.3 1 0
github.com/luxfi/precompile/quasar/contract.go:463.2,466.16 3 0
github.com/luxfi/precompile/quasar/contract.go:466.16,468.3 1 0
github.com/luxfi/precompile/quasar/contract.go:469.2,471.86 2 0
github.com/luxfi/precompile/quasar/contract.go:471.86,473.3 1 0
github.com/luxfi/precompile/quasar/contract.go:475.2,476.16 2 0
github.com/luxfi/precompile/quasar/contract.go:476.16,478.3 1 0
github.com/luxfi/precompile/quasar/contract.go:480.2,480.21 1 0
github.com/luxfi/precompile/quasar/contract.go:485.89,486.24 1 1
github.com/luxfi/precompile/quasar/contract.go:486.24,488.3 1 1
github.com/luxfi/precompile/quasar/contract.go:490.2,491.16 2 0
github.com/luxfi/precompile/quasar/contract.go:491.16,493.3 1 0
github.com/luxfi/precompile/quasar/contract.go:494.2,499.16 4 0
github.com/luxfi/precompile/quasar/contract.go:499.16,501.3 1 0
github.com/luxfi/precompile/quasar/contract.go:502.2,505.16 3 0
github.com/luxfi/precompile/quasar/contract.go:505.16,507.3 1 0
github.com/luxfi/precompile/quasar/contract.go:508.2,511.16 3 0
github.com/luxfi/precompile/quasar/contract.go:511.16,513.3 1 0
github.com/luxfi/precompile/quasar/contract.go:514.2,517.16 3 0
github.com/luxfi/precompile/quasar/contract.go:517.16,519.3 1 0
github.com/luxfi/precompile/quasar/contract.go:521.2,521.21 1 0
github.com/luxfi/precompile/quasar/contract.go:525.82,534.2 1 1
github.com/luxfi/precompile/quasar/module.go:29.13,30.55 1 1
github.com/luxfi/precompile/quasar/module.go:30.55,31.13 1 0
github.com/luxfi/precompile/quasar/module.go:35.59,35.81 1 0
github.com/luxfi/precompile/quasar/module.go:42.9,44.2 1 0
github.com/luxfi/precompile/quasar/module.go:50.38,50.58 1 0
github.com/luxfi/precompile/quasar/module.go:51.38,51.70 1 0
github.com/luxfi/precompile/quasar/module.go:52.38,52.66 1 0
github.com/luxfi/precompile/quasar/module.go:53.58,55.9 2 0
github.com/luxfi/precompile/quasar/module.go:55.9,57.3 1 0
github.com/luxfi/precompile/quasar/module.go:58.2,58.40 1 0
github.com/luxfi/precompile/quasar/module.go:60.61,60.75 1 0
github.com/luxfi/precompile/registry/registry.go:313.55,314.22 1 1
github.com/luxfi/precompile/registry/registry.go:314.22,316.3 1 1
github.com/luxfi/precompile/registry/registry.go:318.2,321.41 3 1
github.com/luxfi/precompile/registry/registry.go:325.36,326.15 1 1
github.com/luxfi/precompile/registry/registry.go:327.16,328.11 1 1
github.com/luxfi/precompile/registry/registry.go:329.16,330.11 1 1
github.com/luxfi/precompile/registry/registry.go:331.16,332.11 1 1
github.com/luxfi/precompile/registry/registry.go:333.16,334.11 1 1
github.com/luxfi/precompile/registry/registry.go:335.16,336.11 1 1
github.com/luxfi/precompile/registry/registry.go:337.16,338.11 1 1
github.com/luxfi/precompile/registry/registry.go:339.16,340.11 1 1
github.com/luxfi/precompile/registry/registry.go:341.16,342.11 1 1
github.com/luxfi/precompile/registry/registry.go:343.20,344.11 1 1
github.com/luxfi/precompile/registry/registry.go:345.24,346.11 1 1
github.com/luxfi/precompile/registry/registry.go:347.20,348.13 1 1
github.com/luxfi/precompile/registry/registry.go:349.10,350.14 1 1
github.com/luxfi/precompile/registry/registry.go:355.38,356.16 1 1
github.com/luxfi/precompile/registry/registry.go:357.18,358.11 1 1
github.com/luxfi/precompile/registry/registry.go:359.40,360.11 1 1
github.com/luxfi/precompile/registry/registry.go:361.40,362.11 1 1
github.com/luxfi/precompile/registry/registry.go:363.46,364.11 1 1
github.com/luxfi/precompile/registry/registry.go:365.26,366.11 1 1
github.com/luxfi/precompile/registry/registry.go:367.18,368.11 1 1
github.com/luxfi/precompile/registry/registry.go:369.42,370.11 1 1
github.com/luxfi/precompile/registry/registry.go:371.10,372.14 1 1
github.com/luxfi/precompile/registry/registry.go:552.55,553.35 1 1
github.com/luxfi/precompile/registry/registry.go:553.35,554.21 1 1
github.com/luxfi/precompile/registry/registry.go:554.21,556.4 1 1
github.com/luxfi/precompile/registry/registry.go:558.2,558.25 1 1
github.com/luxfi/precompile/registry/registry.go:562.63,564.9 2 1
github.com/luxfi/precompile/registry/registry.go:564.9,566.3 1 1
github.com/luxfi/precompile/registry/registry.go:568.2,569.29 2 1
github.com/luxfi/precompile/registry/registry.go:569.29,571.3 1 1
github.com/luxfi/precompile/registry/registry.go:572.2,572.15 1 1
github.com/luxfi/precompile/registry/registry.go:576.82,579.29 2 1
github.com/luxfi/precompile/registry/registry.go:579.29,580.50 1 1
github.com/luxfi/precompile/registry/registry.go:580.50,582.4 1 1
github.com/luxfi/precompile/registry/registry.go:584.2,584.14 1 1
github.com/luxfi/precompile/registry/registry.go:588.61,590.18 2 1
github.com/luxfi/precompile/registry/registry.go:590.18,592.3 1 1
github.com/luxfi/precompile/registry/registry.go:594.2,596.35 3 1
github.com/luxfi/precompile/registry/registry.go:596.35,597.27 1 1
github.com/luxfi/precompile/registry/registry.go:597.27,599.4 1 1
github.com/luxfi/precompile/registry/registry.go:601.2,601.15 1 1
github.com/luxfi/precompile/ring/contract.go:81.60,83.2 1 1
github.com/luxfi/precompile/ring/contract.go:86.68,87.20 1 1
github.com/luxfi/precompile/ring/contract.go:87.20,89.3 1 1
github.com/luxfi/precompile/ring/contract.go:91.2,94.20 3 1
github.com/luxfi/precompile/ring/contract.go:94.20,96.3 1 1
github.com/luxfi/precompile/ring/contract.go:98.2,100.16 2 1
github.com/luxfi/precompile/ring/contract.go:101.27,103.36 2 1
github.com/luxfi/precompile/ring/contract.go:104.25,106.42 2 0
github.com/luxfi/precompile/ring/contract.go:107.25,109.23 2 0
github.com/luxfi/precompile/ring/contract.go:110.10,111.11 1 1
github.com/luxfi/precompile/ring/contract.go:114.2,115.48 2 1
github.com/luxfi/precompile/ring/contract.go:126.27,128.27 2 1
github.com/luxfi/precompile/ring/contract.go:128.27,130.3 1 1
github.com/luxfi/precompile/ring/contract.go:132.2,132.20 1 1
github.com/luxfi/precompile/ring/contract.go:132.20,134.3 1 1
github.com/luxfi/precompile/ring/contract.go:136.2,142.12 5 1
github.com/luxfi/precompile/ring/contract.go:143.16,144.44 1 1
github.com/luxfi/precompile/ring/contract.go:145.10,146.56 1 1
github.com/luxfi/precompile/ring/contract.go:149.2,149.16 1 1
github.com/luxfi/precompile/ring/contract.go:149.16,151.3 1 1
github.com/luxfi/precompile/ring/contract.go:153.2,153.43 1 1
github.com/luxfi/precompile/ring/contract.go:164.85,165.35 1 1
github.com/luxfi/precompile/ring/contract.go:165.35,167.3 1 0
github.com/luxfi/precompile/ring/contract.go:169.2,169.20 1 1
github.com/luxfi/precompile/ring/contract.go:169.20,171.3 1 0
github.com/luxfi/precompile/ring/contract.go:173.2,174.18 2 1
github.com/luxfi/precompile/ring/contract.go:174.18,176.3 1 0
github.com/luxfi/precompile/ring/contract.go:178.2,182.26 3 1
github.com/luxfi/precompile/ring/contract.go:182.26,183.47 1 1
github.com/luxfi/precompile/ring/contract.go:183.47,185.4 1 0
github.com/luxfi/precompile/ring/contract.go:186.3,188.33 3 1
github.com/luxfi/precompile/ring/contract.go:192.2,193.32 2 1
github.com/luxfi/precompile/ring/contract.go:193.32,195.3 1 0
github.com/luxfi/precompile/ring/contract.go:196.2,203.16 5 1
github.com/luxfi/precompile/ring/contract.go:203.16,205.3 1 0
github.com/luxfi/precompile/ring/contract.go:207.2,208.11 2 1
github.com/luxfi/precompile/ring/contract.go:208.11,210.3 1 1
github.com/luxfi/precompile/ring/contract.go:211.2,211.26 1 1
github.com/luxfi/precompile/ring/contract.go:220.73,226.17 4 1
github.com/luxfi/precompile/ring/contract.go:226.17,228.3 1 0
github.com/luxfi/precompile/ring/contract.go:231.2,232.16 2 1
github.com/luxfi/precompile/ring/contract.go:232.16,234.3 1 0
github.com/luxfi/precompile/ring/contract.go:237.2,238.19 2 1
github.com/luxfi/precompile/ring/contract.go:238.19,241.17 2 1
github.com/luxfi/precompile/ring/contract.go:241.17,243.4 1 0
github.com/luxfi/precompile/ring/contract.go:246.3,259.15 9 1
github.com/luxfi/precompile/ring/contract.go:259.15,261.4 1 1
github.com/luxfi/precompile/ring/contract.go:262.3,262.16 1 1
github.com/luxfi/precompile/ring/contract.go:265.2,265.14 1 0
github.com/luxfi/precompile/ring/contract.go:274.47,277.19 3 1
github.com/luxfi/precompile/ring/contract.go:277.19,279.3 1 1
github.com/luxfi/precompile/ring/contract.go:280.2,280.15 1 1
github.com/luxfi/precompile/ring/contract.go:295.36,298.16 3 1
github.com/luxfi/precompile/ring/contract.go:298.16,302.3 1 0
github.com/luxfi/precompile/ring/contract.go:303.2,307.27 5 1
github.com/luxfi/precompile/ring/contract.go:310.61,318.2 7 1
github.com/luxfi/precompile/ring/contract.go:320.31,321.18 1 1
github.com/luxfi/precompile/ring/contract.go:321.18,323.3 1 1
github.com/luxfi/precompile/ring/contract.go:324.2,326.15 3 0
github.com/luxfi/precompile/ring/contract.go:329.46,335.19 5 1
github.com/luxfi/precompile/ring/contract.go:335.19,338.3 2 1
github.com/luxfi/precompile/ring/contract.go:339.2,339.19 1 1
github.com/luxfi/precompile/ring/contract.go:339.19,342.3 2 1
github.com/luxfi/precompile/ring/contract.go:344.2,344.15 1 1
github.com/luxfi/precompile/ring/contract.go:347.76,349.29 2 1
github.com/luxfi/precompile/ring/contract.go:349.29,351.3 1 0
github.com/luxfi/precompile/ring/contract.go:353.2,362.26 4 1
github.com/luxfi/precompile/ring/contract.go:362.26,365.3 2 1
github.com/luxfi/precompile/ring/contract.go:366.2,366.26 1 1
github.com/luxfi/precompile/ring/contract.go:366.26,369.3 2 1
github.com/luxfi/precompile/ring/contract.go:371.2,371.17 1 1
github.com/luxfi/precompile/ring/module.go:18.13,24.17 1 1
github.com/luxfi/precompile/ring/module.go:24.17,25.13 1 0
github.com/luxfi/precompile/ring/module.go:29.59,29.79 1 0
github.com/luxfi/precompile/ring/module.go:36.9,38.2 1 0
github.com/luxfi/precompile/ring/module.go:44.38,44.58 1 0
github.com/luxfi/precompile/ring/module.go:45.38,45.70 1 0
github.com/luxfi/precompile/ring/module.go:46.38,46.66 1 0
github.com/luxfi/precompile/ring/module.go:47.58,49.9 2 0
github.com/luxfi/precompile/ring/module.go:49.9,51.3 1 0
github.com/luxfi/precompile/ring/module.go:52.2,52.40 1 0
github.com/luxfi/precompile/ring/module.go:54.61,54.75 1 0
github.com/luxfi/precompile/pqcrypto/config.go:26.48,32.2 1 0
github.com/luxfi/precompile/pqcrypto/config.go:35.55,42.2 1 0
github.com/luxfi/precompile/pqcrypto/config.go:45.29,45.49 1 0
github.com/luxfi/precompile/pqcrypto/config.go:48.73,50.2 1 0
github.com/luxfi/precompile/pqcrypto/config.go:53.58,55.9 2 0
github.com/luxfi/precompile/pqcrypto/config.go:55.9,57.3 1 0
github.com/luxfi/precompile/pqcrypto/config.go:58.2,58.40 1 0
github.com/luxfi/precompile/pqcrypto/config.go:62.34,64.2 1 0
github.com/luxfi/precompile/pqcrypto/contract.go:30.65,32.2 1 1
github.com/luxfi/precompile/pqcrypto/contract.go:34.59,35.19 1 1
github.com/luxfi/precompile/pqcrypto/contract.go:35.19,36.28 1 1
github.com/luxfi/precompile/pqcrypto/contract.go:36.28,39.4 2 0
github.com/luxfi/precompile/pqcrypto/contract.go:40.3,41.10 2 1
github.com/luxfi/precompile/pqcrypto/contract.go:43.2,43.20 1 1
github.com/luxfi/precompile/pqcrypto/contract.go:135.55,137.2 1 1
github.com/luxfi/precompile/pqcrypto/contract.go:140.63,141.20 1 1
github.com/luxfi/precompile/pqcrypto/contract.go:141.20,143.3 1 0
github.com/luxfi/precompile/pqcrypto/contract.go:146.2,149.18 3 1
github.com/luxfi/precompile/pqcrypto/contract.go:150.27,151.34 1 1
github.com/luxfi/precompile/pqcrypto/contract.go:152.32,153.45 1 1
github.com/luxfi/precompile/pqcrypto/contract.go:154.32,155.45 1 1
github.com/luxfi/precompile/pqcrypto/contract.go:156.28,157.35 1 1
github.com/luxfi/precompile/pqcrypto/contract.go:158.10,159.11 1 0
github.com/luxfi/precompile/pqcrypto/contract.go:164.68,165.20 1 1
github.com/luxfi/precompile/pqcrypto/contract.go:165.20,167.3 1 0
github.com/luxfi/precompile/pqcrypto/contract.go:169.2,170.14 2 1
github.com/luxfi/precompile/pqcrypto/contract.go:171.19,172.26 1 1
github.com/luxfi/precompile/pqcrypto/contract.go:173.19,174.26 1 1
github.com/luxfi/precompile/pqcrypto/contract.go:175.19,176.26 1 1
github.com/luxfi/precompile/pqcrypto/contract.go:177.10,178.25 1 0
github.com/luxfi/precompile/pqcrypto/contract.go:183.79,184.20 1 1
github.com/luxfi/precompile/pqcrypto/contract.go:184.20,186.3 1 0
github.com/luxfi/precompile/pqcrypto/contract.go:188.2,189.14 2 1
github.com/luxfi/precompile/pqcrypto/contract.go:190.20,191.32 1 1
github.com/luxfi/precompile/pqcrypto/contract.go:192.20,193.32 1 1
github.com/luxfi/precompile/pqcrypto/contract.go:194.21,195.33 1 1
github.com/luxfi/precompile/pqcrypto/contract.go:196.10,197.25 1 0
github.com/luxfi/precompile/pqcrypto/contract.go:202.79,203.20 1 1
github.com/luxfi/precompile/pqcrypto/contract.go:203.20,205.3 1 0
github.com/luxfi/precompile/pqcrypto/contract.go:207.2,208.14 2 1
github.com/luxfi/precompile/pqcrypto/contract.go:209.20,210.32 1 1
github.com/luxfi/precompile/pqcrypto/contract.go:211.20,212.32 1 1
github.com/luxfi/precompile/pqcrypto/contract.go:213.21,214.33 1 1
github.com/luxfi/precompile/pqcrypto/contract.go:215.10,216.25 1 0
github.com/luxfi/precompile/pqcrypto/contract.go:221.69,222.20 1 1
github.com/luxfi/precompile/pqcrypto/contract.go:222.20,224.3 1 0
github.com/luxfi/precompile/pqcrypto/contract.go:226.2,227.14 2 1
github.com/luxfi/precompile/pqcrypto/contract.go:228.49,229.29 1 1
github.com/luxfi/precompile/pqcrypto/contract.go:230.49,231.29 1 1
github.com/luxfi/precompile/pqcrypto/contract.go:232.49,233.29 1 0
github.com/luxfi/precompile/pqcrypto/contract.go:234.49,235.29 1 0
github.com/luxfi/precompile/pqcrypto/contract.go:236.49,237.29 1 0
github.com/luxfi/precompile/pqcrypto/contract.go:238.49,239.29 1 1
github.com/luxfi/precompile/pqcrypto/contract.go:240.10,241.26 1 0
github.com/luxfi/precompile/pqcrypto/contract.go:246.214,247.20 1 1
github.com/luxfi/precompile/pqcrypto/contract.go:247.20,249.3 1 0
github.com/luxfi/precompile/pqcrypto/contract.go:252.2,253.31 2 1
github.com/luxfi/precompile/pqcrypto/contract.go:253.31,255.3 1 0
github.com/luxfi/precompile/pqcrypto/contract.go:256.2,262.18 4 1
github.com/luxfi/precompile/pqcrypto/contract.go:263.27,265.32 2 1
github.com/luxfi/precompile/pqcrypto/contract.go:266.32,268.32 2 1
github.com/luxfi/precompile/pqcrypto/contract.go:269.32,271.32 2 1
github.com/luxfi/precompile/pqcrypto/contract.go:272.28,274.32 2 1
github.com/luxfi/precompile/pqcrypto/contract.go:275.10,276.82 1 0
github.com/luxfi/precompile/pqcrypto/contract.go:282.72,283.20 1 1
github.com/luxfi/precompile/pqcrypto/contract.go:283.20,285.3 1 0
github.com/luxfi/precompile/pqcrypto/contract.go:288.2,290.18 3 1
github.com/luxfi/precompile/pqcrypto/contract.go:291.19,292.23 1 1
github.com/luxfi/precompile/pqcrypto/contract.go:293.19,294.23 1 1
github.com/luxfi/precompile/pqcrypto/contract.go:295.19,296.23 1 1
github.com/luxfi/precompile/pqcrypto/contract.go:297.10,298.77 1 0
github.com/luxfi/precompile/pqcrypto/contract.go:301.2,303.32 2 1
github.com/luxfi/precompile/pqcrypto/contract.go:303.32,305.3 1 0
github.com/luxfi/precompile/pqcrypto/contract.go:307.2,310.39 3 1
github.com/luxfi/precompile/pqcrypto/contract.go:310.39,312.3 1 0
github.com/luxfi/precompile/pqcrypto/contract.go:314.2,319.16 4 1
github.com/luxfi/precompile/pqcrypto/contract.go:319.16,321.3 1 0
github.com/luxfi/precompile/pqcrypto/contract.go:324.2,325.11 2 1
github.com/luxfi/precompile/pqcrypto/contract.go:325.11,327.3 1 1
github.com/luxfi/precompile/pqcrypto/contract.go:328.2,328.23 1 1
github.com/luxfi/precompile/pqcrypto/contract.go:343.77,344.29 1 1
github.com/luxfi/precompile/pqcrypto/contract.go:344.29,346.3 1 0
github.com/luxfi/precompile/pqcrypto/contract.go:349.2,353.18 4 1
github.com/luxfi/precompile/pqcrypto/contract.go:354.20,356.51 2 1
github.com/luxfi/precompile/pqcrypto/contract.go:357.20,359.51 2 1
github.com/luxfi/precompile/pqcrypto/contract.go:360.21,362.52 2 1
github.com/luxfi/precompile/pqcrypto/contract.go:363.10,364.77 1 0
github.com/luxfi/precompile/pqcrypto/contract.go:368.2,372.44 4 1
github.com/luxfi/precompile/pqcrypto/contract.go:372.44,374.3 1 1
github.com/luxfi/precompile/pqcrypto/contract.go:377.2,378.16 2 1
github.com/luxfi/precompile/pqcrypto/contract.go:378.16,380.3 1 0
github.com/luxfi/precompile/pqcrypto/contract.go:383.2,385.16 3 1
github.com/luxfi/precompile/pqcrypto/contract.go:385.16,387.3 1 0
github.com/luxfi/precompile/pqcrypto/contract.go:390.2,391.20 2 1
github.com/luxfi/precompile/pqcrypto/contract.go:397.77,398.20 1 1
github.com/luxfi/precompile/pqcrypto/contract.go:398.20,400.3 1 0
github.com/luxfi/precompile/pqcrypto/contract.go:403.2,407.18 4 1
github.com/luxfi/precompile/pqcrypto/contract.go:408.20,410.56 2 1
github.com/luxfi/precompile/pqcrypto/contract.go:411.20,413.56 2 1
github.com/luxfi/precompile/pqcrypto/contract.go:414.21,416.57 2 1
github.com/luxfi/precompile/pqcrypto/contract.go:417.10,418.77 1 0
github.com/luxfi/precompile/pqcrypto/contract.go:421.2,423.31 2 1
github.com/luxfi/precompile/pqcrypto/contract.go:423.31,425.3 1 0
github.com/luxfi/precompile/pqcrypto/contract.go:427.2,430.47 3 1
github.com/luxfi/precompile/pqcrypto/contract.go:430.47,432.3 1 0
github.com/luxfi/precompile/pqcrypto/contract.go:435.2,436.16 2 1
github.com/luxfi/precompile/pqcrypto/contract.go:436.16,438.3 1 0
github.com/luxfi/precompile/pqcrypto/contract.go:441.2,442.16 2 1
github.com/luxfi/precompile/pqcrypto/contract.go:442.16,444.3 1 0
github.com/luxfi/precompile/pqcrypto/contract.go:446.2,446.26 1 1
github.com/luxfi/precompile/pqcrypto/contract.go:451.73,452.20 1 1
github.com/luxfi/precompile/pqcrypto/contract.go:452.20,454.3 1 0
github.com/luxfi/precompile/pqcrypto/contract.go:457.2,460.18 3 1
github.com/luxfi/precompile/pqcrypto/contract.go:461.27,462.26 1 1
github.com/luxfi/precompile/pqcrypto/contract.go:463.27,464.26 1 1
github.com/luxfi/precompile/pqcrypto/contract.go:465.27,466.26 1 0
github.com/luxfi/precompile/pqcrypto/contract.go:467.27,468.26 1 0
github.com/luxfi/precompile/pqcrypto/contract.go:469.27,470.26 1 0
github.com/luxfi/precompile/pqcrypto/contract.go:471.27,472.26 1 0
github.com/luxfi/precompile/pqcrypto/contract.go:473.28,474.27 1 1
github.com/luxfi/precompile/pqcrypto/contract.go:475.28,476.27 1 1
github.com/luxfi/precompile/pqcrypto/contract.go:477.28,478.27 1 0
github.com/luxfi/precompile/pqcrypto/contract.go:479.28,480.27 1 0
github.com/luxfi/precompile/pqcrypto/contract.go:481.28,482.27 1 0
github.com/luxfi/precompile/pqcrypto/contract.go:483.28,484.27 1 0
github.com/luxfi/precompile/pqcrypto/contract.go:485.10,486.78 1 0
github.com/luxfi/precompile/pqcrypto/contract.go:489.2,491.32 2 1
github.com/luxfi/precompile/pqcrypto/contract.go:491.32,493.3 1 0
github.com/luxfi/precompile/pqcrypto/contract.go:495.2,498.39 3 1
github.com/luxfi/precompile/pqcrypto/contract.go:498.39,500.3 1 0
github.com/luxfi/precompile/pqcrypto/contract.go:502.2,507.16 4 1
github.com/luxfi/precompile/pqcrypto/contract.go:507.16,509.3 1 0
github.com/luxfi/precompile/pqcrypto/contract.go:512.2,513.11 2 1
github.com/luxfi/precompile/pqcrypto/contract.go:513.11,515.3 1 1
github.com/luxfi/precompile/pqcrypto/contract.go:516.2,516.23 1 0
github.com/luxfi/precompile/pqcrypto/extended_contract.go:39.78,40.31 1 0
github.com/luxfi/precompile/pqcrypto/extended_contract.go:40.31,42.3 1 0
github.com/luxfi/precompile/pqcrypto/extended_contract.go:44.2,51.42 5 0
github.com/luxfi/precompile/pqcrypto/extended_contract.go:51.42,53.3 1 0
github.com/luxfi/precompile/pqcrypto/extended_contract.go:55.2,59.16 4 0
github.com/luxfi/precompile/pqcrypto/extended_contract.go:59.16,61.3 1 0
github.com/luxfi/precompile/pqcrypto/extended_contract.go:63.2,65.16 3 0
github.com/luxfi/precompile/pqcrypto/extended_contract.go:65.16,67.3 1 0
github.com/luxfi/precompile/pqcrypto/extended_contract.go:69.2,69.26 1 0
github.com/luxfi/precompile/pqcrypto/extended_contract.go:76.79,77.31 1 0
github.com/luxfi/precompile/pqcrypto/extended_contract.go:77.31,79.3 1 0
github.com/luxfi/precompile/pqcrypto/extended_contract.go:81.2,88.42 5 0
github.com/luxfi/precompile/pqcrypto/extended_contract.go:88.42,90.3 1 0
github.com/luxfi/precompile/pqcrypto/extended_contract.go:92.2,96.16 4 0
github.com/luxfi/precompile/pqcrypto/extended_contract.go:96.16,98.3 1 0
github.com/luxfi/precompile/pqcrypto/extended_contract.go:100.2,102.16 3 0
github.com/luxfi/precompile/pqcrypto/extended_contract.go:102.16,104.3 1 0
github.com/luxfi/precompile/pqcrypto/extended_contract.go:106.2,106.26 1 0
github.com/luxfi/precompile/pqcrypto/extended_contract.go:113.80,114.29 1 0
github.com/luxfi/precompile/pqcrypto/extended_contract.go:114.29,116.3 1 0
github.com/luxfi/precompile/pqcrypto/extended_contract.go:118.2,125.16 6 0
github.com/luxfi/precompile/pqcrypto/extended_contract.go:125.16,127.3 1 0
github.com/luxfi/precompile/pqcrypto/extended_contract.go:129.2,138.23 8 0
github.com/luxfi/precompile/pqcrypto/extended_contract.go:145.80,146.29 1 0
github.com/luxfi/precompile/pqcrypto/extended_contract.go:146.29,148.3 1 0
github.com/luxfi/precompile/pqcrypto/extended_contract.go:150.2,157.16 6 0
github.com/luxfi/precompile/pqcrypto/extended_contract.go:157.16,159.3 1 0
github.com/luxfi/precompile/pqcrypto/extended_contract.go:161.2,170.23 8 0
github.com/luxfi/precompile/pqcrypto/extended_contract.go:177.81,178.29 1 0
github.com/luxfi/precompile/pqcrypto/extended_contract.go:178.29,180.3 1 0
github.com/luxfi/precompile/pqcrypto/extended_contract.go:182.2,189.16 6 0
github.com/luxfi/precompile/pqcrypto/extended_contract.go:189.16,191.3 1 0
github.com/luxfi/precompile/pqcrypto/extended_contract.go:193.2,202.23 8 0
github.com/luxfi/precompile/pqcrypto/extended_contract.go:206.71,207.20 1 0
github.com/luxfi/precompile/pqcrypto/extended_contract.go:207.20,209.3 1 0
github.com/luxfi/precompile/pqcrypto/extended_contract.go:212.2,214.18 2 0
github.com/luxfi/precompile/pqcrypto/extended_contract.go:215.29,216.22 1 0
github.com/luxfi/precompile/pqcrypto/extended_contract.go:217.30,218.23 1 0
github.com/luxfi/precompile/pqcrypto/extended_contract.go:219.31,220.24 1 0
github.com/luxfi/precompile/pqcrypto/extended_contract.go:221.31,222.24 1 0
github.com/luxfi/precompile/pqcrypto/extended_contract.go:223.32,224.25 1 0
github.com/luxfi/precompile/pqcrypto/extended_contract.go:225.10,226.30 1 0
github.com/luxfi/precompile/pqcrypto/extended_contract.go:231.222,232.20 1 0
github.com/luxfi/precompile/pqcrypto/extended_contract.go:232.20,234.3 1 0
github.com/luxfi/precompile/pqcrypto/extended_contract.go:237.2,238.22 2 0
github.com/luxfi/precompile/pqcrypto/extended_contract.go:238.22,241.3 1 0
github.com/luxfi/precompile/pqcrypto/extended_contract.go:243.2,243.31 1 0
github.com/luxfi/precompile/pqcrypto/extended_contract.go:243.31,245.3 1 0
github.com/luxfi/precompile/pqcrypto/extended_contract.go:246.2,252.18 4 0
github.com/luxfi/precompile/pqcrypto/extended_contract.go:253.29,254.15 1 0
github.com/luxfi/precompile/pqcrypto/extended_contract.go:254.15,256.4 1 0
github.com/luxfi/precompile/pqcrypto/extended_contract.go:257.3,257.27 1 0
github.com/luxfi/precompile/pqcrypto/extended_contract.go:258.30,259.15 1 0
github.com/luxfi/precompile/pqcrypto/extended_contract.go:259.15,261.4 1 0
github.com/luxfi/precompile/pqcrypto/extended_contract.go:262.3,262.28 1 0
github.com/luxfi/precompile/pqcrypto/extended_contract.go:263.31,264.15 1 0
github.com/luxfi/precompile/pqcrypto/extended_contract.go:264.15,266.4 1 0
github.com/luxfi/precompile/pqcrypto/extended_contract.go:267.3,267.29 1 0
github.com/luxfi/precompile/pqcrypto/extended_contract.go:268.31,269.15 1 0
github.com/luxfi/precompile/pqcrypto/extended_contract.go:269.15,271.4 1 0
github.com/luxfi/precompile/pqcrypto/extended_contract.go:272.3,272.29 1 0
github.com/luxfi/precompile/pqcrypto/extended_contract.go:273.32,274.15 1 0
github.com/luxfi/precompile/pqcrypto/extended_contract.go:274.15,276.4 1 0
github.com/luxfi/precompile/pqcrypto/extended_contract.go:277.3,277.30 1 0
github.com/luxfi/precompile/pqcrypto/extended_contract.go:278.10,279.82 1 0
github.com/luxfi/precompile/pqcrypto/module.go:16.13,22.17 1 1
github.com/luxfi/precompile/pqcrypto/module.go:22.17,23.13 1 0
github.com/luxfi/precompile/pqcrypto/module.go:27.59,27.79 1 0
github.com/luxfi/precompile/pqcrypto/module.go:34.9,36.2 1 0
github.com/luxfi/precompile/secp256r1/contract.go:45.45,47.2 1 1
github.com/luxfi/precompile/secp256r1/contract.go:50.53,52.2 1 1
github.com/luxfi/precompile/secp256r1/contract.go:66.54,67.31 1 1
github.com/luxfi/precompile/secp256r1/contract.go:67.31,70.3 1 1
github.com/luxfi/precompile/secp256r1/contract.go:73.2,83.28 7 1
github.com/luxfi/precompile/secp256r1/contract.go:83.28,85.3 1 1
github.com/luxfi/precompile/secp256r1/contract.go:88.2,89.36 2 1
github.com/luxfi/precompile/secp256r1/contract.go:89.36,91.3 1 1
github.com/luxfi/precompile/secp256r1/contract.go:92.2,92.36 1 1
github.com/luxfi/precompile/secp256r1/contract.go:92.36,94.3 1 1
github.com/luxfi/precompile/secp256r1/contract.go:97.2,104.63 2 1
github.com/luxfi/precompile/secp256r1/contract.go:104.63,105.15 1 0
github.com/luxfi/precompile/secp256r1/contract.go:105.15,107.4 1 0
github.com/luxfi/precompile/secp256r1/contract.go:108.3,108.18 1 0
github.com/luxfi/precompile/secp256r1/contract.go:112.2,112.38 1 1
github.com/luxfi/precompile/secp256r1/contract.go:112.38,114.3 1 1
github.com/luxfi/precompile/secp256r1/contract.go:116.2,116.17 1 1
github.com/luxfi/precompile/secp256r1/contract.go:121.77,122.24 1 1
github.com/luxfi/precompile/secp256r1/contract.go:122.24,124.3 1 1
github.com/luxfi/precompile/secp256r1/contract.go:126.2,127.16 2 0
github.com/luxfi/precompile/secp256r1/contract.go:127.16,129.3 1 0
github.com/luxfi/precompile/secp256r1/contract.go:130.2,152.16 11 0
github.com/luxfi/precompile/secp256r1/contract.go:152.16,154.3 1 0
github.com/luxfi/precompile/secp256r1/contract.go:155.2,158.16 3 0
github.com/luxfi/precompile/secp256r1/contract.go:158.16,160.3 1 0
github.com/luxfi/precompile/secp256r1/contract.go:161.2,164.16 3 0
github.com/luxfi/precompile/secp256r1/contract.go:164.16,166.3 1 0
github.com/luxfi/precompile/secp256r1/contract.go:167.2,170.16 3 0
github.com/luxfi/precompile/secp256r1/contract.go:170.16,172.3 1 0
github.com/luxfi/precompile/secp256r1/contract.go:173.2,175.134 2 0
github.com/luxfi/precompile/secp256r1/contract.go:175.134,177.3 1 0
github.com/luxfi/precompile/secp256r1/contract.go:179.2,180.16 2 0
github.com/luxfi/precompile/secp256r1/contract.go:180.16,182.3 1 0
github.com/luxfi/precompile/secp256r1/contract.go:184.2,184.30 1 0
github.com/luxfi/precompile/secp256r1/contract.go:188.34,190.2 1 1
github.com/luxfi/precompile/secp256r1/contract.go:193.52,197.28 2 1
github.com/luxfi/precompile/secp256r1/contract.go:197.28,199.3 1 0
github.com/luxfi/precompile/secp256r1/contract.go:202.2,203.36 2 1
github.com/luxfi/precompile/secp256r1/contract.go:203.36,205.3 1 0
github.com/luxfi/precompile/secp256r1/contract.go:206.2,206.36 1 1
github.com/luxfi/precompile/secp256r1/contract.go:206.36,208.3 1 0
github.com/luxfi/precompile/secp256r1/contract.go:210.2,216.41 2 1
github.com/luxfi/precompile/secp256r1/module.go:14.26,16.2 1 0
github.com/luxfi/precompile/secp256r1/module.go:19.43,21.2 1 0
github.com/luxfi/precompile/secp256r1/module.go:24.39,26.2 1 0
github.com/luxfi/precompile/secp256r1/module.go:29.37,31.2 1 0
github.com/luxfi/precompile/secp256r1/module.go:34.32,36.2 1 0
github.com/luxfi/precompile/secp256r1/module.go:39.39,41.2 1 0
github.com/luxfi/precompile/secp256r1/module.go:44.35,46.2 1 0
github.com/luxfi/precompile/secp256r1/module.go:49.31,51.2 1 0
github.com/luxfi/precompile/secp256r1/module.go:54.30,56.2 1 0
github.com/luxfi/precompile/corona/contract.go:68.64,70.2 1 1
github.com/luxfi/precompile/corona/contract.go:73.72,75.2 1 1
github.com/luxfi/precompile/corona/contract.go:78.52,79.31 1 1
github.com/luxfi/precompile/corona/contract.go:79.31,81.3 1 1
github.com/luxfi/precompile/corona/contract.go:84.2,87.89 2 1
github.com/luxfi/precompile/corona/contract.go:98.27,101.27 2 1
github.com/luxfi/precompile/corona/contract.go:101.27,103.3 1 0
github.com/luxfi/precompile/corona/contract.go:111.2,111.31 1 1
github.com/luxfi/precompile/corona/contract.go:111.31,114.3 1 1
github.com/luxfi/precompile/corona/contract.go:117.2,122.54 4 1
github.com/luxfi/precompile/corona/contract.go:122.54,125.3 1 1
github.com/luxfi/precompile/corona/contract.go:128.2,129.49 2 1
github.com/luxfi/precompile/corona/contract.go:129.49,132.3 1 0
github.com/luxfi/precompile/corona/contract.go:135.2,136.16 2 1
github.com/luxfi/precompile/corona/contract.go:136.16,138.3 1 0
github.com/luxfi/precompile/corona/contract.go:141.2,142.11 2 1
github.com/luxfi/precompile/corona/contract.go:142.11,144.3 1 1
github.com/luxfi/precompile/corona/contract.go:146.2,146.43 1 1
github.com/luxfi/precompile/corona/contract.go:150.116,153.16 2 1
github.com/luxfi/precompile/corona/contract.go:153.16,155.3 1 0
github.com/luxfi/precompile/corona/contract.go:158.2,159.16 2 1
github.com/luxfi/precompile/corona/contract.go:159.16,161.3 1 0
github.com/luxfi/precompile/corona/contract.go:164.2,169.19 3 1
github.com/luxfi/precompile/corona/contract.go:177.3,186.51 6 1
github.com/luxfi/precompile/corona/contract.go:186.51,188.3 1 0
github.com/luxfi/precompile/corona/contract.go:190.2,195.24 4 1
github.com/luxfi/precompile/corona/contract.go:195.24,196.55 1 1
github.com/luxfi/precompile/corona/contract.go:196.55,198.4 1 0
github.com/luxfi/precompile/corona/contract.go:200.3,201.22 2 1
github.com/luxfi/precompile/corona/contract.go:206.2,207.24 2 1
github.com/luxfi/precompile/corona/contract.go:207.24,208.62 1 1
github.com/luxfi/precompile/corona/contract.go:208.62,210.4 1 0
github.com/luxfi/precompile/corona/contract.go:214.2,215.24 2 1
github.com/luxfi/precompile/corona/contract.go:215.24,216.25 1 1
github.com/luxfi/precompile/corona/contract.go:216.25,217.59 1 1
github.com/luxfi/precompile/corona/contract.go:217.59,219.5 1 0
github.com/luxfi/precompile/corona/contract.go:221.4,222.29 2 1
github.com/luxfi/precompile/corona/contract.go:228.2,229.24 2 1
github.com/luxfi/precompile/corona/contract.go:229.24,230.63 1 1
github.com/luxfi/precompile/corona/contract.go:230.63,232.4 1 0
github.com/luxfi/precompile/corona/contract.go:235.2,247.27 3 1
github.com/luxfi/precompile/corona/contract.go:252.77,255.29 3 1
github.com/luxfi/precompile/corona/contract.go:255.29,257.49 2 1
github.com/luxfi/precompile/corona/contract.go:257.49,259.4 1 0
github.com/luxfi/precompile/corona/contract.go:260.3,261.53 2 1
github.com/luxfi/precompile/corona/contract.go:265.2,265.26 1 1
github.com/luxfi/precompile/corona/contract.go:265.26,270.74 2 1
github.com/luxfi/precompile/corona/contract.go:270.75,273.4 0 1
github.com/luxfi/precompile/corona/contract.go:277.2,278.12 2 1
github.com/luxfi/precompile/corona/contract.go:282.73,284.21 2 1
github.com/luxfi/precompile/corona/contract.go:284.21,286.3 1 1
github.com/luxfi/precompile/corona/contract.go:287.2,287.12 1 1
github.com/luxfi/precompile/corona/contract.go:291.79,293.21 2 1
github.com/luxfi/precompile/corona/contract.go:293.21,295.25 2 1
github.com/luxfi/precompile/corona/contract.go:295.25,297.4 1 1
github.com/luxfi/precompile/corona/contract.go:299.2,299.12 1 1
github.com/luxfi/precompile/corona/contract.go:303.41,305.2 1 1
github.com/luxfi/precompile/corona/module.go:16.13,23.17 1 1
github.com/luxfi/precompile/corona/module.go:23.17,24.13 1 0
github.com/luxfi/precompile/corona/module.go:28.59,30.2 1 0
github.com/luxfi/precompile/corona/module.go:37.9,40.2 1 0
github.com/luxfi/precompile/corona/module.go:47.31,49.2 1 0
github.com/luxfi/precompile/corona/module.go:51.38,53.2 1 0
github.com/luxfi/precompile/corona/module.go:55.36,57.2 1 0
github.com/luxfi/precompile/corona/module.go:59.58,61.9 2 0
github.com/luxfi/precompile/corona/module.go:61.9,63.3 1 0
github.com/luxfi/precompile/corona/module.go:64.2,64.40 1 0
github.com/luxfi/precompile/corona/module.go:67.73,70.2 1 0
github.com/luxfi/precompile/slhdsa/contract.go:99.59,101.2 1 1
github.com/luxfi/precompile/slhdsa/contract.go:104.109,105.14 1 1
github.com/luxfi/precompile/slhdsa/contract.go:106.21,107.101 1 1
github.com/luxfi/precompile/slhdsa/contract.go:108.21,109.101 1 1
github.com/luxfi/precompile/slhdsa/contract.go:110.21,111.101 1 1
github.com/luxfi/precompile/slhdsa/contract.go:112.21,113.101 1 1
github.com/luxfi/precompile/slhdsa/contract.go:114.21,115.101 1 1
github.com/luxfi/precompile/slhdsa/contract.go:116.21,117.101 1 1
github.com/luxfi/precompile/slhdsa/contract.go:118.22,119.103 1 1
github.com/luxfi/precompile/slhdsa/contract.go:120.22,121.103 1 1
github.com/luxfi/precompile/slhdsa/contract.go:122.22,123.103 1 0
github.com/luxfi/precompile/slhdsa/contract.go:124.22,125.103 1 0
github.com/luxfi/precompile/slhdsa/contract.go:126.22,127.103 1 0
github.com/luxfi/precompile/slhdsa/contract.go:128.22,129.103 1 0
github.com/luxfi/precompile/slhdsa/contract.go:130.10,131.40 1 1
github.com/luxfi/precompile/slhdsa/contract.go:136.67,137.27 1 1
github.com/luxfi/precompile/slhdsa/contract.go:137.27,139.3 1 1
github.com/luxfi/precompile/slhdsa/contract.go:141.2,143.16 3 1
github.com/luxfi/precompile/slhdsa/contract.go:143.16,145.3 1 1
github.com/luxfi/precompile/slhdsa/contract.go:149.2,150.29 2 1
github.com/luxfi/precompile/slhdsa/contract.go:150.29,152.3 1 1
github.com/luxfi/precompile/slhdsa/contract.go:154.2,155.29 2 1
github.com/luxfi/precompile/slhdsa/contract.go:155.29,157.3 1 1
github.com/luxfi/precompile/slhdsa/contract.go:159.2,160.46 2 1
github.com/luxfi/precompile/slhdsa/contract.go:160.46,162.3 1 1
github.com/luxfi/precompile/slhdsa/contract.go:164.2,167.60 2 1
github.com/luxfi/precompile/slhdsa/contract.go:188.27,191.27 2 1
github.com/luxfi/precompile/slhdsa/contract.go:191.27,193.3 1 1
github.com/luxfi/precompile/slhdsa/contract.go:196.2,197.28 2 1
github.com/luxfi/precompile/slhdsa/contract.go:197.28,199.3 1 1
github.com/luxfi/precompile/slhdsa/contract.go:202.2,204.16 3 1
github.com/luxfi/precompile/slhdsa/contract.go:204.16,206.3 1 1
github.com/luxfi/precompile/slhdsa/contract.go:209.2,210.29 2 1
github.com/luxfi/precompile/slhdsa/contract.go:210.29,213.3 1 1
github.com/luxfi/precompile/slhdsa/contract.go:216.2,222.28 5 1
github.com/luxfi/precompile/slhdsa/contract.go:222.28,224.3 1 1
github.com/luxfi/precompile/slhdsa/contract.go:227.2,234.25 6 1
github.com/luxfi/precompile/slhdsa/contract.go:234.25,237.3 1 0
github.com/luxfi/precompile/slhdsa/contract.go:240.2,246.82 5 1
github.com/luxfi/precompile/slhdsa/contract.go:246.82,248.3 1 0
github.com/luxfi/precompile/slhdsa/contract.go:248.8,251.17 2 1
github.com/luxfi/precompile/slhdsa/contract.go:251.17,253.4 1 0
github.com/luxfi/precompile/slhdsa/contract.go:254.3,254.46 1 1
github.com/luxfi/precompile/slhdsa/contract.go:258.2,259.11 2 1
github.com/luxfi/precompile/slhdsa/contract.go:259.11,261.3 1 1
github.com/luxfi/precompile/slhdsa/contract.go:263.2,263.43 1 1
github.com/luxfi/precompile/slhdsa/contract.go:268.87,269.24 1 1
github.com/luxfi/precompile/slhdsa/contract.go:269.24,271.3 1 1
github.com/luxfi/precompile/slhdsa/contract.go:273.2,274.16 2 0
github.com/luxfi/precompile/slhdsa/contract.go:274.16,276.3 1 0
github.com/luxfi/precompile/slhdsa/contract.go:277.2,282.16 4 0
github.com/luxfi/precompile/slhdsa/contract.go:282.16,284.3 1 0
github.com/luxfi/precompile/slhdsa/contract.go:285.2,288.16 3 0
github.com/luxfi/precompile/slhdsa/contract.go:288.16,290.3 1 0
github.com/luxfi/precompile/slhdsa/contract.go:291.2,294.16 3 0
github.com/luxfi/precompile/slhdsa/contract.go:294.16,296.3 1 0
github.com/luxfi/precompile/slhdsa/contract.go:297.2,302.16 3 0
github.com/luxfi/precompile/slhdsa/contract.go:302.16,304.3 1 0
github.com/luxfi/precompile/slhdsa/contract.go:306.2,306.21 1 0
github.com/luxfi/precompile/slhdsa/contract.go:310.34,311.14 1 0
github.com/luxfi/precompile/slhdsa/contract.go:312.21,313.29 1 0
github.com/luxfi/precompile/slhdsa/contract.go:314.21,315.29 1 0
github.com/luxfi/precompile/slhdsa/contract.go:316.21,317.29 1 0
github.com/luxfi/precompile/slhdsa/contract.go:318.21,319.29 1 0
github.com/luxfi/precompile/slhdsa/contract.go:320.21,321.29 1 0
github.com/luxfi/precompile/slhdsa/contract.go:322.21,323.29 1 0
github.com/luxfi/precompile/slhdsa/contract.go:324.22,325.30 1 0
github.com/luxfi/precompile/slhdsa/contract.go:326.22,327.30 1 0
github.com/luxfi/precompile/slhdsa/contract.go:328.22,329.30 1 0
github.com/luxfi/precompile/slhdsa/contract.go:330.22,331.30 1 0
github.com/luxfi/precompile/slhdsa/contract.go:332.22,333.30 1 0
github.com/luxfi/precompile/slhdsa/contract.go:334.22,335.30 1 0
github.com/luxfi/precompile/slhdsa/contract.go:336.10,337.19 1 0
github.com/luxfi/precompile/slhdsa/module.go:18.13,24.17 1 1
github.com/luxfi/precompile/slhdsa/module.go:24.17,25.13 1 0
github.com/luxfi/precompile/slhdsa/module.go:29.59,29.79 1 0
github.com/luxfi/precompile/slhdsa/module.go:36.9,38.2 1 0
github.com/luxfi/precompile/slhdsa/module.go:44.38,44.58 1 0
github.com/luxfi/precompile/slhdsa/module.go:45.38,45.70 1 0
github.com/luxfi/precompile/slhdsa/module.go:46.38,46.66 1 0
github.com/luxfi/precompile/slhdsa/module.go:47.58,49.9 2 0
github.com/luxfi/precompile/slhdsa/module.go:49.9,51.3 1 0
github.com/luxfi/precompile/slhdsa/module.go:52.2,52.40 1 0
github.com/luxfi/precompile/slhdsa/module.go:54.61,54.75 1 0
github.com/luxfi/precompile/sr25519/contract.go:62.60,64.2 1 1
github.com/luxfi/precompile/sr25519/contract.go:67.68,68.47 1 1
github.com/luxfi/precompile/sr25519/contract.go:68.47,70.3 1 1
github.com/luxfi/precompile/sr25519/contract.go:71.2,72.62 2 1
github.com/luxfi/precompile/sr25519/contract.go:93.27,95.27 2 1
github.com/luxfi/precompile/sr25519/contract.go:95.27,97.3 1 1
github.com/luxfi/precompile/sr25519/contract.go:98.2,100.31 2 1
github.com/luxfi/precompile/sr25519/contract.go:100.31,103.3 1 1
github.com/luxfi/precompile/sr25519/contract.go:105.2,109.23 4 1
github.com/luxfi/precompile/sr25519/contract.go:109.23,111.3 1 0
github.com/luxfi/precompile/sr25519/contract.go:114.2,119.37 1 1
github.com/luxfi/precompile/sr25519/contract.go:119.37,120.17 1 1
github.com/luxfi/precompile/sr25519/contract.go:120.17,122.4 1 0
github.com/luxfi/precompile/sr25519/contract.go:128.2,128.50 1 1
github.com/luxfi/precompile/sr25519/contract.go:128.50,130.3 1 1
github.com/luxfi/precompile/sr25519/contract.go:131.2,131.38 1 1
github.com/luxfi/precompile/sr25519/module.go:18.13,24.17 1 1
github.com/luxfi/precompile/sr25519/module.go:24.17,25.13 1 0
github.com/luxfi/precompile/sr25519/module.go:29.59,31.2 1 0
github.com/luxfi/precompile/sr25519/module.go:38.9,40.2 1 0
github.com/luxfi/precompile/sr25519/module.go:47.38,47.58 1 0
github.com/luxfi/precompile/sr25519/module.go:48.38,48.70 1 0
github.com/luxfi/precompile/sr25519/module.go:49.38,49.66 1 0
github.com/luxfi/precompile/sr25519/module.go:51.58,53.9 2 0
github.com/luxfi/precompile/sr25519/module.go:53.9,55.3 1 0
github.com/luxfi/precompile/sr25519/module.go:56.2,56.40 1 0
github.com/luxfi/precompile/sr25519/module.go:59.73,61.2 1 0
github.com/luxfi/precompile/sr25519/verify_cgo.go:17.63,18.93 1 1
github.com/luxfi/precompile/sr25519/verify_cgo.go:18.93,20.3 1 0
github.com/luxfi/precompile/sr25519/verify_cgo.go:23.2,29.21 2 1
github.com/luxfi/precompile/stableswap/contract.go:69.27,71.16 2 1
github.com/luxfi/precompile/stableswap/contract.go:71.16,73.3 1 1
github.com/luxfi/precompile/stableswap/contract.go:74.2,74.20 1 1
github.com/luxfi/precompile/stableswap/contract.go:74.20,76.3 1 1
github.com/luxfi/precompile/stableswap/contract.go:78.2,78.18 1 1
github.com/luxfi/precompile/stableswap/contract.go:79.15,80.31 1 1
github.com/luxfi/precompile/stableswap/contract.go:81.22,82.38 1 1
github.com/luxfi/precompile/stableswap/contract.go:83.25,84.41 1 1
github.com/luxfi/precompile/stableswap/contract.go:85.14,86.30 1 1
github.com/luxfi/precompile/stableswap/contract.go:87.10,88.32 1 1
github.com/luxfi/precompile/stableswap/contract.go:100.61,101.20 1 1
github.com/luxfi/precompile/stableswap/contract.go:101.20,103.3 1 0
github.com/luxfi/precompile/stableswap/contract.go:104.2,110.34 6 1
github.com/luxfi/precompile/stableswap/contract.go:110.34,112.3 1 0
github.com/luxfi/precompile/stableswap/contract.go:113.2,113.42 1 1
github.com/luxfi/precompile/stableswap/contract.go:113.42,115.3 1 1
github.com/luxfi/precompile/stableswap/contract.go:117.2,118.19 2 1
github.com/luxfi/precompile/stableswap/contract.go:118.19,121.3 2 1
github.com/luxfi/precompile/stableswap/contract.go:123.2,124.16 2 1
github.com/luxfi/precompile/stableswap/contract.go:124.16,126.3 1 0
github.com/luxfi/precompile/stableswap/contract.go:129.2,130.19 2 1
github.com/luxfi/precompile/stableswap/contract.go:130.19,132.3 1 1
github.com/luxfi/precompile/stableswap/contract.go:133.2,136.16 3 1
github.com/luxfi/precompile/stableswap/contract.go:136.16,138.3 1 0
github.com/luxfi/precompile/stableswap/contract.go:141.2,143.19 3 1
github.com/luxfi/precompile/stableswap/contract.go:143.19,145.3 1 0
github.com/luxfi/precompile/stableswap/contract.go:146.2,146.38 1 1
github.com/luxfi/precompile/stableswap/contract.go:155.68,156.20 1 1
github.com/luxfi/precompile/stableswap/contract.go:156.20,158.3 1 0
github.com/luxfi/precompile/stableswap/contract.go:159.2,163.36 4 1
github.com/luxfi/precompile/stableswap/contract.go:163.36,165.3 1 0
github.com/luxfi/precompile/stableswap/contract.go:167.2,169.19 3 1
github.com/luxfi/precompile/stableswap/contract.go:169.19,172.3 2 1
github.com/luxfi/precompile/stableswap/contract.go:173.2,173.19 1 1
github.com/luxfi/precompile/stableswap/contract.go:173.19,176.3 2 1
github.com/luxfi/precompile/stableswap/contract.go:178.2,179.16 2 1
github.com/luxfi/precompile/stableswap/contract.go:179.16,181.3 1 0
github.com/luxfi/precompile/stableswap/contract.go:183.2,184.19 2 1
github.com/luxfi/precompile/stableswap/contract.go:184.19,186.3 1 1
github.com/luxfi/precompile/stableswap/contract.go:187.2,188.16 2 1
github.com/luxfi/precompile/stableswap/contract.go:188.16,190.3 1 0
github.com/luxfi/precompile/stableswap/contract.go:192.2,192.29 1 1
github.com/luxfi/precompile/stableswap/contract.go:192.29,195.3 1 1
github.com/luxfi/precompile/stableswap/contract.go:198.2,201.40 4 0
github.com/luxfi/precompile/stableswap/contract.go:210.71,211.20 1 1
github.com/luxfi/precompile/stableswap/contract.go:211.20,213.3 1 0
github.com/luxfi/precompile/stableswap/contract.go:214.2,218.34 4 1
github.com/luxfi/precompile/stableswap/contract.go:218.34,220.3 1 0
github.com/luxfi/precompile/stableswap/contract.go:221.2,221.29 1 1
github.com/luxfi/precompile/stableswap/contract.go:221.29,223.3 1 0
github.com/luxfi/precompile/stableswap/contract.go:225.2,226.19 2 1
github.com/luxfi/precompile/stableswap/contract.go:226.19,229.3 2 1
github.com/luxfi/precompile/stableswap/contract.go:232.2,233.19 2 1
github.com/luxfi/precompile/stableswap/contract.go:233.19,238.3 4 1
github.com/luxfi/precompile/stableswap/contract.go:239.2,239.25 1 1
github.com/luxfi/precompile/stableswap/contract.go:247.60,248.20 1 1
github.com/luxfi/precompile/stableswap/contract.go:248.20,250.3 1 0
github.com/luxfi/precompile/stableswap/contract.go:251.2,253.34 3 1
github.com/luxfi/precompile/stableswap/contract.go:253.34,255.3 1 0
github.com/luxfi/precompile/stableswap/contract.go:257.2,258.19 2 1
github.com/luxfi/precompile/stableswap/contract.go:258.19,261.3 2 1
github.com/luxfi/precompile/stableswap/contract.go:263.2,264.16 2 1
github.com/luxfi/precompile/stableswap/contract.go:264.16,266.3 1 0
github.com/luxfi/precompile/stableswap/contract.go:267.2,267.37 1 1
github.com/luxfi/precompile/stableswap/contract.go:275.75,277.29 2 1
github.com/luxfi/precompile/stableswap/contract.go:277.29,279.3 1 1
github.com/luxfi/precompile/stableswap/contract.go:280.2,280.19 1 1
github.com/luxfi/precompile/stableswap/contract.go:280.19,282.3 1 1
github.com/luxfi/precompile/stableswap/contract.go:284.2,288.26 4 1
github.com/luxfi/precompile/stableswap/contract.go:288.26,292.30 2 1
github.com/luxfi/precompile/stableswap/contract.go:292.30,293.21 1 1
github.com/luxfi/precompile/stableswap/contract.go:293.21,295.5 1 0
github.com/luxfi/precompile/stableswap/contract.go:297.4,298.39 2 1
github.com/luxfi/precompile/stableswap/contract.go:301.3,319.25 12 1
github.com/luxfi/precompile/stableswap/contract.go:319.25,321.4 1 1
github.com/luxfi/precompile/stableswap/contract.go:323.2,323.28 1 0
github.com/luxfi/precompile/stableswap/contract.go:330.94,337.19 5 1
github.com/luxfi/precompile/stableswap/contract.go:337.19,338.13 1 1
github.com/luxfi/precompile/stableswap/contract.go:338.13,339.12 1 1
github.com/luxfi/precompile/stableswap/contract.go:341.3,342.20 2 1
github.com/luxfi/precompile/stableswap/contract.go:342.20,344.4 1 0
github.com/luxfi/precompile/stableswap/contract.go:345.3,347.36 3 1
github.com/luxfi/precompile/stableswap/contract.go:349.2,355.26 5 1
github.com/luxfi/precompile/stableswap/contract.go:355.26,364.24 6 1
github.com/luxfi/precompile/stableswap/contract.go:364.24,366.4 1 0
github.com/luxfi/precompile/stableswap/contract.go:368.3,372.25 4 1
github.com/luxfi/precompile/stableswap/contract.go:372.25,374.4 1 1
github.com/luxfi/precompile/stableswap/contract.go:376.2,376.28 1 0
github.com/luxfi/precompile/stableswap/contract.go:379.31,380.18 1 1
github.com/luxfi/precompile/stableswap/contract.go:380.18,382.3 1 0
github.com/luxfi/precompile/stableswap/contract.go:383.2,385.15 3 1
github.com/luxfi/precompile/stableswap/module.go:25.13,26.55 1 1
github.com/luxfi/precompile/stableswap/module.go:26.55,27.13 1 0
github.com/luxfi/precompile/stableswap/module.go:31.59,31.81 1 0
github.com/luxfi/precompile/stableswap/module.go:38.9,40.2 1 0
github.com/luxfi/precompile/stableswap/module.go:46.38,46.58 1 0
github.com/luxfi/precompile/stableswap/module.go:47.38,47.70 1 0
github.com/luxfi/precompile/stableswap/module.go:48.38,48.66 1 0
github.com/luxfi/precompile/stableswap/module.go:49.58,51.9 2 0
github.com/luxfi/precompile/stableswap/module.go:51.9,53.3 1 0
github.com/luxfi/precompile/stableswap/module.go:54.2,54.40 1 0
github.com/luxfi/precompile/stableswap/module.go:56.61,56.75 1 0
github.com/luxfi/precompile/threshold/accel.go:26.19,27.20 1 1
github.com/luxfi/precompile/threshold/accel.go:27.20,29.3 1 1
github.com/luxfi/precompile/threshold/accel.go:30.2,30.53 1 1
github.com/luxfi/precompile/threshold/accel.go:30.53,32.3 1 1
github.com/luxfi/precompile/threshold/accel.go:35.2,35.60 1 1
github.com/luxfi/precompile/threshold/accel.go:35.60,37.17 2 0
github.com/luxfi/precompile/threshold/accel.go:37.17,39.4 1 0
github.com/luxfi/precompile/threshold/accel.go:44.2,44.49 1 1
github.com/luxfi/precompile/threshold/accel.go:48.80,50.17 2 0
github.com/luxfi/precompile/threshold/accel.go:51.24,52.33 1 0
github.com/luxfi/precompile/threshold/accel.go:53.22,54.35 1 0
github.com/luxfi/precompile/threshold/accel.go:55.23,56.31 1 0
github.com/luxfi/precompile/threshold/accel.go:57.20,58.35 1 0
github.com/luxfi/precompile/threshold/accel.go:59.10,60.32 1 0
github.com/luxfi/precompile/threshold/accel.go:63.2,63.58 1 0
github.com/luxfi/precompile/threshold/accel.go:67.80,72.22 3 1
github.com/luxfi/precompile/threshold/accel.go:72.22,74.20 2 1
github.com/luxfi/precompile/threshold/accel.go:74.20,77.4 2 1
github.com/luxfi/precompile/threshold/accel.go:79.2,81.21 2 1
github.com/luxfi/precompile/threshold/accel.go:85.71,86.17 1 1
github.com/luxfi/precompile/threshold/accel.go:87.24,88.35 1 1
github.com/luxfi/precompile/threshold/accel.go:89.22,90.37 1 1
github.com/luxfi/precompile/threshold/accel.go:91.23,92.33 1 1
github.com/luxfi/precompile/threshold/accel.go:93.20,94.35 1 0
github.com/luxfi/precompile/threshold/accel.go:95.10,96.15 1 0
github.com/luxfi/precompile/threshold/accel.go:101.44,102.37 1 1
github.com/luxfi/precompile/threshold/accel.go:102.37,104.3 1 0
github.com/luxfi/precompile/threshold/accel.go:107.2,107.42 1 1
github.com/luxfi/precompile/threshold/accel.go:111.46,112.37 1 1
github.com/luxfi/precompile/threshold/accel.go:112.37,114.3 1 0
github.com/luxfi/precompile/threshold/accel.go:115.2,115.44 1 1
github.com/luxfi/precompile/threshold/accel.go:119.42,120.37 1 1
github.com/luxfi/precompile/threshold/accel.go:120.37,122.3 1 0
github.com/luxfi/precompile/threshold/accel.go:123.2,123.40 1 1
github.com/luxfi/precompile/threshold/accel.go:127.44,129.2 1 0
github.com/luxfi/precompile/threshold/accel.go:133.52,137.2 1 1
github.com/luxfi/precompile/threshold/accel.go:139.54,141.75 1 1
github.com/luxfi/precompile/threshold/accel.go:141.75,143.3 1 0
github.com/luxfi/precompile/threshold/accel.go:144.2,144.56 1 1
github.com/luxfi/precompile/threshold/accel.go:147.50,150.16 2 1
github.com/luxfi/precompile/threshold/accel.go:150.16,152.3 1 1
github.com/luxfi/precompile/threshold/accel.go:153.2,154.16 2 0
github.com/luxfi/precompile/threshold/accel.go:154.16,156.3 1 0
github.com/luxfi/precompile/threshold/accel.go:157.2,157.46 1 0
github.com/luxfi/precompile/threshold/accel.go:160.52,164.16 2 0
github.com/luxfi/precompile/threshold/accel.go:164.16,166.3 1 0
github.com/luxfi/precompile/threshold/accel.go:167.2,167.44 1 0
github.com/luxfi/precompile/threshold/client.go:50.44,61.2 2 1
github.com/luxfi/precompile/threshold/client.go:64.35,65.19 1 1
github.com/luxfi/precompile/threshold/client.go:65.19,67.3 1 1
github.com/luxfi/precompile/threshold/client.go:78.26,82.15 3 1
github.com/luxfi/precompile/threshold/client.go:83.23,84.75 1 0
github.com/luxfi/precompile/threshold/client.go:85.21,86.77 1 1
github.com/luxfi/precompile/threshold/client.go:87.19,88.75 1 0
github.com/luxfi/precompile/threshold/client.go:89.24,90.71 1 0
github.com/luxfi/precompile/threshold/client.go:91.10,92.33 1 0
github.com/luxfi/precompile/threshold/client.go:111.58,117.28 2 1
github.com/luxfi/precompile/threshold/client.go:117.28,119.3 1 1
github.com/luxfi/precompile/threshold/client.go:120.2,120.10 1 1
github.com/luxfi/precompile/threshold/client.go:123.53,127.9 3 0
github.com/luxfi/precompile/threshold/client.go:128.21,129.9 1 0
github.com/luxfi/precompile/threshold/client.go:130.10,130.10 0 0
github.com/luxfi/precompile/threshold/client.go:133.2,133.35 1 0
github.com/luxfi/precompile/threshold/client.go:133.35,135.33 1 0
github.com/luxfi/precompile/threshold/client.go:135.33,136.21 1 0
github.com/luxfi/precompile/threshold/client.go:136.21,137.12 1 0
github.com/luxfi/precompile/threshold/client.go:138.20,138.20 0 0
github.com/luxfi/precompile/threshold/client.go:139.13,139.13 0 0
github.com/luxfi/precompile/threshold/client.go:144.8,146.39 1 0
github.com/luxfi/precompile/threshold/client.go:146.39,147.11 1 0
github.com/luxfi/precompile/threshold/client.go:148.19,148.19 0 0
github.com/luxfi/precompile/threshold/client.go:149.12,149.12 0 0
github.com/luxfi/precompile/threshold/client.go:156.71,160.2 3 1
github.com/luxfi/precompile/threshold/client.go:162.33,166.32 4 0
github.com/luxfi/precompile/threshold/client.go:166.32,168.3 1 0
github.com/luxfi/precompile/threshold/client.go:172.72,176.12 2 1
github.com/luxfi/precompile/threshold/client.go:176.12,177.28 1 1
github.com/luxfi/precompile/threshold/client.go:177.28,179.4 1 0
github.com/luxfi/precompile/threshold/client.go:183.2,184.26 2 1
github.com/luxfi/precompile/threshold/client.go:184.26,185.23 1 0
github.com/luxfi/precompile/threshold/client.go:185.23,187.4 1 0
github.com/luxfi/precompile/threshold/client.go:197.26,198.33 1 0
github.com/luxfi/precompile/threshold/client.go:198.33,200.3 1 0
github.com/luxfi/precompile/threshold/client.go:203.2,211.34 7 0
github.com/luxfi/precompile/threshold/client.go:211.34,213.24 2 0
github.com/luxfi/precompile/threshold/client.go:213.24,220.18 3 0
github.com/luxfi/precompile/threshold/client.go:220.18,223.5 2 0
github.com/luxfi/precompile/threshold/client.go:225.4,228.18 3 0
github.com/luxfi/precompile/threshold/client.go:228.18,231.5 2 0
github.com/luxfi/precompile/threshold/client.go:233.4,235.22 3 0
github.com/luxfi/precompile/threshold/client.go:239.2,241.20 2 0
github.com/luxfi/precompile/threshold/client.go:241.20,243.3 1 0
github.com/luxfi/precompile/threshold/client.go:245.2,245.23 1 0
github.com/luxfi/precompile/threshold/client.go:245.23,247.3 1 0
github.com/luxfi/precompile/threshold/client.go:250.2,251.30 2 0
github.com/luxfi/precompile/threshold/client.go:251.30,252.23 1 0
github.com/luxfi/precompile/threshold/client.go:252.23,254.9 2 0
github.com/luxfi/precompile/threshold/client.go:257.2,257.22 1 0
github.com/luxfi/precompile/threshold/client.go:257.22,259.3 1 0
github.com/luxfi/precompile/threshold/client.go:262.2,264.16 3 0
github.com/luxfi/precompile/threshold/client.go:264.16,266.3 1 0
github.com/luxfi/precompile/threshold/client.go:268.2,280.8 4 0
github.com/luxfi/precompile/threshold/client.go:289.26,290.62 1 1
github.com/luxfi/precompile/threshold/client.go:290.62,292.3 1 0
github.com/luxfi/precompile/threshold/client.go:294.2,304.34 8 1
github.com/luxfi/precompile/threshold/client.go:304.34,306.24 2 1
github.com/luxfi/precompile/threshold/client.go:306.24,313.18 3 1
github.com/luxfi/precompile/threshold/client.go:313.18,316.5 2 0
github.com/luxfi/precompile/threshold/client.go:318.4,321.18 3 1
github.com/luxfi/precompile/threshold/client.go:321.18,324.5 2 0
github.com/luxfi/precompile/threshold/client.go:326.4,328.22 3 0
github.com/luxfi/precompile/threshold/client.go:332.2,334.20 2 1
github.com/luxfi/precompile/threshold/client.go:334.20,336.3 1 0
github.com/luxfi/precompile/threshold/client.go:338.2,338.23 1 0
github.com/luxfi/precompile/threshold/client.go:338.23,340.3 1 0
github.com/luxfi/precompile/threshold/client.go:342.2,343.30 2 0
github.com/luxfi/precompile/threshold/client.go:343.30,344.23 1 0
github.com/luxfi/precompile/threshold/client.go:344.23,346.9 2 0
github.com/luxfi/precompile/threshold/client.go:349.2,349.22 1 0
github.com/luxfi/precompile/threshold/client.go:349.22,351.3 1 0
github.com/luxfi/precompile/threshold/client.go:353.2,354.16 2 0
github.com/luxfi/precompile/threshold/client.go:354.16,356.3 1 0
github.com/luxfi/precompile/threshold/client.go:358.2,367.8 4 0
github.com/luxfi/precompile/threshold/client.go:376.26,377.33 1 0
github.com/luxfi/precompile/threshold/client.go:377.33,379.3 1 0
github.com/luxfi/precompile/threshold/client.go:381.2,389.34 7 0
github.com/luxfi/precompile/threshold/client.go:389.34,391.24 2 0
github.com/luxfi/precompile/threshold/client.go:391.24,398.18 3 0
github.com/luxfi/precompile/threshold/client.go:398.18,401.5 2 0
github.com/luxfi/precompile/threshold/client.go:403.4,406.18 3 0
github.com/luxfi/precompile/threshold/client.go:406.18,409.5 2 0
github.com/luxfi/precompile/threshold/client.go:411.4,413.22 3 0
github.com/luxfi/precompile/threshold/client.go:417.2,419.20 2 0
github.com/luxfi/precompile/threshold/client.go:419.20,421.3 1 0
github.com/luxfi/precompile/threshold/client.go:423.2,423.23 1 0
github.com/luxfi/precompile/threshold/client.go:423.23,425.3 1 0
github.com/luxfi/precompile/threshold/client.go:427.2,428.30 2 0
github.com/luxfi/precompile/threshold/client.go:428.30,429.23 1 0
github.com/luxfi/precompile/threshold/client.go:429.23,431.9 2 0
github.com/luxfi/precompile/threshold/client.go:434.2,434.22 1 0
github.com/luxfi/precompile/threshold/client.go:434.22,436.3 1 0
github.com/luxfi/precompile/threshold/client.go:438.2,439.16 2 0
github.com/luxfi/precompile/threshold/client.go:439.16,441.3 1 0
github.com/luxfi/precompile/threshold/client.go:443.2,444.16 2 0
github.com/luxfi/precompile/threshold/client.go:444.16,446.3 1 0
github.com/luxfi/precompile/threshold/client.go:448.2,457.8 4 0
github.com/luxfi/precompile/threshold/client.go:465.26,474.34 7 0
github.com/luxfi/precompile/threshold/client.go:474.34,476.24 2 0
github.com/luxfi/precompile/threshold/client.go:476.24,483.18 3 0
github.com/luxfi/precompile/threshold/client.go:483.18,486.5 2 0
github.com/luxfi/precompile/threshold/client.go:488.4,491.18 3 0
github.com/luxfi/precompile/threshold/client.go:491.18,494.5 2 0
github.com/luxfi/precompile/threshold/client.go:496.4,498.22 3 0
github.com/luxfi/precompile/threshold/client.go:502.2,504.20 2 0
github.com/luxfi/precompile/threshold/client.go:504.20,506.3 1 0
github.com/luxfi/precompile/threshold/client.go:508.2,508.23 1 0
github.com/luxfi/precompile/threshold/client.go:508.23,510.3 1 0
github.com/luxfi/precompile/threshold/client.go:512.2,513.30 2 0
github.com/luxfi/precompile/threshold/client.go:513.30,514.23 1 0
github.com/luxfi/precompile/threshold/client.go:514.23,516.9 2 0
github.com/luxfi/precompile/threshold/client.go:519.2,519.22 1 0
github.com/luxfi/precompile/threshold/client.go:519.22,521.3 1 0
github.com/luxfi/precompile/threshold/client.go:523.2,532.8 4 0
github.com/luxfi/precompile/threshold/client.go:548.27,552.15 3 0
github.com/luxfi/precompile/threshold/client.go:553.23,554.68 1 0
github.com/luxfi/precompile/threshold/client.go:555.21,556.70 1 0
github.com/luxfi/precompile/threshold/client.go:557.19,558.68 1 0
github.com/luxfi/precompile/threshold/client.go:559.24,560.73 1 0
github.com/luxfi/precompile/threshold/client.go:561.10,562.33 1 0
github.com/luxfi/precompile/threshold/client.go:572.27,574.9 2 0
github.com/luxfi/precompile/threshold/client.go:574.9,576.3 1 0
github.com/luxfi/precompile/threshold/client.go:578.2,586.29 7 0
github.com/luxfi/precompile/threshold/client.go:586.29,588.24 2 0
github.com/luxfi/precompile/threshold/client.go:588.24,595.18 3 0
github.com/luxfi/precompile/threshold/client.go:595.18,598.5 2 0
github.com/luxfi/precompile/threshold/client.go:600.4,603.18 3 0
github.com/luxfi/precompile/threshold/client.go:603.18,606.5 2 0
github.com/luxfi/precompile/threshold/client.go:608.4,610.18 3 0
github.com/luxfi/precompile/threshold/client.go:614.2,616.20 2 0
github.com/luxfi/precompile/threshold/client.go:616.20,618.3 1 0
github.com/luxfi/precompile/threshold/client.go:620.2,620.26 1 0
github.com/luxfi/precompile/threshold/client.go:620.26,622.3 1 0
github.com/luxfi/precompile/threshold/client.go:625.2,627.16 3 0
github.com/luxfi/precompile/threshold/client.go:627.16,629.3 1 0
github.com/luxfi/precompile/threshold/client.go:631.2,633.8 1 0
github.com/luxfi/precompile/threshold/client.go:642.27,644.9 2 0
github.com/luxfi/precompile/threshold/client.go:644.9,646.3 1 0
github.com/luxfi/precompile/threshold/client.go:648.2,656.29 7 0
github.com/luxfi/precompile/threshold/client.go:656.29,658.24 2 0
github.com/luxfi/precompile/threshold/client.go:658.24,665.18 3 0
github.com/luxfi/precompile/threshold/client.go:665.18,668.5 2 0
github.com/luxfi/precompile/threshold/client.go:670.4,673.18 3 0
github.com/luxfi/precompile/threshold/client.go:673.18,676.5 2 0
github.com/luxfi/precompile/threshold/client.go:678.4,680.18 3 0
github.com/luxfi/precompile/threshold/client.go:684.2,686.20 2 0
github.com/luxfi/precompile/threshold/client.go:686.20,688.3 1 0
github.com/luxfi/precompile/threshold/client.go:690.2,690.26 1 0
github.com/luxfi/precompile/threshold/client.go:690.26,692.3 1 0
github.com/luxfi/precompile/threshold/client.go:694.2,697.16 3 0
github.com/luxfi/precompile/threshold/client.go:697.16,699.3 1 0
github.com/luxfi/precompile/threshold/client.go:703.2,707.8 2 0
github.com/luxfi/precompile/threshold/client.go:716.27,718.9 2 0
github.com/luxfi/precompile/threshold/client.go:718.9,720.3 1 0
github.com/luxfi/precompile/threshold/client.go:722.2,730.29 7 0
github.com/luxfi/precompile/threshold/client.go:730.29,732.24 2 0
github.com/luxfi/precompile/threshold/client.go:732.24,739.18 3 0
github.com/luxfi/precompile/threshold/client.go:739.18,742.5 2 0
github.com/luxfi/precompile/threshold/client.go:744.4,747.18 3 0
github.com/luxfi/precompile/threshold/client.go:747.18,750.5 2 0
github.com/luxfi/precompile/threshold/client.go:752.4,754.18 3 0
github.com/luxfi/precompile/threshold/client.go:758.2,760.20 2 0
github.com/luxfi/precompile/threshold/client.go:760.20,762.3 1 0
github.com/luxfi/precompile/threshold/client.go:764.2,764.26 1 0
github.com/luxfi/precompile/threshold/client.go:764.26,766.3 1 0
github.com/luxfi/precompile/threshold/client.go:768.2,770.16 3 0
github.com/luxfi/precompile/threshold/client.go:770.16,772.3 1 0
github.com/luxfi/precompile/threshold/client.go:774.2,776.8 1 0
github.com/luxfi/precompile/threshold/client.go:785.27,787.9 2 0
github.com/luxfi/precompile/threshold/client.go:787.9,789.3 1 0
github.com/luxfi/precompile/threshold/client.go:791.2,799.29 7 0
github.com/luxfi/precompile/threshold/client.go:799.29,801.24 2 0
github.com/luxfi/precompile/threshold/client.go:801.24,808.18 3 0
github.com/luxfi/precompile/threshold/client.go:808.18,811.5 2 0
github.com/luxfi/precompile/threshold/client.go:813.4,816.18 3 0
github.com/luxfi/precompile/threshold/client.go:816.18,819.5 2 0
github.com/luxfi/precompile/threshold/client.go:821.4,823.18 3 0
github.com/luxfi/precompile/threshold/client.go:827.2,829.20 2 0
github.com/luxfi/precompile/threshold/client.go:829.20,831.3 1 0
github.com/luxfi/precompile/threshold/client.go:833.2,833.26 1 0
github.com/luxfi/precompile/threshold/client.go:833.26,835.3 1 0
github.com/luxfi/precompile/threshold/client.go:837.2,839.8 1 0
github.com/luxfi/precompile/threshold/client.go:849.9,853.15 3 0
github.com/luxfi/precompile/threshold/client.go:854.23,855.63 1 0
github.com/luxfi/precompile/threshold/client.go:856.21,857.65 1 0
github.com/luxfi/precompile/threshold/client.go:858.19,859.63 1 0
github.com/luxfi/precompile/threshold/client.go:860.24,861.68 1 0
github.com/luxfi/precompile/threshold/client.go:862.10,863.28 1 0
github.com/luxfi/precompile/threshold/client.go:872.9,874.9 2 0
github.com/luxfi/precompile/threshold/client.go:874.9,876.3 1 0
github.com/luxfi/precompile/threshold/client.go:878.2,886.34 7 0
github.com/luxfi/precompile/threshold/client.go:886.34,888.24 2 0
github.com/luxfi/precompile/threshold/client.go:888.24,895.18 3 0
github.com/luxfi/precompile/threshold/client.go:895.18,898.5 2 0
github.com/luxfi/precompile/threshold/client.go:900.4,903.18 3 0
github.com/luxfi/precompile/threshold/client.go:903.18,906.5 2 0
github.com/luxfi/precompile/threshold/client.go:908.4,910.22 3 0
github.com/luxfi/precompile/threshold/client.go:914.2,916.20 2 0
github.com/luxfi/precompile/threshold/client.go:916.20,918.3 1 0
github.com/luxfi/precompile/threshold/client.go:921.2,921.33 1 0
github.com/luxfi/precompile/threshold/client.go:921.33,922.23 1 0
github.com/luxfi/precompile/threshold/client.go:922.23,924.9 2 0
github.com/luxfi/precompile/threshold/client.go:928.2,928.12 1 0
github.com/luxfi/precompile/threshold/client.go:936.9,938.9 2 0
github.com/luxfi/precompile/threshold/client.go:938.9,940.3 1 0
github.com/luxfi/precompile/threshold/client.go:942.2,950.34 7 0
github.com/luxfi/precompile/threshold/client.go:950.34,952.24 2 0
github.com/luxfi/precompile/threshold/client.go:952.24,959.18 3 0
github.com/luxfi/precompile/threshold/client.go:959.18,962.5 2 0
github.com/luxfi/precompile/threshold/client.go:964.4,967.18 3 0
github.com/luxfi/precompile/threshold/client.go:967.18,970.5 2 0
github.com/luxfi/precompile/threshold/client.go:972.4,974.22 3 0
github.com/luxfi/precompile/threshold/client.go:978.2,980.20 2 0
github.com/luxfi/precompile/threshold/client.go:980.20,982.3 1 0
github.com/luxfi/precompile/threshold/client.go:984.2,984.33 1 0
github.com/luxfi/precompile/threshold/client.go:984.33,985.23 1 0
github.com/luxfi/precompile/threshold/client.go:985.23,987.9 2 0
github.com/luxfi/precompile/threshold/client.go:991.2,991.12 1 0
github.com/luxfi/precompile/threshold/client.go:999.9,1001.9 2 0
github.com/luxfi/precompile/threshold/client.go:1001.9,1003.3 1 0
github.com/luxfi/precompile/threshold/client.go:1005.2,1013.34 7 0
github.com/luxfi/precompile/threshold/client.go:1013.34,1015.24 2 0
github.com/luxfi/precompile/threshold/client.go:1015.24,1022.18 3 0
github.com/luxfi/precompile/threshold/client.go:1022.18,1025.5 2 0
github.com/luxfi/precompile/threshold/client.go:1027.4,1030.18 3 0
github.com/luxfi/precompile/threshold/client.go:1030.18,1033.5 2 0
github.com/luxfi/precompile/threshold/client.go:1035.4,1037.22 3 0
github.com/luxfi/precompile/threshold/client.go:1041.2,1043.20 2 0
github.com/luxfi/precompile/threshold/client.go:1043.20,1045.3 1 0
github.com/luxfi/precompile/threshold/client.go:1047.2,1047.33 1 0
github.com/luxfi/precompile/threshold/client.go:1047.33,1048.23 1 0
github.com/luxfi/precompile/threshold/client.go:1048.23,1050.9 2 0
github.com/luxfi/precompile/threshold/client.go:1054.2,1054.12 1 0
github.com/luxfi/precompile/threshold/client.go:1062.9,1064.9 2 0
github.com/luxfi/precompile/threshold/client.go:1064.9,1066.3 1 0
github.com/luxfi/precompile/threshold/client.go:1068.2,1076.34 7 0
github.com/luxfi/precompile/threshold/client.go:1076.34,1078.24 2 0
github.com/luxfi/precompile/threshold/client.go:1078.24,1085.18 3 0
github.com/luxfi/precompile/threshold/client.go:1085.18,1088.5 2 0
github.com/luxfi/precompile/threshold/client.go:1090.4,1093.18 3 0
github.com/luxfi/precompile/threshold/client.go:1093.18,1096.5 2 0
github.com/luxfi/precompile/threshold/client.go:1098.4,1100.22 3 0
github.com/luxfi/precompile/threshold/client.go:1104.2,1106.20 2 0
github.com/luxfi/precompile/threshold/client.go:1106.20,1108.3 1 0
github.com/luxfi/precompile/threshold/client.go:1110.2,1110.33 1 0
github.com/luxfi/precompile/threshold/client.go:1110.33,1111.23 1 0
github.com/luxfi/precompile/threshold/client.go:1111.23,1113.9 2 0
github.com/luxfi/precompile/threshold/client.go:1117.2,1117.12 1 0
github.com/luxfi/precompile/threshold/client.go:1128.21,1132.15 3 0
github.com/luxfi/precompile/threshold/client.go:1133.19,1134.80 1 0
github.com/luxfi/precompile/threshold/client.go:1135.24,1136.85 1 0
github.com/luxfi/precompile/threshold/client.go:1137.10,1138.80 1 0
github.com/luxfi/precompile/threshold/client.go:1148.21,1150.9 2 0
github.com/luxfi/precompile/threshold/client.go:1150.9,1152.3 1 0
github.com/luxfi/precompile/threshold/client.go:1154.2,1162.37 7 0
github.com/luxfi/precompile/threshold/client.go:1162.37,1164.24 2 0
github.com/luxfi/precompile/threshold/client.go:1164.24,1171.18 3 0
github.com/luxfi/precompile/threshold/client.go:1171.18,1174.5 2 0
github.com/luxfi/precompile/threshold/client.go:1176.4,1179.18 3 0
github.com/luxfi/precompile/threshold/client.go:1179.18,1182.5 2 0
github.com/luxfi/precompile/threshold/client.go:1184.4,1186.22 3 0
github.com/luxfi/precompile/threshold/client.go:1190.2,1192.20 2 0
github.com/luxfi/precompile/threshold/client.go:1192.20,1194.3 1 0
github.com/luxfi/precompile/threshold/client.go:1197.2,1198.33 2 0
github.com/luxfi/precompile/threshold/client.go:1198.33,1199.23 1 0
github.com/luxfi/precompile/threshold/client.go:1199.23,1201.9 2 0
github.com/luxfi/precompile/threshold/client.go:1204.2,1204.22 1 0
github.com/luxfi/precompile/threshold/client.go:1204.22,1206.3 1 0
github.com/luxfi/precompile/threshold/client.go:1208.2,1209.16 2 0
github.com/luxfi/precompile/threshold/client.go:1209.16,1211.3 1 0
github.com/luxfi/precompile/threshold/client.go:1212.2,1219.22 5 0
github.com/luxfi/precompile/threshold/client.go:1228.21,1230.9 2 0
github.com/luxfi/precompile/threshold/client.go:1230.9,1232.3 1 0
github.com/luxfi/precompile/threshold/client.go:1234.2,1242.37 7 0
github.com/luxfi/precompile/threshold/client.go:1242.37,1244.24 2 0
github.com/luxfi/precompile/threshold/client.go:1244.24,1251.18 3 0
github.com/luxfi/precompile/threshold/client.go:1251.18,1254.5 2 0
github.com/luxfi/precompile/threshold/client.go:1256.4,1259.18 3 0
github.com/luxfi/precompile/threshold/client.go:1259.18,1262.5 2 0
github.com/luxfi/precompile/threshold/client.go:1264.4,1266.22 3 0
github.com/luxfi/precompile/threshold/client.go:1270.2,1272.20 2 0
github.com/luxfi/precompile/threshold/client.go:1272.20,1274.3 1 0
github.com/luxfi/precompile/threshold/client.go:1276.2,1277.33 2 0
github.com/luxfi/precompile/threshold/client.go:1277.33,1278.23 1 0
github.com/luxfi/precompile/threshold/client.go:1278.23,1280.9 2 0
github.com/luxfi/precompile/threshold/client.go:1283.2,1283.22 1 0
github.com/luxfi/precompile/threshold/client.go:1283.22,1285.3 1 0
github.com/luxfi/precompile/threshold/client.go:1287.2,1291.22 4 0
github.com/luxfi/precompile/threshold/client.go:1300.17,1304.15 3 1
github.com/luxfi/precompile/threshold/client.go:1305.23,1307.10 2 0
github.com/luxfi/precompile/threshold/client.go:1307.10,1309.4 1 0
github.com/luxfi/precompile/threshold/client.go:1310.3,1311.17 2 0
github.com/luxfi/precompile/threshold/client.go:1311.17,1313.4 1 0
github.com/luxfi/precompile/threshold/client.go:1314.3,1314.63 1 0
github.com/luxfi/precompile/threshold/client.go:1316.21,1321.10 2 1
github.com/luxfi/precompile/threshold/client.go:1321.10,1323.4 1 1
github.com/luxfi/precompile/threshold/client.go:1327.3,1327.123 1 0
github.com/luxfi/precompile/threshold/client.go:1329.19,1331.10 2 0
github.com/luxfi/precompile/threshold/client.go:1331.10,1333.4 1 0
github.com/luxfi/precompile/threshold/client.go:1334.3,1335.17 2 0
github.com/luxfi/precompile/threshold/client.go:1335.17,1337.4 1 0
github.com/luxfi/precompile/threshold/client.go:1338.3,1339.17 2 0
github.com/luxfi/precompile/threshold/client.go:1339.17,1341.4 1 0
github.com/luxfi/precompile/threshold/client.go:1342.3,1342.51 1 0
github.com/luxfi/precompile/threshold/client.go:1344.24,1346.10 2 0
github.com/luxfi/precompile/threshold/client.go:1346.10,1348.4 1 0
github.com/luxfi/precompile/threshold/client.go:1349.3,1349.84 1 0
github.com/luxfi/precompile/threshold/client.go:1351.10,1352.35 1 0
github.com/luxfi/precompile/threshold/client.go:1358.88,1359.25 1 0
github.com/luxfi/precompile/threshold/client.go:1359.25,1361.3 1 0
github.com/luxfi/precompile/threshold/client.go:1364.2,1370.50 4 0
github.com/luxfi/precompile/threshold/client.go:1370.50,1372.3 1 0
github.com/luxfi/precompile/threshold/client.go:1375.2,1376.56 2 0
github.com/luxfi/precompile/threshold/client.go:1376.56,1378.3 1 0
github.com/luxfi/precompile/threshold/client.go:1379.2,1381.42 2 0
github.com/luxfi/precompile/threshold/client.go:1385.88,1389.15 3 0
github.com/luxfi/precompile/threshold/client.go:1390.23,1392.10 2 0
github.com/luxfi/precompile/threshold/client.go:1392.10,1394.4 1 0
github.com/luxfi/precompile/threshold/client.go:1395.3,1395.46 1 0
github.com/luxfi/precompile/threshold/client.go:1397.21,1399.10 2 0
github.com/luxfi/precompile/threshold/client.go:1399.10,1401.4 1 0
github.com/luxfi/precompile/threshold/client.go:1402.3,1402.42 1 0
github.com/luxfi/precompile/threshold/client.go:1404.19,1406.10 2 0
github.com/luxfi/precompile/threshold/client.go:1406.10,1408.4 1 0
github.com/luxfi/precompile/threshold/client.go:1409.3,1410.17 2 0
github.com/luxfi/precompile/threshold/client.go:1410.17,1412.4 1 0
github.com/luxfi/precompile/threshold/client.go:1413.3,1413.34 1 0
github.com/luxfi/precompile/threshold/client.go:1415.24,1417.10 2 0
github.com/luxfi/precompile/threshold/client.go:1417.10,1419.4 1 0
github.com/luxfi/precompile/threshold/client.go:1420.3,1420.31 1 0
github.com/luxfi/precompile/threshold/client.go:1422.10,1423.33 1 0
github.com/luxfi/precompile/threshold/client.go:1428.63,1434.23 2 0
github.com/luxfi/precompile/threshold/client.go:1434.23,1436.3 1 0
github.com/luxfi/precompile/threshold/client.go:1436.8,1436.30 1 0
github.com/luxfi/precompile/threshold/client.go:1436.30,1439.3 1 0
github.com/luxfi/precompile/threshold/client.go:1439.8,1439.30 1 0
github.com/luxfi/precompile/threshold/client.go:1439.30,1442.3 1 0
github.com/luxfi/precompile/threshold/client.go:1442.8,1445.3 1 0
github.com/luxfi/precompile/threshold/client.go:1447.2,1447.41 1 0
github.com/luxfi/precompile/threshold/client.go:1451.58,1453.2 1 1
github.com/luxfi/precompile/threshold/client.go:1456.57,1458.29 2 1
github.com/luxfi/precompile/threshold/client.go:1458.29,1460.3 1 1
github.com/luxfi/precompile/threshold/client.go:1461.2,1461.12 1 1
github.com/luxfi/precompile/threshold/manager.go:46.46,59.2 1 1
github.com/luxfi/precompile/threshold/manager.go:62.37,63.22 1 1
github.com/luxfi/precompile/threshold/manager.go:63.22,65.3 1 1
github.com/luxfi/precompile/threshold/manager.go:76.21,81.92 3 1
github.com/luxfi/precompile/threshold/manager.go:81.92,83.3 1 1
github.com/luxfi/precompile/threshold/manager.go:85.2,85.44 1 1
github.com/luxfi/precompile/threshold/manager.go:85.44,87.3 1 1
github.com/luxfi/precompile/threshold/manager.go:90.2,113.23 8 1
github.com/luxfi/precompile/threshold/manager.go:121.21,127.16 4 1
github.com/luxfi/precompile/threshold/manager.go:127.16,129.3 1 0
github.com/luxfi/precompile/threshold/manager.go:131.2,131.65 1 1
github.com/luxfi/precompile/threshold/manager.go:131.65,133.3 1 1
github.com/luxfi/precompile/threshold/manager.go:136.2,138.64 2 1
github.com/luxfi/precompile/threshold/manager.go:138.64,140.3 1 1
github.com/luxfi/precompile/threshold/manager.go:143.2,165.23 9 1
github.com/luxfi/precompile/threshold/manager.go:169.93,174.20 4 1
github.com/luxfi/precompile/threshold/manager.go:174.20,176.3 1 0
github.com/luxfi/precompile/threshold/manager.go:178.2,178.47 1 1
github.com/luxfi/precompile/threshold/manager.go:185.21,190.16 4 1
github.com/luxfi/precompile/threshold/manager.go:190.16,192.3 1 0
github.com/luxfi/precompile/threshold/manager.go:194.2,194.35 1 1
github.com/luxfi/precompile/threshold/manager.go:194.35,196.3 1 0
github.com/luxfi/precompile/threshold/manager.go:198.2,198.28 1 1
github.com/luxfi/precompile/threshold/manager.go:198.28,200.3 1 0
github.com/luxfi/precompile/threshold/manager.go:203.2,222.23 9 1
github.com/luxfi/precompile/threshold/manager.go:231.21,236.16 4 1
github.com/luxfi/precompile/threshold/manager.go:236.16,238.3 1 0
github.com/luxfi/precompile/threshold/manager.go:240.2,240.35 1 1
github.com/luxfi/precompile/threshold/manager.go:240.35,242.3 1 0
github.com/luxfi/precompile/threshold/manager.go:244.2,244.28 1 1
github.com/luxfi/precompile/threshold/manager.go:244.28,246.3 1 0
github.com/luxfi/precompile/threshold/manager.go:248.2,248.45 1 1
github.com/luxfi/precompile/threshold/manager.go:248.45,250.3 1 0
github.com/luxfi/precompile/threshold/manager.go:253.2,274.23 9 1
github.com/luxfi/precompile/threshold/manager.go:278.75,283.16 4 1
github.com/luxfi/precompile/threshold/manager.go:283.16,285.3 1 1
github.com/luxfi/precompile/threshold/manager.go:287.2,287.17 1 1
github.com/luxfi/precompile/threshold/manager.go:291.74,296.16 4 1
github.com/luxfi/precompile/threshold/manager.go:296.16,298.3 1 1
github.com/luxfi/precompile/threshold/manager.go:300.2,300.27 1 0
github.com/luxfi/precompile/threshold/manager.go:304.80,309.16 4 1
github.com/luxfi/precompile/threshold/manager.go:309.16,311.3 1 1
github.com/luxfi/precompile/threshold/manager.go:313.2,313.37 1 0
github.com/luxfi/precompile/threshold/manager.go:313.37,315.3 1 0
github.com/luxfi/precompile/threshold/manager.go:317.2,317.25 1 0
github.com/luxfi/precompile/threshold/manager.go:325.32,330.16 4 1
github.com/luxfi/precompile/threshold/manager.go:330.16,332.3 1 0
github.com/luxfi/precompile/threshold/manager.go:335.2,343.8 2 1
github.com/luxfi/precompile/threshold/manager.go:347.87,352.16 4 1
github.com/luxfi/precompile/threshold/manager.go:352.16,354.3 1 0
github.com/luxfi/precompile/threshold/manager.go:356.2,356.28 1 1
github.com/luxfi/precompile/threshold/manager.go:356.28,358.3 1 0
github.com/luxfi/precompile/threshold/manager.go:360.2,361.12 2 1
github.com/luxfi/precompile/threshold/manager.go:369.9,374.16 4 1
github.com/luxfi/precompile/threshold/manager.go:374.16,376.3 1 0
github.com/luxfi/precompile/threshold/manager.go:378.2,378.24 1 1
github.com/luxfi/precompile/threshold/manager.go:378.24,380.3 1 0
github.com/luxfi/precompile/threshold/manager.go:383.2,383.61 1 1
github.com/luxfi/precompile/threshold/manager.go:383.61,385.3 1 0
github.com/luxfi/precompile/threshold/manager.go:387.2,388.12 2 1
github.com/luxfi/precompile/threshold/manager.go:396.9,401.16 4 1
github.com/luxfi/precompile/threshold/manager.go:401.16,403.3 1 0
github.com/luxfi/precompile/threshold/manager.go:405.2,405.24 1 1
github.com/luxfi/precompile/threshold/manager.go:405.24,407.3 1 0
github.com/luxfi/precompile/threshold/manager.go:409.2,410.51 2 1
github.com/luxfi/precompile/threshold/manager.go:410.51,411.18 1 1
github.com/luxfi/precompile/threshold/manager.go:411.18,413.4 1 0
github.com/luxfi/precompile/threshold/manager.go:415.2,417.12 2 1
github.com/luxfi/precompile/threshold/manager.go:427.9,429.18 1 1
github.com/luxfi/precompile/threshold/manager.go:430.69,430.69 0 1
github.com/luxfi/precompile/threshold/manager.go:432.10,433.28 1 1
github.com/luxfi/precompile/threshold/manager.go:437.2,437.18 1 1
github.com/luxfi/precompile/threshold/manager.go:438.21,439.63 1 1
github.com/luxfi/precompile/threshold/manager.go:439.63,441.4 1 0
github.com/luxfi/precompile/threshold/manager.go:442.23,443.34 1 1
github.com/luxfi/precompile/threshold/manager.go:443.34,445.4 1 1
github.com/luxfi/precompile/threshold/manager.go:446.24,447.33 1 1
github.com/luxfi/precompile/threshold/manager.go:447.33,449.4 1 1
github.com/luxfi/precompile/threshold/manager.go:453.2,453.49 1 1
github.com/luxfi/precompile/threshold/manager.go:453.49,455.3 1 1
github.com/luxfi/precompile/threshold/manager.go:457.2,457.31 1 1
github.com/luxfi/precompile/threshold/manager.go:457.31,459.3 1 1
github.com/luxfi/precompile/threshold/manager.go:461.2,461.12 1 1
github.com/luxfi/precompile/threshold/manager.go:464.102,465.35 1 1
github.com/luxfi/precompile/threshold/manager.go:465.35,466.21 1 1
github.com/luxfi/precompile/threshold/manager.go:467.25,468.24 1 0
github.com/luxfi/precompile/threshold/manager.go:469.25,470.24 1 1
github.com/luxfi/precompile/threshold/manager.go:471.11,472.21 1 0
github.com/luxfi/precompile/threshold/manager.go:477.2,477.68 1 1
github.com/luxfi/precompile/threshold/manager.go:477.68,480.3 2 0
github.com/luxfi/precompile/threshold/manager.go:483.2,483.28 1 1
github.com/luxfi/precompile/threshold/manager.go:483.28,485.3 1 1
github.com/luxfi/precompile/threshold/manager.go:487.2,487.64 1 1
github.com/luxfi/precompile/threshold/manager.go:487.64,489.3 1 1
github.com/luxfi/precompile/threshold/manager.go:491.2,491.24 1 1
github.com/luxfi/precompile/threshold/manager.go:494.72,496.42 2 1
github.com/luxfi/precompile/threshold/manager.go:496.42,499.3 2 1
github.com/luxfi/precompile/threshold/manager.go:502.68,523.16 8 1
github.com/luxfi/precompile/threshold/manager.go:523.16,526.3 2 0
github.com/luxfi/precompile/threshold/manager.go:529.2,529.84 1 0
github.com/luxfi/precompile/threshold/manager.go:532.89,540.54 4 0
github.com/luxfi/precompile/threshold/manager.go:540.54,541.35 1 0
github.com/luxfi/precompile/threshold/manager.go:541.35,542.9 1 0
github.com/luxfi/precompile/threshold/manager.go:544.3,544.73 1 0
github.com/luxfi/precompile/threshold/manager.go:547.2,547.41 1 0
github.com/luxfi/precompile/threshold/manager.go:547.41,549.3 1 0
github.com/luxfi/precompile/threshold/manager.go:551.2,565.16 5 0
github.com/luxfi/precompile/threshold/manager.go:565.16,568.3 2 0
github.com/luxfi/precompile/threshold/manager.go:571.2,572.37 2 0
github.com/luxfi/precompile/threshold/manager.go:575.89,582.54 4 0
github.com/luxfi/precompile/threshold/manager.go:582.54,583.36 1 0
github.com/luxfi/precompile/threshold/manager.go:583.36,584.9 1 0
github.com/luxfi/precompile/threshold/manager.go:586.3,586.83 1 0
github.com/luxfi/precompile/threshold/manager.go:589.2,589.47 1 0
github.com/luxfi/precompile/threshold/manager.go:589.47,591.3 1 0
github.com/luxfi/precompile/threshold/manager.go:593.2,606.16 5 0
github.com/luxfi/precompile/threshold/manager.go:606.16,610.3 3 0
github.com/luxfi/precompile/threshold/manager.go:613.2,616.40 4 0
github.com/luxfi/precompile/threshold/manager.go:619.89,640.16 8 0
github.com/luxfi/precompile/threshold/manager.go:640.16,644.3 3 0
github.com/luxfi/precompile/threshold/manager.go:647.2,656.31 8 0
github.com/luxfi/precompile/threshold/manager.go:656.31,659.3 2 0
github.com/luxfi/precompile/threshold/manager.go:666.8,674.16 2 1
github.com/luxfi/precompile/threshold/manager.go:674.16,676.3 1 1
github.com/luxfi/precompile/threshold/manager.go:677.2,677.14 1 0
github.com/luxfi/precompile/threshold/manager.go:686.3,713.2 5 1
github.com/luxfi/precompile/threshold/manager.go:721.9,726.20 4 1
github.com/luxfi/precompile/threshold/manager.go:726.20,728.3 1 0
github.com/luxfi/precompile/threshold/manager.go:730.2,731.12 2 1
github.com/luxfi/precompile/threshold/manager.go:738.9,743.20 4 1
github.com/luxfi/precompile/threshold/manager.go:743.20,745.3 1 0
github.com/luxfi/precompile/threshold/manager.go:747.2,750.12 3 1
github.com/luxfi/precompile/vrf/contract.go:74.58,75.20 1 1
github.com/luxfi/precompile/vrf/contract.go:75.20,77.3 1 1
github.com/luxfi/precompile/vrf/contract.go:78.2,78.18 1 1
github.com/luxfi/precompile/vrf/contract.go:79.16,80.19 1 1
github.com/luxfi/precompile/vrf/contract.go:81.21,82.24 1 1
github.com/luxfi/precompile/vrf/contract.go:83.10,84.11 1 1
github.com/luxfi/precompile/vrf/contract.go:106.27,108.27 2 1
github.com/luxfi/precompile/vrf/contract.go:108.27,110.3 1 1
github.com/luxfi/precompile/vrf/contract.go:111.2,113.20 2 1
github.com/luxfi/precompile/vrf/contract.go:113.20,115.3 1 1
github.com/luxfi/precompile/vrf/contract.go:117.2,117.18 1 1
github.com/luxfi/precompile/vrf/contract.go:118.16,120.35 2 1
github.com/luxfi/precompile/vrf/contract.go:122.21,124.35 2 1
github.com/luxfi/precompile/vrf/contract.go:126.10,127.32 1 1
github.com/luxfi/precompile/vrf/contract.go:134.54,136.43 1 1
github.com/luxfi/precompile/vrf/contract.go:136.43,138.3 1 1
github.com/luxfi/precompile/vrf/contract.go:140.2,144.43 4 1
github.com/luxfi/precompile/vrf/contract.go:144.43,146.3 1 0
github.com/luxfi/precompile/vrf/contract.go:148.2,152.9 4 1
github.com/luxfi/precompile/vrf/contract.go:152.9,154.3 1 1
github.com/luxfi/precompile/vrf/contract.go:155.2,155.13 1 1
github.com/luxfi/precompile/vrf/contract.go:161.59,162.27 1 1
github.com/luxfi/precompile/vrf/contract.go:162.27,164.3 1 1
github.com/luxfi/precompile/vrf/contract.go:166.2,167.9 2 1
github.com/luxfi/precompile/vrf/contract.go:167.9,169.3 1 0
github.com/luxfi/precompile/vrf/contract.go:171.2,171.27 1 1
github.com/luxfi/precompile/vrf/contract.go:178.65,181.16 2 1
github.com/luxfi/precompile/vrf/contract.go:181.16,183.3 1 0
github.com/luxfi/precompile/vrf/contract.go:186.2,187.9 2 1
github.com/luxfi/precompile/vrf/contract.go:187.9,189.3 1 0
github.com/luxfi/precompile/vrf/contract.go:192.2,193.14 2 1
github.com/luxfi/precompile/vrf/contract.go:193.14,195.3 1 0
github.com/luxfi/precompile/vrf/contract.go:198.2,211.26 8 1
github.com/luxfi/precompile/vrf/contract.go:211.26,213.3 1 1
github.com/luxfi/precompile/vrf/contract.go:216.2,217.19 2 1
github.com/luxfi/precompile/vrf/contract.go:222.52,234.2 8 1
github.com/luxfi/precompile/vrf/contract.go:242.65,245.29 1 1
github.com/luxfi/precompile/vrf/contract.go:245.29,261.17 12 1
github.com/luxfi/precompile/vrf/contract.go:261.17,262.12 1 1
github.com/luxfi/precompile/vrf/contract.go:266.3,271.59 4 1
github.com/luxfi/precompile/vrf/contract.go:271.59,272.12 1 0
github.com/luxfi/precompile/vrf/contract.go:274.3,274.18 1 1
github.com/luxfi/precompile/vrf/contract.go:276.2,276.12 1 0
github.com/luxfi/precompile/vrf/contract.go:281.86,298.16 13 1
github.com/luxfi/precompile/vrf/contract.go:298.16,301.3 1 0
github.com/luxfi/precompile/vrf/contract.go:302.2,302.15 1 1
github.com/luxfi/precompile/vrf/contract.go:312.101,313.26 1 1
github.com/luxfi/precompile/vrf/contract.go:313.26,315.3 1 0
github.com/luxfi/precompile/vrf/contract.go:318.2,319.16 2 1
github.com/luxfi/precompile/vrf/contract.go:319.16,321.3 1 0
github.com/luxfi/precompile/vrf/contract.go:324.2,327.16 4 1
github.com/luxfi/precompile/vrf/contract.go:327.16,329.3 1 0
github.com/luxfi/precompile/vrf/contract.go:332.2,333.16 2 1
github.com/luxfi/precompile/vrf/contract.go:333.16,335.3 1 0
github.com/luxfi/precompile/vrf/contract.go:337.2,337.26 1 1
github.com/luxfi/precompile/vrf/module.go:27.13,28.55 1 1
github.com/luxfi/precompile/vrf/module.go:28.55,29.13 1 0
github.com/luxfi/precompile/vrf/module.go:33.59,35.2 1 0
github.com/luxfi/precompile/vrf/module.go:42.9,44.2 1 0
github.com/luxfi/precompile/vrf/module.go:51.31,53.2 1 0
github.com/luxfi/precompile/vrf/module.go:55.38,57.2 1 0
github.com/luxfi/precompile/vrf/module.go:59.36,61.2 1 0
github.com/luxfi/precompile/vrf/module.go:63.58,65.9 2 0
github.com/luxfi/precompile/vrf/module.go:65.9,67.3 1 0
github.com/luxfi/precompile/vrf/module.go:68.2,68.40 1 0
github.com/luxfi/precompile/vrf/module.go:71.73,73.2 1 0
github.com/luxfi/precompile/x25519/contract.go:58.61,59.20 1 1
github.com/luxfi/precompile/x25519/contract.go:59.20,61.3 1 1
github.com/luxfi/precompile/x25519/contract.go:62.2,62.18 1 1
github.com/luxfi/precompile/x25519/contract.go:63.20,64.23 1 1
github.com/luxfi/precompile/x25519/contract.go:65.19,66.22 1 1
github.com/luxfi/precompile/x25519/contract.go:67.10,68.11 1 1
github.com/luxfi/precompile/x25519/contract.go:79.27,82.16 3 1
github.com/luxfi/precompile/x25519/contract.go:82.16,84.3 1 1
github.com/luxfi/precompile/x25519/contract.go:85.2,85.20 1 1
github.com/luxfi/precompile/x25519/contract.go:85.20,87.3 1 1
github.com/luxfi/precompile/x25519/contract.go:89.2,89.18 1 1
github.com/luxfi/precompile/x25519/contract.go:90.20,91.38 1 1
github.com/luxfi/precompile/x25519/contract.go:92.19,93.37 1 1
github.com/luxfi/precompile/x25519/contract.go:94.10,95.32 1 1
github.com/luxfi/precompile/x25519/contract.go:99.88,100.20 1 1
github.com/luxfi/precompile/x25519/contract.go:100.20,102.3 1 1
github.com/luxfi/precompile/x25519/contract.go:103.2,107.16 4 1
github.com/luxfi/precompile/x25519/contract.go:107.16,109.3 1 0
github.com/luxfi/precompile/x25519/contract.go:110.2,110.25 1 1
github.com/luxfi/precompile/x25519/contract.go:113.87,114.20 1 1
github.com/luxfi/precompile/x25519/contract.go:114.20,116.3 1 1
github.com/luxfi/precompile/x25519/contract.go:117.2,120.16 3 1
github.com/luxfi/precompile/x25519/contract.go:120.16,122.3 1 0
github.com/luxfi/precompile/x25519/contract.go:123.2,123.22 1 1
github.com/luxfi/precompile/x25519/module.go:25.13,26.55 1 1
github.com/luxfi/precompile/x25519/module.go:26.55,27.13 1 0
github.com/luxfi/precompile/x25519/module.go:31.59,31.81 1 0
github.com/luxfi/precompile/x25519/module.go:38.9,40.2 1 0
github.com/luxfi/precompile/x25519/module.go:46.38,46.58 1 0
github.com/luxfi/precompile/x25519/module.go:47.38,47.70 1 0
github.com/luxfi/precompile/x25519/module.go:48.38,48.66 1 0
github.com/luxfi/precompile/x25519/module.go:49.58,51.9 2 0
github.com/luxfi/precompile/x25519/module.go:51.9,53.3 1 0
github.com/luxfi/precompile/x25519/module.go:54.2,54.40 1 0
github.com/luxfi/precompile/x25519/module.go:56.61,56.75 1 0
github.com/luxfi/precompile/xwing/contract.go:52.60,53.20 1 1
github.com/luxfi/precompile/xwing/contract.go:53.20,55.3 1 1
github.com/luxfi/precompile/xwing/contract.go:56.2,56.18 1 1
github.com/luxfi/precompile/xwing/contract.go:57.21,58.24 1 1
github.com/luxfi/precompile/xwing/contract.go:59.10,60.11 1 1
github.com/luxfi/precompile/xwing/contract.go:71.27,74.16 3 1
github.com/luxfi/precompile/xwing/contract.go:74.16,76.3 1 1
github.com/luxfi/precompile/xwing/contract.go:77.2,77.20 1 1
github.com/luxfi/precompile/xwing/contract.go:77.20,79.3 1 1
github.com/luxfi/precompile/xwing/contract.go:81.2,83.18 2 1
github.com/luxfi/precompile/xwing/contract.go:84.21,86.28 2 1
github.com/luxfi/precompile/xwing/contract.go:86.28,88.4 1 1
github.com/luxfi/precompile/xwing/contract.go:89.3,90.17 2 1
github.com/luxfi/precompile/xwing/contract.go:90.17,92.4 1 1
github.com/luxfi/precompile/xwing/contract.go:93.3,94.17 2 1
github.com/luxfi/precompile/xwing/contract.go:94.17,96.4 1 0
github.com/luxfi/precompile/xwing/contract.go:98.3,103.26 6 1
github.com/luxfi/precompile/xwing/contract.go:105.10,106.32 1 1
github.com/luxfi/precompile/xwing/module.go:25.13,26.55 1 1
github.com/luxfi/precompile/xwing/module.go:26.55,27.13 1 0
github.com/luxfi/precompile/xwing/module.go:31.59,31.81 1 0
github.com/luxfi/precompile/xwing/module.go:38.9,40.2 1 0
github.com/luxfi/precompile/xwing/module.go:46.38,46.58 1 0
github.com/luxfi/precompile/xwing/module.go:47.38,47.70 1 0
github.com/luxfi/precompile/xwing/module.go:48.38,48.66 1 0
github.com/luxfi/precompile/xwing/module.go:49.58,51.9 2 0
github.com/luxfi/precompile/xwing/module.go:51.9,53.3 1 0
github.com/luxfi/precompile/xwing/module.go:54.2,54.40 1 0
github.com/luxfi/precompile/xwing/module.go:56.61,56.75 1 0
github.com/luxfi/precompile/zk/commitment.go:35.44,39.2 1 1
github.com/luxfi/precompile/zk/commitment.go:41.84,44.2 2 0
github.com/luxfi/precompile/zk/commitment.go:46.142,48.2 1 1
github.com/luxfi/precompile/zk/commitment.go:50.48,52.2 1 0
github.com/luxfi/precompile/zk/commitment.go:54.43,56.2 1 1
github.com/luxfi/precompile/zk/commitment.go:64.42,68.2 1 1
github.com/luxfi/precompile/zk/commitment.go:70.83,72.2 1 0
github.com/luxfi/precompile/zk/commitment.go:74.141,76.2 1 1
github.com/luxfi/precompile/zk/commitment.go:78.47,80.2 1 0
github.com/luxfi/precompile/zk/commitment.go:82.42,84.2 1 1
github.com/luxfi/precompile/zk/commitment.go:98.65,99.20 1 1
github.com/luxfi/precompile/zk/commitment.go:100.23,101.35 1 1
github.com/luxfi/precompile/zk/commitment.go:102.22,103.34 1 0
github.com/luxfi/precompile/zk/commitment.go:104.10,105.54 1 0
github.com/luxfi/precompile/zk/commitment.go:130.49,132.16 2 1
github.com/luxfi/precompile/zk/commitment.go:132.16,134.3 1 0
github.com/luxfi/precompile/zk/commitment.go:136.2,142.16 2 1
github.com/luxfi/precompile/zk/commitment.go:142.16,144.3 1 0
github.com/luxfi/precompile/zk/commitment.go:146.2,153.8 1 1
github.com/luxfi/precompile/zk/commitment.go:158.67,159.37 1 1
github.com/luxfi/precompile/zk/commitment.go:159.37,161.3 1 1
github.com/luxfi/precompile/zk/commitment.go:163.2,163.79 1 0
github.com/luxfi/precompile/zk/commitment.go:228.64,233.33 3 0
github.com/luxfi/precompile/zk/commitment.go:233.33,235.3 1 0
github.com/luxfi/precompile/zk/commitment.go:236.2,241.19 4 0
github.com/luxfi/precompile/zk/commitment.go:241.19,243.3 1 0
github.com/luxfi/precompile/zk/commitment.go:244.2,246.19 2 0
github.com/luxfi/precompile/zk/commitment.go:246.19,248.3 1 0
github.com/luxfi/precompile/zk/commitment.go:249.2,259.37 6 0
github.com/luxfi/precompile/zk/contract.go:65.55,67.2 1 0
github.com/luxfi/precompile/zk/contract.go:74.63,75.20 1 1
github.com/luxfi/precompile/zk/contract.go:75.20,77.3 1 1
github.com/luxfi/precompile/zk/contract.go:79.2,81.12 2 1
github.com/luxfi/precompile/zk/contract.go:82.23,84.65 2 1
github.com/luxfi/precompile/zk/contract.go:86.21,88.63 2 1
github.com/luxfi/precompile/zk/contract.go:90.22,92.64 2 1
github.com/luxfi/precompile/zk/contract.go:94.21,96.63 2 1
github.com/luxfi/precompile/zk/contract.go:98.19,99.20 1 1
github.com/luxfi/precompile/zk/contract.go:101.19,102.20 1 1
github.com/luxfi/precompile/zk/contract.go:104.26,105.27 1 1
github.com/luxfi/precompile/zk/contract.go:107.25,108.26 1 0
github.com/luxfi/precompile/zk/contract.go:110.26,111.27 1 0
github.com/luxfi/precompile/zk/contract.go:113.21,114.21 1 0
github.com/luxfi/precompile/zk/contract.go:114.21,116.4 1 0
github.com/luxfi/precompile/zk/contract.go:117.3,118.46 2 0
github.com/luxfi/precompile/zk/contract.go:120.10,121.20 1 1
github.com/luxfi/precompile/zk/contract.go:126.42,127.20 1 1
github.com/luxfi/precompile/zk/contract.go:127.20,129.3 1 1
github.com/luxfi/precompile/zk/contract.go:131.2,131.49 1 1
github.com/luxfi/precompile/zk/contract.go:142.48,145.31 2 1
github.com/luxfi/precompile/zk/contract.go:145.31,147.3 1 1
github.com/luxfi/precompile/zk/contract.go:148.2,150.20 2 1
github.com/luxfi/precompile/zk/contract.go:150.20,152.3 1 1
github.com/luxfi/precompile/zk/contract.go:154.2,157.12 3 1
github.com/luxfi/precompile/zk/contract.go:158.23,160.17 2 1
github.com/luxfi/precompile/zk/contract.go:160.17,162.4 1 1
github.com/luxfi/precompile/zk/contract.go:163.3,163.46 1 0
github.com/luxfi/precompile/zk/contract.go:165.21,167.17 2 1
github.com/luxfi/precompile/zk/contract.go:167.17,169.4 1 1
github.com/luxfi/precompile/zk/contract.go:170.3,170.46 1 0
github.com/luxfi/precompile/zk/contract.go:172.22,174.17 2 1
github.com/luxfi/precompile/zk/contract.go:174.17,176.4 1 1
github.com/luxfi/precompile/zk/contract.go:177.3,177.46 1 0
github.com/luxfi/precompile/zk/contract.go:179.21,181.17 2 1
github.com/luxfi/precompile/zk/contract.go:181.17,183.4 1 1
github.com/luxfi/precompile/zk/contract.go:184.3,184.46 1 0
github.com/luxfi/precompile/zk/contract.go:186.19,188.17 2 1
github.com/luxfi/precompile/zk/contract.go:188.17,190.4 1 1
github.com/luxfi/precompile/zk/contract.go:191.3,191.46 1 0
github.com/luxfi/precompile/zk/contract.go:193.19,195.17 2 1
github.com/luxfi/precompile/zk/contract.go:195.17,197.4 1 1
github.com/luxfi/precompile/zk/contract.go:198.3,198.46 1 0
github.com/luxfi/precompile/zk/contract.go:200.26,202.17 2 1
github.com/luxfi/precompile/zk/contract.go:202.17,204.4 1 1
github.com/luxfi/precompile/zk/contract.go:205.3,205.46 1 0
github.com/luxfi/precompile/zk/contract.go:207.25,209.17 2 0
github.com/luxfi/precompile/zk/contract.go:209.17,211.4 1 0
github.com/luxfi/precompile/zk/contract.go:212.3,212.46 1 0
github.com/luxfi/precompile/zk/contract.go:214.26,216.17 2 0
github.com/luxfi/precompile/zk/contract.go:216.17,218.4 1 0
github.com/luxfi/precompile/zk/contract.go:219.3,219.46 1 0
github.com/luxfi/precompile/zk/contract.go:221.21,223.17 2 0
github.com/luxfi/precompile/zk/contract.go:223.17,225.4 1 0
github.com/luxfi/precompile/zk/contract.go:226.3,226.46 1 0
github.com/luxfi/precompile/zk/contract.go:228.10,229.48 1 1
github.com/luxfi/precompile/zk/contract.go:234.32,236.7 2 0
github.com/luxfi/precompile/zk/contract.go:236.7,238.3 1 0
github.com/luxfi/precompile/zk/contract.go:239.2,239.15 1 0
github.com/luxfi/precompile/zk/contract.go:254.71,255.20 1 1
github.com/luxfi/precompile/zk/contract.go:255.20,257.3 1 1
github.com/luxfi/precompile/zk/contract.go:260.2,268.29 5 1
github.com/luxfi/precompile/zk/contract.go:268.29,270.3 1 1
github.com/luxfi/precompile/zk/contract.go:273.2,275.27 3 1
github.com/luxfi/precompile/zk/contract.go:275.27,278.3 2 0
github.com/luxfi/precompile/zk/contract.go:281.2,288.23 6 1
github.com/luxfi/precompile/zk/contract.go:288.23,290.17 2 0
github.com/luxfi/precompile/zk/contract.go:290.17,292.4 1 0
github.com/luxfi/precompile/zk/contract.go:293.3,293.27 1 0
github.com/luxfi/precompile/zk/contract.go:297.2,297.57 1 1
github.com/luxfi/precompile/zk/contract.go:303.76,306.47 2 1
github.com/luxfi/precompile/zk/contract.go:306.47,308.3 1 0
github.com/luxfi/precompile/zk/contract.go:311.2,312.47 2 1
github.com/luxfi/precompile/zk/contract.go:312.47,314.3 1 0
github.com/luxfi/precompile/zk/contract.go:317.2,318.47 2 1
github.com/luxfi/precompile/zk/contract.go:318.47,320.3 1 0
github.com/luxfi/precompile/zk/contract.go:323.2,323.95 1 1
github.com/luxfi/precompile/zk/contract.go:338.69,339.20 1 1
github.com/luxfi/precompile/zk/contract.go:339.20,341.3 1 1
github.com/luxfi/precompile/zk/contract.go:344.2,352.24 5 0
github.com/luxfi/precompile/zk/contract.go:352.24,354.3 1 0
github.com/luxfi/precompile/zk/contract.go:357.2,359.27 3 0
github.com/luxfi/precompile/zk/contract.go:359.27,362.3 2 0
github.com/luxfi/precompile/zk/contract.go:365.2,368.23 2 0
github.com/luxfi/precompile/zk/contract.go:368.23,370.17 2 0
github.com/luxfi/precompile/zk/contract.go:370.17,372.4 1 0
github.com/luxfi/precompile/zk/contract.go:373.3,373.27 1 0
github.com/luxfi/precompile/zk/contract.go:377.2,377.36 1 0
github.com/luxfi/precompile/zk/contract.go:392.55,393.22 1 0
github.com/luxfi/precompile/zk/contract.go:393.22,395.3 1 0
github.com/luxfi/precompile/zk/contract.go:398.2,398.19 1 0
github.com/luxfi/precompile/zk/contract.go:398.19,400.68 2 0
github.com/luxfi/precompile/zk/contract.go:400.68,402.4 1 0
github.com/luxfi/precompile/zk/contract.go:406.2,406.93 1 0
github.com/luxfi/precompile/zk/contract.go:430.70,431.20 1 1
github.com/luxfi/precompile/zk/contract.go:431.20,433.3 1 1
github.com/luxfi/precompile/zk/contract.go:436.2,445.24 5 1
github.com/luxfi/precompile/zk/contract.go:445.24,447.3 1 0
github.com/luxfi/precompile/zk/contract.go:450.2,452.27 3 1
github.com/luxfi/precompile/zk/contract.go:452.27,455.3 2 1
github.com/luxfi/precompile/zk/contract.go:458.2,461.23 2 1
github.com/luxfi/precompile/zk/contract.go:461.23,463.17 2 1
github.com/luxfi/precompile/zk/contract.go:463.17,465.4 1 1
github.com/luxfi/precompile/zk/contract.go:466.3,466.27 1 0
github.com/luxfi/precompile/zk/contract.go:470.2,470.47 1 0
github.com/luxfi/precompile/zk/contract.go:501.59,502.37 1 1
github.com/luxfi/precompile/zk/contract.go:502.37,504.3 1 1
github.com/luxfi/precompile/zk/contract.go:506.2,528.37 16 1
github.com/luxfi/precompile/zk/contract.go:528.37,530.3 1 0
github.com/luxfi/precompile/zk/contract.go:532.2,533.26 2 1
github.com/luxfi/precompile/zk/contract.go:533.26,536.3 2 1
github.com/luxfi/precompile/zk/contract.go:538.2,538.16 1 1
github.com/luxfi/precompile/zk/contract.go:542.77,545.16 2 1
github.com/luxfi/precompile/zk/contract.go:545.16,547.3 1 0
github.com/luxfi/precompile/zk/contract.go:550.2,550.55 1 1
github.com/luxfi/precompile/zk/contract.go:550.55,552.3 1 0
github.com/luxfi/precompile/zk/contract.go:553.2,553.55 1 1
github.com/luxfi/precompile/zk/contract.go:553.55,555.3 1 0
github.com/luxfi/precompile/zk/contract.go:556.2,556.55 1 1
github.com/luxfi/precompile/zk/contract.go:556.55,558.3 1 0
github.com/luxfi/precompile/zk/contract.go:559.2,559.55 1 1
github.com/luxfi/precompile/zk/contract.go:559.55,561.3 1 0
github.com/luxfi/precompile/zk/contract.go:564.2,564.38 1 1
github.com/luxfi/precompile/zk/contract.go:564.38,565.54 1 1
github.com/luxfi/precompile/zk/contract.go:565.54,567.4 1 0
github.com/luxfi/precompile/zk/contract.go:571.2,576.16 4 1
github.com/luxfi/precompile/zk/contract.go:576.16,578.3 1 0
github.com/luxfi/precompile/zk/contract.go:580.2,580.19 1 1
github.com/luxfi/precompile/zk/contract.go:584.29,585.12 1 0
github.com/luxfi/precompile/zk/contract.go:585.12,587.3 1 0
github.com/luxfi/precompile/zk/contract.go:588.2,588.12 1 0
github.com/luxfi/precompile/zk/contract.go:592.50,593.22 1 1
github.com/luxfi/precompile/zk/contract.go:593.22,595.3 1 1
github.com/luxfi/precompile/zk/contract.go:598.2,599.26 2 1
github.com/luxfi/precompile/zk/contract.go:599.26,600.13 1 1
github.com/luxfi/precompile/zk/contract.go:600.13,602.9 2 1
github.com/luxfi/precompile/zk/contract.go:605.2,605.13 1 1
github.com/luxfi/precompile/zk/contract.go:605.13,607.3 1 1
github.com/luxfi/precompile/zk/contract.go:613.2,616.21 2 1
github.com/luxfi/precompile/zk/contract.go:616.21,618.3 1 1
github.com/luxfi/precompile/zk/contract.go:621.2,621.21 1 1
github.com/luxfi/precompile/zk/contract.go:621.21,623.3 1 1
github.com/luxfi/precompile/zk/contract.go:627.2,636.27 7 1
github.com/luxfi/precompile/zk/contract.go:636.27,638.3 1 0
github.com/luxfi/precompile/zk/contract.go:640.2,640.12 1 1
github.com/luxfi/precompile/zk/contract.go:644.50,645.17 1 1
github.com/luxfi/precompile/zk/contract.go:645.17,647.3 1 1
github.com/luxfi/precompile/zk/contract.go:650.2,653.49 3 1
github.com/luxfi/precompile/zk/contract.go:653.49,655.3 1 1
github.com/luxfi/precompile/zk/contract.go:657.2,657.12 1 1
github.com/luxfi/precompile/zk/contract.go:661.92,668.37 3 1
github.com/luxfi/precompile/zk/contract.go:668.37,674.3 4 1
github.com/luxfi/precompile/zk/contract.go:677.2,687.18 7 1
github.com/luxfi/precompile/zk/contract.go:695.17,708.29 1 1
github.com/luxfi/precompile/zk/contract.go:708.29,710.3 1 0
github.com/luxfi/precompile/zk/contract.go:713.2,715.23 3 1
github.com/luxfi/precompile/zk/contract.go:715.23,717.3 1 0
github.com/luxfi/precompile/zk/contract.go:718.2,728.43 6 1
github.com/luxfi/precompile/zk/contract.go:728.43,735.3 6 1
github.com/luxfi/precompile/zk/contract.go:737.2,739.25 3 1
github.com/luxfi/precompile/zk/contract.go:739.25,741.3 1 0
github.com/luxfi/precompile/zk/contract.go:742.2,754.16 7 1
github.com/luxfi/precompile/zk/contract.go:754.16,758.3 1 1
github.com/luxfi/precompile/zk/contract.go:761.2,761.18 1 0
github.com/luxfi/precompile/zk/contract.go:789.69,791.16 2 1
github.com/luxfi/precompile/zk/contract.go:791.16,793.3 1 1
github.com/luxfi/precompile/zk/contract.go:796.2,796.23 1 1
github.com/luxfi/precompile/zk/contract.go:796.23,798.54 2 1
github.com/luxfi/precompile/zk/contract.go:798.54,800.4 1 0
github.com/luxfi/precompile/zk/contract.go:805.2,805.37 1 1
github.com/luxfi/precompile/zk/contract.go:823.56,824.20 1 1
github.com/luxfi/precompile/zk/contract.go:824.20,826.3 1 1
github.com/luxfi/precompile/zk/contract.go:828.2,840.42 7 1
github.com/luxfi/precompile/zk/contract.go:840.42,842.3 1 1
github.com/luxfi/precompile/zk/contract.go:845.2,846.27 2 1
github.com/luxfi/precompile/zk/contract.go:846.27,849.3 2 1
github.com/luxfi/precompile/zk/contract.go:852.2,852.26 1 1
github.com/luxfi/precompile/zk/contract.go:852.26,854.3 1 0
github.com/luxfi/precompile/zk/contract.go:855.2,859.42 3 1
github.com/luxfi/precompile/zk/contract.go:859.42,861.3 1 0
github.com/luxfi/precompile/zk/contract.go:862.2,863.27 2 1
github.com/luxfi/precompile/zk/contract.go:863.27,867.3 3 1
github.com/luxfi/precompile/zk/contract.go:870.2,870.26 1 1
github.com/luxfi/precompile/zk/contract.go:870.26,872.3 1 0
github.com/luxfi/precompile/zk/contract.go:873.2,877.44 3 1
github.com/luxfi/precompile/zk/contract.go:877.44,879.3 1 0
github.com/luxfi/precompile/zk/contract.go:880.2,881.29 2 1
github.com/luxfi/precompile/zk/contract.go:881.29,885.3 3 1
github.com/luxfi/precompile/zk/contract.go:888.2,888.26 1 1
github.com/luxfi/precompile/zk/contract.go:888.26,890.3 1 0
github.com/luxfi/precompile/zk/contract.go:891.2,895.50 3 1
github.com/luxfi/precompile/zk/contract.go:895.50,897.3 1 1
github.com/luxfi/precompile/zk/contract.go:900.2,900.48 1 1
github.com/luxfi/precompile/zk/contract.go:900.48,902.3 1 0
github.com/luxfi/precompile/zk/contract.go:903.2,904.47 2 1
github.com/luxfi/precompile/zk/contract.go:904.47,908.3 3 1
github.com/luxfi/precompile/zk/contract.go:911.2,911.48 1 1
github.com/luxfi/precompile/zk/contract.go:911.48,913.3 1 0
github.com/luxfi/precompile/zk/contract.go:914.2,915.47 2 1
github.com/luxfi/precompile/zk/contract.go:915.47,919.3 3 1
github.com/luxfi/precompile/zk/contract.go:922.2,922.27 1 1
github.com/luxfi/precompile/zk/contract.go:922.27,924.3 1 0
github.com/luxfi/precompile/zk/contract.go:925.2,930.27 4 1
github.com/luxfi/precompile/zk/contract.go:930.27,932.3 1 0
github.com/luxfi/precompile/zk/contract.go:933.2,938.27 4 1
github.com/luxfi/precompile/zk/contract.go:938.27,940.3 1 0
github.com/luxfi/precompile/zk/contract.go:941.2,944.19 3 1
github.com/luxfi/precompile/zk/contract.go:955.61,957.49 1 1
github.com/luxfi/precompile/zk/contract.go:957.49,958.38 1 1
github.com/luxfi/precompile/zk/contract.go:958.38,960.4 1 1
github.com/luxfi/precompile/zk/contract.go:964.2,964.51 1 1
github.com/luxfi/precompile/zk/contract.go:964.51,965.38 1 1
github.com/luxfi/precompile/zk/contract.go:965.38,967.4 1 0
github.com/luxfi/precompile/zk/contract.go:971.2,971.39 1 1
github.com/luxfi/precompile/zk/contract.go:971.39,972.38 1 1
github.com/luxfi/precompile/zk/contract.go:972.38,974.4 1 1
github.com/luxfi/precompile/zk/contract.go:978.2,978.39 1 1
github.com/luxfi/precompile/zk/contract.go:978.39,979.38 1 1
github.com/luxfi/precompile/zk/contract.go:979.38,981.4 1 0
github.com/luxfi/precompile/zk/contract.go:985.2,985.35 1 1
github.com/luxfi/precompile/zk/contract.go:985.35,987.3 1 0
github.com/luxfi/precompile/zk/contract.go:990.2,990.37 1 1
github.com/luxfi/precompile/zk/contract.go:990.37,992.3 1 0
github.com/luxfi/precompile/zk/contract.go:995.2,995.39 1 1
github.com/luxfi/precompile/zk/contract.go:995.39,997.3 1 0
github.com/luxfi/precompile/zk/contract.go:1001.2,1002.16 2 1
github.com/luxfi/precompile/zk/contract.go:1002.16,1004.3 1 0
github.com/luxfi/precompile/zk/contract.go:1007.2,1007.32 1 1
github.com/luxfi/precompile/zk/contract.go:1007.32,1008.22 1 1
github.com/luxfi/precompile/zk/contract.go:1008.22,1010.4 1 0
github.com/luxfi/precompile/zk/contract.go:1016.2,1016.122 1 1
github.com/luxfi/precompile/zk/contract.go:1020.73,1023.16 2 1
github.com/luxfi/precompile/zk/contract.go:1023.16,1025.3 1 0
github.com/luxfi/precompile/zk/contract.go:1029.2,1030.16 2 1
github.com/luxfi/precompile/zk/contract.go:1030.16,1032.3 1 0
github.com/luxfi/precompile/zk/contract.go:1037.2,1038.16 2 1
github.com/luxfi/precompile/zk/contract.go:1038.16,1040.3 1 0
github.com/luxfi/precompile/zk/contract.go:1042.2,1042.19 1 1
github.com/luxfi/precompile/zk/contract.go:1046.66,1051.43 2 1
github.com/luxfi/precompile/zk/contract.go:1051.43,1053.3 1 1
github.com/luxfi/precompile/zk/contract.go:1056.2,1056.49 1 1
github.com/luxfi/precompile/zk/contract.go:1056.49,1058.3 1 1
github.com/luxfi/precompile/zk/contract.go:1061.2,1061.51 1 1
github.com/luxfi/precompile/zk/contract.go:1061.51,1063.3 1 1
github.com/luxfi/precompile/zk/contract.go:1066.2,1067.47 2 1
github.com/luxfi/precompile/zk/contract.go:1067.47,1074.3 3 1
github.com/luxfi/precompile/zk/contract.go:1076.2,1076.24 1 1
github.com/luxfi/precompile/zk/contract.go:1080.90,1081.44 1 1
github.com/luxfi/precompile/zk/contract.go:1081.44,1083.3 1 0
github.com/luxfi/precompile/zk/contract.go:1088.2,1088.40 1 1
github.com/luxfi/precompile/zk/contract.go:1088.40,1090.3 1 1
github.com/luxfi/precompile/zk/contract.go:1092.2,1092.22 1 0
github.com/luxfi/precompile/zk/contract.go:1096.112,1097.45 1 1
github.com/luxfi/precompile/zk/contract.go:1097.45,1099.3 1 0
github.com/luxfi/precompile/zk/contract.go:1118.2,1119.32 2 1
github.com/luxfi/precompile/zk/contract.go:1119.32,1121.17 2 1
github.com/luxfi/precompile/zk/contract.go:1121.17,1123.4 1 0
github.com/luxfi/precompile/zk/contract.go:1124.3,1124.25 1 1
github.com/luxfi/precompile/zk/contract.go:1128.2,1131.47 3 1
github.com/luxfi/precompile/zk/contract.go:1131.47,1141.3 1 1
github.com/luxfi/precompile/zk/contract.go:1148.2,1155.18 2 1
github.com/luxfi/precompile/zk/contract.go:1163.44,1167.2 2 1
github.com/luxfi/precompile/zk/contract.go:1169.50,1171.2 1 1
github.com/luxfi/precompile/zk/contract.go:1173.49,1175.2 1 1
github.com/luxfi/precompile/zk/contract.go:1177.46,1182.2 3 1
github.com/luxfi/precompile/zk/contract.go:1185.37,1188.2 2 1
github.com/luxfi/precompile/zk/contract.go:1192.44,1193.18 1 1
github.com/luxfi/precompile/zk/contract.go:1193.18,1195.3 1 1
github.com/luxfi/precompile/zk/contract.go:1197.2,1197.20 1 1
github.com/luxfi/precompile/zk/contract.go:1197.20,1199.3 1 1
github.com/luxfi/precompile/zk/contract.go:1201.2,1201.13 1 1
github.com/luxfi/precompile/zk/contract.go:1205.35,1206.18 1 1
github.com/luxfi/precompile/zk/contract.go:1206.18,1208.3 1 0
github.com/luxfi/precompile/zk/contract.go:1211.2,1211.13 1 1
github.com/luxfi/precompile/zk/contract.go:1215.33,1216.22 1 1
github.com/luxfi/precompile/zk/contract.go:1216.22,1217.13 1 1
github.com/luxfi/precompile/zk/contract.go:1217.13,1219.4 1 1
github.com/luxfi/precompile/zk/contract.go:1221.2,1221.13 1 1
github.com/luxfi/precompile/zk/contract.go:1226.43,1227.20 1 1
github.com/luxfi/precompile/zk/contract.go:1227.20,1229.3 1 1
github.com/luxfi/precompile/zk/contract.go:1233.2,1237.22 3 1
github.com/luxfi/precompile/zk/contract.go:1237.22,1239.3 1 1
github.com/luxfi/precompile/zk/contract.go:1242.2,1249.20 6 1
github.com/luxfi/precompile/zk/contract.go:1254.53,1265.2 5 1
github.com/luxfi/precompile/zk/contract.go:1277.67,1279.21 1 1
github.com/luxfi/precompile/zk/contract.go:1279.21,1281.3 1 1
github.com/luxfi/precompile/zk/contract.go:1284.2,1301.16 10 0
github.com/luxfi/precompile/zk/contract.go:1301.16,1304.3 1 0
github.com/luxfi/precompile/zk/contract.go:1306.2,1306.18 1 0
github.com/luxfi/precompile/zk/contract.go:1329.67,1331.21 1 1
github.com/luxfi/precompile/zk/contract.go:1331.21,1333.3 1 1
github.com/luxfi/precompile/zk/contract.go:1336.2,1339.38 2 0
github.com/luxfi/precompile/zk/contract.go:1339.38,1341.3 1 0
github.com/luxfi/precompile/zk/contract.go:1344.2,1345.29 2 0
github.com/luxfi/precompile/zk/contract.go:1345.29,1347.3 1 0
github.com/luxfi/precompile/zk/contract.go:1357.2,1357.111 1 0
github.com/luxfi/precompile/zk/contract.go:1374.74,1376.21 1 1
github.com/luxfi/precompile/zk/contract.go:1376.21,1378.3 1 1
github.com/luxfi/precompile/zk/contract.go:1381.2,1382.27 2 0
github.com/luxfi/precompile/zk/contract.go:1382.27,1384.3 1 0
github.com/luxfi/precompile/zk/contract.go:1387.2,1388.39 2 0
github.com/luxfi/precompile/zk/contract.go:1388.39,1390.3 1 0
github.com/luxfi/precompile/zk/contract.go:1393.2,1394.26 2 0
github.com/luxfi/precompile/zk/contract.go:1394.26,1396.3 1 0
github.com/luxfi/precompile/zk/contract.go:1399.2,1399.23 1 0
github.com/luxfi/precompile/zk/contract.go:1399.23,1401.3 1 0
github.com/luxfi/precompile/zk/contract.go:1404.2,1404.121 1 0
github.com/luxfi/precompile/zk/contract.go:1419.73,1420.20 1 0
github.com/luxfi/precompile/zk/contract.go:1420.20,1422.3 1 0
github.com/luxfi/precompile/zk/contract.go:1424.2,1428.23 3 0
github.com/luxfi/precompile/zk/contract.go:1428.23,1430.17 2 0
github.com/luxfi/precompile/zk/contract.go:1430.17,1432.4 1 0
github.com/luxfi/precompile/zk/contract.go:1434.3,1434.21 1 0
github.com/luxfi/precompile/zk/contract.go:1438.2,1438.83 1 0
github.com/luxfi/precompile/zk/contract.go:1458.74,1459.20 1 0
github.com/luxfi/precompile/zk/contract.go:1459.20,1461.3 1 0
github.com/luxfi/precompile/zk/contract.go:1464.2,1464.40 1 0
github.com/luxfi/precompile/zk/contract.go:1464.40,1466.3 1 0
github.com/luxfi/precompile/zk/contract.go:1469.2,1469.41 1 0
github.com/luxfi/precompile/zk/contract.go:1474.82,1475.20 1 0
github.com/luxfi/precompile/zk/contract.go:1475.20,1477.3 1 0
github.com/luxfi/precompile/zk/contract.go:1479.2,1485.59 5 0
github.com/luxfi/precompile/zk/contract.go:1489.80,1491.20 1 0
github.com/luxfi/precompile/zk/contract.go:1491.20,1493.3 1 0
github.com/luxfi/precompile/zk/contract.go:1495.2,1506.29 8 0
github.com/luxfi/precompile/zk/contract.go:1506.29,1508.3 1 0
github.com/luxfi/precompile/zk/contract.go:1511.2,1513.26 3 0
github.com/luxfi/precompile/zk/contract.go:1513.26,1517.3 3 0
github.com/luxfi/precompile/zk/contract.go:1520.2,1520.23 1 0
github.com/luxfi/precompile/zk/contract.go:1520.23,1522.3 1 0
github.com/luxfi/precompile/zk/contract.go:1524.2,1524.97 1 0
github.com/luxfi/precompile/zk/contract.go:1529.69,1530.19 1 0
github.com/luxfi/precompile/zk/contract.go:1530.19,1532.3 1 0
github.com/luxfi/precompile/zk/contract.go:1534.2,1535.20 2 0
github.com/luxfi/precompile/zk/contract.go:1535.20,1537.3 1 0
github.com/luxfi/precompile/zk/contract.go:1539.2,1540.22 2 0
github.com/luxfi/precompile/zk/contract.go:1540.22,1542.27 1 0
github.com/luxfi/precompile/zk/contract.go:1542.27,1544.4 1 0
github.com/luxfi/precompile/zk/contract.go:1546.3,1550.43 4 0
github.com/luxfi/precompile/zk/contract.go:1550.43,1552.4 1 0
github.com/luxfi/precompile/zk/contract.go:1554.3,1561.20 5 0
github.com/luxfi/precompile/zk/contract.go:1562.24,1563.43 1 0
github.com/luxfi/precompile/zk/contract.go:1564.22,1565.41 1 0
github.com/luxfi/precompile/zk/contract.go:1566.20,1567.39 1 0
github.com/luxfi/precompile/zk/contract.go:1568.27,1569.46 1 0
github.com/luxfi/precompile/zk/contract.go:1570.11,1571.39 1 0
github.com/luxfi/precompile/zk/contract.go:1574.3,1574.17 1 0
github.com/luxfi/precompile/zk/contract.go:1574.17,1576.4 1 0
github.com/luxfi/precompile/zk/contract.go:1577.3,1577.13 1 0
github.com/luxfi/precompile/zk/contract.go:1577.13,1579.4 1 0
github.com/luxfi/precompile/zk/contract.go:1583.2,1583.18 1 0
github.com/luxfi/precompile/zk/module.go:62.13,63.55 1 1
github.com/luxfi/precompile/zk/module.go:63.55,64.13 1 0
github.com/luxfi/precompile/zk/module.go:68.59,70.2 1 0
github.com/luxfi/precompile/zk/module.go:77.9,80.2 1 0
github.com/luxfi/precompile/zk/module.go:87.31,89.2 1 0
github.com/luxfi/precompile/zk/module.go:91.38,93.2 1 0
github.com/luxfi/precompile/zk/module.go:95.36,97.2 1 0
github.com/luxfi/precompile/zk/module.go:99.58,101.9 2 0
github.com/luxfi/precompile/zk/module.go:101.9,103.3 1 0
github.com/luxfi/precompile/zk/module.go:104.2,104.40 1 0
github.com/luxfi/precompile/zk/module.go:107.73,109.2 1 0
github.com/luxfi/precompile/zk/pedersen.go:47.48,60.20 6 1
github.com/luxfi/precompile/zk/pedersen.go:60.20,62.3 1 1
github.com/luxfi/precompile/zk/pedersen.go:64.2,64.11 1 1
github.com/luxfi/precompile/zk/pedersen.go:71.86,86.2 9 1
github.com/luxfi/precompile/zk/pedersen.go:89.121,101.16 8 0
github.com/luxfi/precompile/zk/pedersen.go:101.16,103.3 1 0
github.com/luxfi/precompile/zk/pedersen.go:105.2,109.40 4 0
github.com/luxfi/precompile/zk/pedersen.go:114.94,117.16 2 1
github.com/luxfi/precompile/zk/pedersen.go:117.16,119.3 1 0
github.com/luxfi/precompile/zk/pedersen.go:122.2,123.16 2 1
github.com/luxfi/precompile/zk/pedersen.go:123.16,125.3 1 0
github.com/luxfi/precompile/zk/pedersen.go:127.2,128.16 2 1
github.com/luxfi/precompile/zk/pedersen.go:128.16,130.3 1 0
github.com/luxfi/precompile/zk/pedersen.go:132.2,136.37 4 1
github.com/luxfi/precompile/zk/pedersen.go:141.68,143.16 2 1
github.com/luxfi/precompile/zk/pedersen.go:143.16,145.3 1 0
github.com/luxfi/precompile/zk/pedersen.go:147.2,148.16 2 1
github.com/luxfi/precompile/zk/pedersen.go:148.16,150.3 1 0
github.com/luxfi/precompile/zk/pedersen.go:152.2,155.39 3 1
github.com/luxfi/precompile/zk/pedersen.go:160.68,162.16 2 0
github.com/luxfi/precompile/zk/pedersen.go:162.16,164.3 1 0
github.com/luxfi/precompile/zk/pedersen.go:166.2,167.16 2 0
github.com/luxfi/precompile/zk/pedersen.go:167.16,169.3 1 0
github.com/luxfi/precompile/zk/pedersen.go:171.2,177.40 5 0
github.com/luxfi/precompile/zk/pedersen.go:182.104,183.37 1 1
github.com/luxfi/precompile/zk/pedersen.go:183.37,185.3 1 0
github.com/luxfi/precompile/zk/pedersen.go:187.2,189.31 2 1
github.com/luxfi/precompile/zk/pedersen.go:189.31,199.3 7 1
github.com/luxfi/precompile/zk/pedersen.go:202.2,215.42 10 1
github.com/luxfi/precompile/zk/pedersen.go:226.21,237.2 7 1
github.com/luxfi/precompile/zk/pedersen.go:242.85,245.27 2 0
github.com/luxfi/precompile/zk/pedersen.go:245.27,247.17 2 0
github.com/luxfi/precompile/zk/pedersen.go:247.17,249.4 1 0
github.com/luxfi/precompile/zk/pedersen.go:250.3,252.29 3 0
github.com/luxfi/precompile/zk/pedersen.go:256.2,257.28 2 0
github.com/luxfi/precompile/zk/pedersen.go:257.28,259.17 2 0
github.com/luxfi/precompile/zk/pedersen.go:259.17,261.4 1 0
github.com/luxfi/precompile/zk/pedersen.go:262.3,264.30 3 0
github.com/luxfi/precompile/zk/pedersen.go:268.2,272.40 4 0
github.com/luxfi/precompile/zk/pedersen.go:276.83,277.19 1 0
github.com/luxfi/precompile/zk/pedersen.go:278.16,280.14 1 0
github.com/luxfi/precompile/zk/pedersen.go:281.16,283.14 1 0
github.com/luxfi/precompile/zk/pedersen.go:284.20,286.13 1 0
github.com/luxfi/precompile/zk/pedersen.go:287.16,289.41 1 0
github.com/luxfi/precompile/zk/pedersen.go:290.10,291.15 1 0
github.com/luxfi/precompile/zk/pedersen.go:298.43,306.6 4 1
github.com/luxfi/precompile/zk/pedersen.go:306.6,326.26 12 1
github.com/luxfi/precompile/zk/pedersen.go:326.26,331.48 3 1
github.com/luxfi/precompile/zk/pedersen.go:331.48,333.5 1 1
github.com/luxfi/precompile/zk/pedersen.go:335.3,336.19 2 1
github.com/luxfi/precompile/zk/pedersen.go:336.19,338.9 1 0
github.com/luxfi/precompile/zk/pedersen.go:343.2,344.11 2 0
github.com/luxfi/precompile/zk/pedersen.go:349.45,359.2 5 0
github.com/luxfi/precompile/zk/pedersen.go:368.45,379.2 8 1
github.com/luxfi/precompile/zk/pedersen.go:382.54,384.2 1 1
github.com/luxfi/precompile/zk/pedersen.go:387.58,389.37 2 1
github.com/luxfi/precompile/zk/pedersen.go:389.37,392.3 2 1
github.com/luxfi/precompile/zk/pedersen.go:393.2,397.45 2 0
github.com/luxfi/precompile/zk/pedersen.go:406.51,407.22 1 0
github.com/luxfi/precompile/zk/pedersen.go:407.22,409.3 1 0
github.com/luxfi/precompile/zk/pedersen.go:411.2,416.16 5 0
github.com/luxfi/precompile/zk/pedersen.go:416.16,418.3 1 0
github.com/luxfi/precompile/zk/pedersen.go:419.2,419.23 1 0
github.com/luxfi/precompile/zk/pedersen.go:425.51,426.22 1 0
github.com/luxfi/precompile/zk/pedersen.go:426.22,428.3 1 0
github.com/luxfi/precompile/zk/pedersen.go:430.2,436.16 6 0
github.com/luxfi/precompile/zk/pedersen.go:436.16,438.3 1 0
github.com/luxfi/precompile/zk/pedersen.go:440.2,441.11 2 0
github.com/luxfi/precompile/zk/pedersen.go:441.11,443.3 1 0
github.com/luxfi/precompile/zk/pedersen.go:444.2,444.20 1 0
github.com/luxfi/precompile/zk/pedersen.go:450.48,451.22 1 0
github.com/luxfi/precompile/zk/pedersen.go:451.22,453.3 1 0
github.com/luxfi/precompile/zk/pedersen.go:455.2,460.16 5 0
github.com/luxfi/precompile/zk/pedersen.go:460.16,462.3 1 0
github.com/luxfi/precompile/zk/pedersen.go:463.2,463.23 1 0
github.com/luxfi/precompile/zk/pedersen.go:467.71,471.2 3 0
github.com/luxfi/precompile/zk/poseidon.go:54.44,59.2 1 1
github.com/luxfi/precompile/zk/poseidon.go:65.64,66.43 1 1
github.com/luxfi/precompile/zk/poseidon.go:66.43,68.3 1 0
github.com/luxfi/precompile/zk/poseidon.go:70.2,71.22 2 1
github.com/luxfi/precompile/zk/poseidon.go:71.22,73.3 1 0
github.com/luxfi/precompile/zk/poseidon.go:76.2,78.41 3 1
github.com/luxfi/precompile/zk/poseidon.go:78.41,82.3 3 1
github.com/luxfi/precompile/zk/poseidon.go:83.2,89.34 4 1
github.com/luxfi/precompile/zk/poseidon.go:89.34,91.17 2 0
github.com/luxfi/precompile/zk/poseidon.go:91.17,93.4 1 0
github.com/luxfi/precompile/zk/poseidon.go:94.3,94.29 1 0
github.com/luxfi/precompile/zk/poseidon.go:95.8,101.30 2 1
github.com/luxfi/precompile/zk/poseidon.go:101.30,105.4 3 1
github.com/luxfi/precompile/zk/poseidon.go:108.3,109.33 2 1
github.com/luxfi/precompile/zk/poseidon.go:109.33,112.4 2 1
github.com/luxfi/precompile/zk/poseidon.go:113.3,114.29 2 1
github.com/luxfi/precompile/zk/poseidon.go:118.2,119.31 2 1
github.com/luxfi/precompile/zk/poseidon.go:119.31,121.3 1 1
github.com/luxfi/precompile/zk/poseidon.go:122.2,125.20 3 1
github.com/luxfi/precompile/zk/poseidon.go:130.76,132.38 1 1
github.com/luxfi/precompile/zk/poseidon.go:132.38,134.3 1 0
github.com/luxfi/precompile/zk/poseidon.go:136.2,139.22 4 1
github.com/luxfi/precompile/zk/poseidon.go:146.94,148.40 1 0
github.com/luxfi/precompile/zk/poseidon.go:148.40,150.3 1 0
github.com/luxfi/precompile/zk/poseidon.go:152.2,156.22 5 0
github.com/luxfi/precompile/zk/poseidon.go:162.116,164.39 1 1
github.com/luxfi/precompile/zk/poseidon.go:164.39,170.3 4 0
github.com/luxfi/precompile/zk/poseidon.go:172.2,180.22 6 1
github.com/luxfi/precompile/zk/poseidon.go:190.21,207.2 7 1
github.com/luxfi/precompile/zk/poseidon.go:210.75,211.22 1 1
github.com/luxfi/precompile/zk/poseidon.go:211.22,213.3 1 0
github.com/luxfi/precompile/zk/poseidon.go:216.2,217.22 2 1
github.com/luxfi/precompile/zk/poseidon.go:217.22,219.3 1 1
github.com/luxfi/precompile/zk/poseidon.go:221.2,227.23 4 1
github.com/luxfi/precompile/zk/poseidon.go:227.23,229.23 2 1
github.com/luxfi/precompile/zk/poseidon.go:229.23,231.18 2 1
github.com/luxfi/precompile/zk/poseidon.go:231.18,233.5 1 0
github.com/luxfi/precompile/zk/poseidon.go:234.4,234.18 1 1
github.com/luxfi/precompile/zk/poseidon.go:236.3,236.17 1 1
github.com/luxfi/precompile/zk/poseidon.go:239.2,239.24 1 1
github.com/luxfi/precompile/zk/poseidon.go:243.97,244.46 1 1
github.com/luxfi/precompile/zk/poseidon.go:244.46,246.3 1 0
github.com/luxfi/precompile/zk/poseidon.go:249.2,250.22 2 1
github.com/luxfi/precompile/zk/poseidon.go:250.22,252.3 1 1
github.com/luxfi/precompile/zk/poseidon.go:254.2,262.23 7 1
github.com/luxfi/precompile/zk/poseidon.go:262.23,270.23 5 1
github.com/luxfi/precompile/zk/poseidon.go:270.23,272.18 2 1
github.com/luxfi/precompile/zk/poseidon.go:272.18,274.5 1 0
github.com/luxfi/precompile/zk/poseidon.go:275.4,275.18 1 1
github.com/luxfi/precompile/zk/poseidon.go:277.3,278.16 2 1
github.com/luxfi/precompile/zk/poseidon.go:281.2,281.27 1 1
github.com/luxfi/precompile/zk/poseidon.go:290.17,291.31 1 1
github.com/luxfi/precompile/zk/poseidon.go:291.31,293.3 1 0
github.com/luxfi/precompile/zk/poseidon.go:295.2,296.23 2 1
github.com/luxfi/precompile/zk/poseidon.go:296.23,298.16 2 1
github.com/luxfi/precompile/zk/poseidon.go:298.16,301.4 2 1
github.com/luxfi/precompile/zk/poseidon.go:301.9,304.4 2 1
github.com/luxfi/precompile/zk/poseidon.go:306.3,307.17 2 1
github.com/luxfi/precompile/zk/poseidon.go:307.17,309.4 1 0
github.com/luxfi/precompile/zk/poseidon.go:310.3,310.17 1 1
github.com/luxfi/precompile/zk/poseidon.go:313.2,313.29 1 1
github.com/luxfi/precompile/zk/poseidon.go:318.60,319.39 1 0
github.com/luxfi/precompile/zk/poseidon.go:319.39,321.3 1 0
github.com/luxfi/precompile/zk/poseidon.go:322.2,325.30 2 0
github.com/luxfi/precompile/zk/poseidon.go:329.45,330.22 1 1
github.com/luxfi/precompile/zk/poseidon.go:330.22,334.3 3 1
github.com/luxfi/precompile/zk/poseidon.go:336.2,340.12 5 1
github.com/luxfi/precompile/zk/poseidon.go:347.50,349.16 2 0
github.com/luxfi/precompile/zk/poseidon.go:349.16,351.3 1 0
github.com/luxfi/precompile/zk/poseidon.go:352.2,352.23 1 0
github.com/luxfi/precompile/zk/poseidon.go:356.80,358.16 2 0
github.com/luxfi/precompile/zk/poseidon.go:358.16,360.3 1 0
github.com/luxfi/precompile/zk/poseidon.go:361.2,361.23 1 0
github.com/luxfi/precompile/zk/poseidon.go:365.71,367.2 1 0
github.com/luxfi/precompile/zk/stark.go:67.51,70.42 2 1
github.com/luxfi/precompile/zk/stark.go:70.42,72.3 1 1
github.com/luxfi/precompile/zk/stark.go:73.2,73.12 1 1
github.com/luxfi/precompile/zk/stark.go:77.51,78.12 1 1
github.com/luxfi/precompile/zk/stark.go:78.12,80.3 1 0
github.com/luxfi/precompile/zk/stark.go:81.2,81.37 1 1
github.com/luxfi/precompile/zk/stark.go:85.51,89.2 2 1
github.com/luxfi/precompile/zk/stark.go:92.48,93.12 1 1
github.com/luxfi/precompile/zk/stark.go:93.12,95.3 1 0
github.com/luxfi/precompile/zk/stark.go:97.2,97.39 1 1
github.com/luxfi/precompile/zk/stark.go:101.56,103.14 2 1
github.com/luxfi/precompile/zk/stark.go:103.14,104.17 1 1
github.com/luxfi/precompile/zk/stark.go:104.17,106.4 1 1
github.com/luxfi/precompile/zk/stark.go:107.3,108.12 2 1
github.com/luxfi/precompile/zk/stark.go:110.2,110.15 1 1
github.com/luxfi/precompile/zk/stark.go:114.42,122.2 6 1
github.com/luxfi/precompile/zk/stark.go:125.38,133.2 5 1
github.com/luxfi/precompile/zk/stark.go:142.49,157.2 7 1
github.com/luxfi/precompile/zk/stark.go:160.46,173.2 7 1
github.com/luxfi/precompile/zk/stark.go:187.78,194.2 1 0
github.com/luxfi/precompile/zk/stark.go:213.73,217.19 3 0
github.com/luxfi/precompile/zk/stark.go:217.19,222.3 3 0
github.com/luxfi/precompile/zk/stark.go:224.2,224.15 1 0
github.com/luxfi/precompile/zk/stark.go:232.9,233.40 1 0
github.com/luxfi/precompile/zk/stark.go:233.40,235.3 1 0
github.com/luxfi/precompile/zk/stark.go:238.2,239.62 2 0
github.com/luxfi/precompile/zk/stark.go:239.62,244.96 3 0
github.com/luxfi/precompile/zk/stark.go:244.96,246.4 1 0
github.com/luxfi/precompile/zk/stark.go:249.3,249.16 1 0
github.com/luxfi/precompile/zk/stark.go:249.16,256.4 2 0
github.com/luxfi/precompile/zk/stark.go:258.3,258.30 1 0
github.com/luxfi/precompile/zk/stark.go:261.2,261.12 1 0
github.com/luxfi/precompile/zk/stark.go:265.89,268.32 2 0
github.com/luxfi/precompile/zk/stark.go:268.32,270.19 2 0
github.com/luxfi/precompile/zk/stark.go:270.19,272.4 1 0
github.com/luxfi/precompile/zk/stark.go:272.9,274.4 1 0
github.com/luxfi/precompile/zk/stark.go:275.3,276.14 2 0
github.com/luxfi/precompile/zk/stark.go:279.2,279.24 1 0
github.com/luxfi/precompile/zk/stark.go:324.46,328.2 1 0
github.com/luxfi/precompile/zk/stark.go:331.42,334.2 2 0
github.com/luxfi/precompile/zk/stark.go:337.41,340.2 2 0
github.com/luxfi/precompile/zk/stark.go:343.95,355.2 1 0
github.com/luxfi/precompile/zk/stark.go:358.88,367.34 5 0
github.com/luxfi/precompile/zk/stark.go:367.34,371.3 3 0
github.com/luxfi/precompile/zk/stark.go:374.2,403.24 15 0
github.com/luxfi/precompile/zk/stark.go:403.24,405.3 1 0
github.com/luxfi/precompile/zk/stark.go:408.2,409.30 2 0
github.com/luxfi/precompile/zk/stark.go:409.30,411.3 1 0
github.com/luxfi/precompile/zk/stark.go:414.2,414.41 1 0
github.com/luxfi/precompile/zk/stark.go:414.41,415.37 1 0
github.com/luxfi/precompile/zk/stark.go:415.37,417.4 1 0
github.com/luxfi/precompile/zk/stark.go:419.3,419.81 1 0
github.com/luxfi/precompile/zk/stark.go:419.81,421.4 1 0
github.com/luxfi/precompile/zk/stark.go:424.2,424.18 1 0
github.com/luxfi/precompile/zk/stark.go:428.59,435.2 4 0
github.com/luxfi/precompile/zk/stark.go:442.75,446.2 3 0
github.com/luxfi/precompile/zk/stark.go:449.68,454.2 4 0
github.com/luxfi/precompile/zk/stark.go:462.58,463.21 1 0
github.com/luxfi/precompile/zk/stark.go:463.21,465.3 1 0
github.com/luxfi/precompile/zk/stark.go:468.2,473.9 4 0
github.com/luxfi/precompile/zk/stark.go:473.9,475.3 1 0
github.com/luxfi/precompile/zk/stark.go:478.2,483.33 4 0
github.com/luxfi/precompile/zk/stark.go:483.33,484.28 1 0
github.com/luxfi/precompile/zk/stark.go:484.28,486.4 1 0
github.com/luxfi/precompile/zk/stark.go:487.3,488.14 2 0
github.com/luxfi/precompile/zk/stark.go:492.2,497.16 3 0
github.com/luxfi/precompile/zk/stark.go:497.16,499.3 1 0
github.com/luxfi/precompile/zk/stark.go:501.2,502.11 2 0
github.com/luxfi/precompile/zk/stark.go:502.11,504.3 1 0
github.com/luxfi/precompile/zk/stark.go:505.2,505.20 1 0
github.com/luxfi/precompile/zk/verifier.go:61.34,70.2 1 1
github.com/luxfi/precompile/zk/verifier.go:79.21,105.2 9 1
github.com/luxfi/precompile/zk/verifier.go:112.32,117.15 4 1
github.com/luxfi/precompile/zk/verifier.go:117.15,119.3 1 1
github.com/luxfi/precompile/zk/verifier.go:121.2,121.42 1 1
github.com/luxfi/precompile/zk/verifier.go:121.42,123.3 1 1
github.com/luxfi/precompile/zk/verifier.go:126.2,126.39 1 1
github.com/luxfi/precompile/zk/verifier.go:126.39,128.3 1 1
github.com/luxfi/precompile/zk/verifier.go:132.2,135.11 3 1
github.com/luxfi/precompile/zk/verifier.go:135.11,137.3 1 1
github.com/luxfi/precompile/zk/verifier.go:137.8,139.3 1 1
github.com/luxfi/precompile/zk/verifier.go:141.2,147.8 1 1
github.com/luxfi/precompile/zk/verifier.go:155.32,160.15 4 1
github.com/luxfi/precompile/zk/verifier.go:160.15,162.3 1 0
github.com/luxfi/precompile/zk/verifier.go:164.2,164.40 1 1
github.com/luxfi/precompile/zk/verifier.go:164.40,166.3 1 0
github.com/luxfi/precompile/zk/verifier.go:169.2,172.11 3 1
github.com/luxfi/precompile/zk/verifier.go:172.11,174.3 1 0
github.com/luxfi/precompile/zk/verifier.go:174.8,176.3 1 1
github.com/luxfi/precompile/zk/verifier.go:178.2,184.8 1 1
github.com/luxfi/precompile/zk/verifier.go:195.32,200.15 4 1
github.com/luxfi/precompile/zk/verifier.go:200.15,202.3 1 1
github.com/luxfi/precompile/zk/verifier.go:204.2,204.41 1 1
github.com/luxfi/precompile/zk/verifier.go:204.41,206.3 1 1
github.com/luxfi/precompile/zk/verifier.go:209.2,212.11 3 1
github.com/luxfi/precompile/zk/verifier.go:212.11,214.3 1 0
github.com/luxfi/precompile/zk/verifier.go:214.8,216.3 1 1
github.com/luxfi/precompile/zk/verifier.go:219.2,227.8 2 1
github.com/luxfi/precompile/zk/verifier.go:245.8,248.31 2 1
github.com/luxfi/precompile/zk/verifier.go:248.31,250.3 1 0
github.com/luxfi/precompile/zk/verifier.go:253.2,261.18 7 1
github.com/luxfi/precompile/zk/verifier.go:261.18,263.3 1 0
github.com/luxfi/precompile/zk/verifier.go:265.2,266.26 2 1
github.com/luxfi/precompile/zk/verifier.go:266.26,268.3 1 1
github.com/luxfi/precompile/zk/verifier.go:271.2,286.24 7 1
github.com/luxfi/precompile/zk/verifier.go:286.24,288.3 1 1
github.com/luxfi/precompile/zk/verifier.go:291.2,297.40 5 1
github.com/luxfi/precompile/zk/verifier.go:297.40,304.3 6 1
github.com/luxfi/precompile/zk/verifier.go:306.2,308.26 3 1
github.com/luxfi/precompile/zk/verifier.go:308.26,310.3 1 1
github.com/luxfi/precompile/zk/verifier.go:312.2,317.16 4 1
github.com/luxfi/precompile/zk/verifier.go:317.16,319.3 1 1
github.com/luxfi/precompile/zk/verifier.go:322.2,325.13 3 0
github.com/luxfi/precompile/zk/verifier.go:329.100,333.37 3 1
github.com/luxfi/precompile/zk/verifier.go:333.37,338.3 4 1
github.com/luxfi/precompile/zk/verifier.go:340.2,348.18 7 1
github.com/luxfi/precompile/zk/verifier.go:357.17,361.24 3 1
github.com/luxfi/precompile/zk/verifier.go:361.24,363.3 1 1
github.com/luxfi/precompile/zk/verifier.go:367.2,369.19 2 1
github.com/luxfi/precompile/zk/verifier.go:377.17,385.2 4 1
github.com/luxfi/precompile/zk/verifier.go:388.76,394.2 4 1
github.com/luxfi/precompile/zk/verifier.go:401.9,405.55 3 1
github.com/luxfi/precompile/zk/verifier.go:405.55,407.3 1 1
github.com/luxfi/precompile/zk/verifier.go:409.2,415.12 2 1
github.com/luxfi/precompile/zk/verifier.go:422.21,427.17 4 1
github.com/luxfi/precompile/zk/verifier.go:427.17,429.3 1 1
github.com/luxfi/precompile/zk/verifier.go:431.2,431.19 1 1
github.com/luxfi/precompile/zk/verifier.go:431.19,433.3 1 1
github.com/luxfi/precompile/zk/verifier.go:436.2,444.22 5 1
github.com/luxfi/precompile/zk/verifier.go:453.17,458.17 4 1
github.com/luxfi/precompile/zk/verifier.go:458.17,460.3 1 0
github.com/luxfi/precompile/zk/verifier.go:463.2,465.19 2 1
github.com/luxfi/precompile/zk/verifier.go:476.21,481.15 4 1
github.com/luxfi/precompile/zk/verifier.go:481.15,483.3 1 1
github.com/luxfi/precompile/zk/verifier.go:486.2,508.22 7 1
github.com/luxfi/precompile/zk/verifier.go:515.9,520.19 4 1
github.com/luxfi/precompile/zk/verifier.go:520.19,522.3 1 1
github.com/luxfi/precompile/zk/verifier.go:524.2,524.21 1 1
github.com/luxfi/precompile/zk/verifier.go:524.21,526.3 1 0
github.com/luxfi/precompile/zk/verifier.go:528.2,531.74 2 1
github.com/luxfi/precompile/zk/verifier.go:531.74,533.3 1 1
github.com/luxfi/precompile/zk/verifier.go:536.2,536.47 1 1
github.com/luxfi/precompile/zk/verifier.go:536.47,538.3 1 1
github.com/luxfi/precompile/zk/verifier.go:541.2,541.48 1 1
github.com/luxfi/precompile/zk/verifier.go:541.48,543.3 1 1
github.com/luxfi/precompile/zk/verifier.go:546.2,547.28 2 1
github.com/luxfi/precompile/zk/verifier.go:548.26,550.17 2 1
github.com/luxfi/precompile/zk/verifier.go:550.17,552.4 1 0
github.com/luxfi/precompile/zk/verifier.go:553.3,553.17 1 1
github.com/luxfi/precompile/zk/verifier.go:554.24,556.17 2 0
github.com/luxfi/precompile/zk/verifier.go:556.17,558.4 1 0
github.com/luxfi/precompile/zk/verifier.go:559.3,559.17 1 0
github.com/luxfi/precompile/zk/verifier.go:560.10,561.32 1 0
github.com/luxfi/precompile/zk/verifier.go:564.2,564.12 1 1
github.com/luxfi/precompile/zk/verifier.go:564.12,566.3 1 1
github.com/luxfi/precompile/zk/verifier.go:569.2,575.12 6 0
github.com/luxfi/precompile/zk/verifier.go:579.79,584.18 4 1
github.com/luxfi/precompile/zk/verifier.go:584.18,586.3 1 1
github.com/luxfi/precompile/zk/verifier.go:588.2,588.19 1 1
github.com/luxfi/precompile/zk/verifier.go:596.21,617.2 7 1
github.com/luxfi/precompile/zk/verifier.go:632.8,635.47 2 1
github.com/luxfi/precompile/zk/verifier.go:635.47,637.3 1 1
github.com/luxfi/precompile/zk/verifier.go:639.2,640.47 2 1
github.com/luxfi/precompile/zk/verifier.go:640.47,642.3 1 0
github.com/luxfi/precompile/zk/verifier.go:644.2,645.47 2 1
github.com/luxfi/precompile/zk/verifier.go:645.47,647.3 1 0
github.com/luxfi/precompile/zk/verifier.go:650.2,651.53 2 1
github.com/luxfi/precompile/zk/verifier.go:651.53,653.3 1 1
github.com/luxfi/precompile/zk/verifier.go:655.2,656.51 2 1
github.com/luxfi/precompile/zk/verifier.go:656.51,658.3 1 0
github.com/luxfi/precompile/zk/verifier.go:660.2,661.53 2 1
github.com/luxfi/precompile/zk/verifier.go:661.53,663.3 1 0
github.com/luxfi/precompile/zk/verifier.go:665.2,666.53 2 1
github.com/luxfi/precompile/zk/verifier.go:666.53,668.3 1 0
github.com/luxfi/precompile/zk/verifier.go:671.2,671.20 1 1
github.com/luxfi/precompile/zk/verifier.go:671.20,673.3 1 0
github.com/luxfi/precompile/zk/verifier.go:675.2,676.32 2 1
github.com/luxfi/precompile/zk/verifier.go:676.32,678.53 2 1
github.com/luxfi/precompile/zk/verifier.go:678.53,680.4 1 0
github.com/luxfi/precompile/zk/verifier.go:685.2,688.49 2 1
github.com/luxfi/precompile/zk/verifier.go:688.49,690.17 2 0
github.com/luxfi/precompile/zk/verifier.go:690.17,696.39 4 0
github.com/luxfi/precompile/zk/verifier.go:696.39,700.5 2 0
github.com/luxfi/precompile/zk/verifier.go:703.4,705.32 3 0
github.com/luxfi/precompile/zk/verifier.go:705.32,708.5 2 0
github.com/luxfi/precompile/zk/verifier.go:711.4,712.18 2 0
github.com/luxfi/precompile/zk/verifier.go:712.18,715.19 3 0
github.com/luxfi/precompile/zk/verifier.go:715.19,718.20 3 0
github.com/luxfi/precompile/zk/verifier.go:718.20,723.21 3 0
github.com/luxfi/precompile/zk/verifier.go:723.21,726.22 2 0
github.com/luxfi/precompile/zk/verifier.go:726.22,728.67 2 0
github.com/luxfi/precompile/zk/verifier.go:728.67,732.27 3 0
github.com/luxfi/precompile/zk/verifier.go:743.2,745.37 2 1
github.com/luxfi/precompile/zk/verifier.go:745.37,746.21 1 1
github.com/luxfi/precompile/zk/verifier.go:746.21,748.4 1 0
github.com/luxfi/precompile/zk/verifier.go:749.3,751.20 3 1
github.com/luxfi/precompile/zk/verifier.go:758.2,772.47 9 1
github.com/luxfi/precompile/zk/verifier.go:802.8,805.31 2 1
github.com/luxfi/precompile/zk/verifier.go:805.31,807.3 1 1
github.com/luxfi/precompile/zk/verifier.go:810.2,811.19 2 0
github.com/luxfi/precompile/zk/verifier.go:811.19,813.77 2 0
github.com/luxfi/precompile/zk/verifier.go:813.77,815.4 1 0
github.com/luxfi/precompile/zk/verifier.go:819.2,821.19 3 0
github.com/luxfi/precompile/zk/verifier.go:821.19,823.3 1 0
github.com/luxfi/precompile/zk/verifier.go:828.2,828.20 1 0
github.com/luxfi/precompile/zk/verifier.go:828.20,830.3 1 0
github.com/luxfi/precompile/zk/verifier.go:832.2,833.19 2 0
github.com/luxfi/precompile/zk/verifier.go:833.19,835.60 2 0
github.com/luxfi/precompile/zk/verifier.go:835.60,837.4 1 0
github.com/luxfi/precompile/zk/verifier.go:841.2,842.50 2 0
github.com/luxfi/precompile/zk/verifier.go:842.50,844.3 1 0
github.com/luxfi/precompile/zk/verifier.go:849.2,893.52 15 0
github.com/luxfi/precompile/zk/verifier.go:893.52,895.3 1 0
github.com/luxfi/precompile/zk/verifier.go:898.2,905.47 5 0
github.com/luxfi/precompile/zk/verifier.go:909.65,910.28 1 0
github.com/luxfi/precompile/zk/verifier.go:910.28,912.3 1 0
github.com/luxfi/precompile/zk/verifier.go:916.2,917.37 2 0
github.com/luxfi/precompile/zk/verifier.go:917.37,919.3 1 0
github.com/luxfi/precompile/zk/verifier.go:920.2,920.15 1 0
github.com/luxfi/precompile/zk/verifier.go:924.54,930.2 5 0
github.com/luxfi/precompile/zk/verifier.go:938.13,980.2 23 0
github.com/luxfi/precompile/zk/verifier.go:994.8,996.47 1 1
github.com/luxfi/precompile/zk/verifier.go:996.47,998.3 1 1
github.com/luxfi/precompile/zk/verifier.go:1001.2,1010.26 7 1
github.com/luxfi/precompile/zk/verifier.go:1010.26,1012.3 1 0
github.com/luxfi/precompile/zk/verifier.go:1014.2,1019.26 4 1
github.com/luxfi/precompile/zk/verifier.go:1019.26,1021.3 1 0
github.com/luxfi/precompile/zk/verifier.go:1023.2,1027.19 3 1
github.com/luxfi/precompile/zk/verifier.go:1034.8,1039.2 1 1
github.com/luxfi/precompile/zk/verifier.go:1046.8,1050.32 2 1
github.com/luxfi/precompile/zk/verifier.go:1050.32,1052.30 2 0
github.com/luxfi/precompile/zk/verifier.go:1052.30,1054.4 1 0
github.com/luxfi/precompile/zk/verifier.go:1054.9,1056.4 1 0
github.com/luxfi/precompile/zk/verifier.go:1057.3,1057.36 1 0
github.com/luxfi/precompile/zk/verifier.go:1060.2,1060.24 1 1
github.com/luxfi/precompile/zk/verifier.go:1063.69,1066.2 0 1
github.com/luxfi/precompile/zk/verifier.go:1068.94,1069.24 1 1
github.com/luxfi/precompile/zk/verifier.go:1069.24,1071.3 1 0
github.com/luxfi/precompile/zk/verifier.go:1074.2,1081.99 2 1
github.com/luxfi/precompile/zk/verifier.go:1084.92,1085.24 1 0
github.com/luxfi/precompile/zk/verifier.go:1085.24,1087.3 1 0
github.com/luxfi/precompile/zk/verifier.go:1089.2,1098.57 4 0
github.com/luxfi/precompile/fhe/config.go:22.48,26.2 1 0
github.com/luxfi/precompile/fhe/config.go:29.55,36.2 1 0
github.com/luxfi/precompile/fhe/config.go:39.29,39.49 1 0
github.com/luxfi/precompile/fhe/config.go:42.73,45.2 1 0
github.com/luxfi/precompile/fhe/config.go:48.56,50.9 2 0
github.com/luxfi/precompile/fhe/config.go:50.9,52.3 1 0
github.com/luxfi/precompile/fhe/config.go:53.2,55.53 1 0
github.com/luxfi/precompile/fhe/contract.go:82.48,83.20 1 0
github.com/luxfi/precompile/fhe/contract.go:83.20,85.3 1 0
github.com/luxfi/precompile/fhe/contract.go:88.2,92.26 3 0
github.com/luxfi/precompile/fhe/contract.go:94.26,95.75 1 0
github.com/luxfi/precompile/fhe/contract.go:96.26,97.75 1 0
github.com/luxfi/precompile/fhe/contract.go:98.26,99.75 1 0
github.com/luxfi/precompile/fhe/contract.go:100.26,101.75 1 0
github.com/luxfi/precompile/fhe/contract.go:102.26,103.75 1 0
github.com/luxfi/precompile/fhe/contract.go:104.26,105.75 1 0
github.com/luxfi/precompile/fhe/contract.go:108.26,109.81 1 0
github.com/luxfi/precompile/fhe/contract.go:110.26,111.81 1 0
github.com/luxfi/precompile/fhe/contract.go:112.26,113.81 1 0
github.com/luxfi/precompile/fhe/contract.go:114.26,115.81 1 0
github.com/luxfi/precompile/fhe/contract.go:116.26,117.81 1 0
github.com/luxfi/precompile/fhe/contract.go:120.26,121.74 1 0
github.com/luxfi/precompile/fhe/contract.go:122.26,123.74 1 0
github.com/luxfi/precompile/fhe/contract.go:124.26,125.74 1 0
github.com/luxfi/precompile/fhe/contract.go:126.26,127.74 1 0
github.com/luxfi/precompile/fhe/contract.go:128.26,129.74 1 0
github.com/luxfi/precompile/fhe/contract.go:130.26,131.74 1 0
github.com/luxfi/precompile/fhe/contract.go:132.26,133.75 1 0
github.com/luxfi/precompile/fhe/contract.go:134.26,135.75 1 0
github.com/luxfi/precompile/fhe/contract.go:138.26,139.75 1 0
github.com/luxfi/precompile/fhe/contract.go:140.26,141.74 1 0
github.com/luxfi/precompile/fhe/contract.go:142.26,143.75 1 0
github.com/luxfi/precompile/fhe/contract.go:144.26,145.75 1 0
github.com/luxfi/precompile/fhe/contract.go:148.26,149.75 1 0
github.com/luxfi/precompile/fhe/contract.go:150.26,151.75 1 0
github.com/luxfi/precompile/fhe/contract.go:152.26,153.76 1 0
github.com/luxfi/precompile/fhe/contract.go:154.26,155.76 1 0
github.com/luxfi/precompile/fhe/contract.go:158.26,159.78 1 0
github.com/luxfi/precompile/fhe/contract.go:160.26,161.76 1 0
github.com/luxfi/precompile/fhe/contract.go:164.26,165.81 1 0
github.com/luxfi/precompile/fhe/contract.go:166.26,167.82 1 0
github.com/luxfi/precompile/fhe/contract.go:168.26,169.79 1 0
github.com/luxfi/precompile/fhe/contract.go:170.26,171.80 1 0
github.com/luxfi/precompile/fhe/contract.go:172.26,173.80 1 0
github.com/luxfi/precompile/fhe/contract.go:174.26,175.81 1 0
github.com/luxfi/precompile/fhe/contract.go:176.26,177.81 1 0
github.com/luxfi/precompile/fhe/contract.go:178.26,179.82 1 0
github.com/luxfi/precompile/fhe/contract.go:180.26,181.82 1 0
github.com/luxfi/precompile/fhe/contract.go:184.26,185.76 1 0
github.com/luxfi/precompile/fhe/contract.go:186.26,187.79 1 0
github.com/luxfi/precompile/fhe/contract.go:188.26,189.78 1 0
github.com/luxfi/precompile/fhe/contract.go:190.26,191.82 1 0
github.com/luxfi/precompile/fhe/contract.go:193.10,194.45 1 0
github.com/luxfi/precompile/fhe/contract.go:199.48,200.20 1 0
github.com/luxfi/precompile/fhe/contract.go:200.20,202.3 1 0
github.com/luxfi/precompile/fhe/contract.go:203.2,204.18 2 0
github.com/luxfi/precompile/fhe/contract.go:205.26,206.16 1 0
github.com/luxfi/precompile/fhe/contract.go:207.26,208.16 1 0
github.com/luxfi/precompile/fhe/contract.go:209.26,210.16 1 0
github.com/luxfi/precompile/fhe/contract.go:211.46,212.15 1 0
github.com/luxfi/precompile/fhe/contract.go:213.26,214.15 1 0
github.com/luxfi/precompile/fhe/contract.go:215.26,216.19 1 0
github.com/luxfi/precompile/fhe/contract.go:217.46,218.20 1 0
github.com/luxfi/precompile/fhe/contract.go:219.46,220.16 1 0
github.com/luxfi/precompile/fhe/contract.go:221.46,222.16 1 0
github.com/luxfi/precompile/fhe/contract.go:223.26,224.16 1 0
github.com/luxfi/precompile/fhe/contract.go:225.26,226.16 1 0
github.com/luxfi/precompile/fhe/contract.go:227.26,228.17 1 0
github.com/luxfi/precompile/fhe/contract.go:229.10,230.16 1 0
github.com/luxfi/precompile/fhe/contract.go:236.152,237.20 1 0
github.com/luxfi/precompile/fhe/contract.go:237.20,239.3 1 0
github.com/luxfi/precompile/fhe/contract.go:240.2,240.18 1 0
github.com/luxfi/precompile/fhe/contract.go:240.18,242.3 1 0
github.com/luxfi/precompile/fhe/contract.go:244.2,250.42 4 0
github.com/luxfi/precompile/fhe/contract.go:253.152,254.20 1 0
github.com/luxfi/precompile/fhe/contract.go:254.20,256.3 1 0
github.com/luxfi/precompile/fhe/contract.go:257.2,257.18 1 0
github.com/luxfi/precompile/fhe/contract.go:257.18,259.3 1 0
github.com/luxfi/precompile/fhe/contract.go:261.2,266.42 4 0
github.com/luxfi/precompile/fhe/contract.go:269.152,270.20 1 0
github.com/luxfi/precompile/fhe/contract.go:270.20,272.3 1 0
github.com/luxfi/precompile/fhe/contract.go:273.2,273.18 1 0
github.com/luxfi/precompile/fhe/contract.go:273.18,275.3 1 0
github.com/luxfi/precompile/fhe/contract.go:277.2,282.42 4 0
github.com/luxfi/precompile/fhe/contract.go:285.151,286.20 1 0
github.com/luxfi/precompile/fhe/contract.go:286.20,288.3 1 0
github.com/luxfi/precompile/fhe/contract.go:289.2,289.17 1 0
github.com/luxfi/precompile/fhe/contract.go:289.17,291.3 1 0
github.com/luxfi/precompile/fhe/contract.go:293.2,298.41 4 0
github.com/luxfi/precompile/fhe/contract.go:301.151,302.20 1 0
github.com/luxfi/precompile/fhe/contract.go:302.20,304.3 1 0
github.com/luxfi/precompile/fhe/contract.go:305.2,305.17 1 0
github.com/luxfi/precompile/fhe/contract.go:305.17,307.3 1 0
github.com/luxfi/precompile/fhe/contract.go:309.2,314.41 4 0
github.com/luxfi/precompile/fhe/contract.go:317.151,318.20 1 0
github.com/luxfi/precompile/fhe/contract.go:318.20,320.3 1 0
github.com/luxfi/precompile/fhe/contract.go:321.2,321.17 1 0
github.com/luxfi/precompile/fhe/contract.go:321.17,323.3 1 0
github.com/luxfi/precompile/fhe/contract.go:325.2,330.41 4 0
github.com/luxfi/precompile/fhe/contract.go:333.155,334.20 1 0
github.com/luxfi/precompile/fhe/contract.go:334.20,336.3 1 0
github.com/luxfi/precompile/fhe/contract.go:337.2,337.21 1 0
github.com/luxfi/precompile/fhe/contract.go:337.21,339.3 1 0
github.com/luxfi/precompile/fhe/contract.go:341.2,347.45 5 0
github.com/luxfi/precompile/fhe/contract.go:350.158,351.20 1 0
github.com/luxfi/precompile/fhe/contract.go:351.20,353.3 1 0
github.com/luxfi/precompile/fhe/contract.go:354.2,354.22 1 0
github.com/luxfi/precompile/fhe/contract.go:354.22,356.3 1 0
github.com/luxfi/precompile/fhe/contract.go:358.2,362.46 3 0
github.com/luxfi/precompile/fhe/contract.go:365.159,366.20 1 0
github.com/luxfi/precompile/fhe/contract.go:366.20,368.3 1 0
github.com/luxfi/precompile/fhe/contract.go:369.2,369.22 1 0
github.com/luxfi/precompile/fhe/contract.go:369.22,371.3 1 0
github.com/luxfi/precompile/fhe/contract.go:373.2,377.46 3 0
github.com/luxfi/precompile/fhe/contract.go:380.152,381.20 1 0
github.com/luxfi/precompile/fhe/contract.go:381.20,383.3 1 0
github.com/luxfi/precompile/fhe/contract.go:384.2,384.18 1 0
github.com/luxfi/precompile/fhe/contract.go:384.18,386.3 1 0
github.com/luxfi/precompile/fhe/contract.go:388.2,393.42 4 0
github.com/luxfi/precompile/fhe/contract.go:396.152,397.20 1 0
github.com/luxfi/precompile/fhe/contract.go:397.20,399.3 1 0
github.com/luxfi/precompile/fhe/contract.go:400.2,400.18 1 0
github.com/luxfi/precompile/fhe/contract.go:400.18,402.3 1 0
github.com/luxfi/precompile/fhe/contract.go:404.2,409.42 4 0
github.com/luxfi/precompile/fhe/contract.go:412.152,413.20 1 0
github.com/luxfi/precompile/fhe/contract.go:413.20,415.3 1 0
github.com/luxfi/precompile/fhe/contract.go:416.2,416.18 1 0
github.com/luxfi/precompile/fhe/contract.go:416.18,418.3 1 0
github.com/luxfi/precompile/fhe/contract.go:420.2,425.42 4 0
github.com/luxfi/precompile/fhe/contract.go:428.151,429.20 1 0
github.com/luxfi/precompile/fhe/contract.go:429.20,431.3 1 0
github.com/luxfi/precompile/fhe/contract.go:432.2,432.17 1 0
github.com/luxfi/precompile/fhe/contract.go:432.17,434.3 1 0
github.com/luxfi/precompile/fhe/contract.go:436.2,441.41 4 0
github.com/luxfi/precompile/fhe/contract.go:444.152,445.20 1 0
github.com/luxfi/precompile/fhe/contract.go:445.20,447.3 1 0
github.com/luxfi/precompile/fhe/contract.go:448.2,448.18 1 0
github.com/luxfi/precompile/fhe/contract.go:448.18,450.3 1 0
github.com/luxfi/precompile/fhe/contract.go:452.2,456.42 3 0
github.com/luxfi/precompile/fhe/contract.go:459.152,460.20 1 0
github.com/luxfi/precompile/fhe/contract.go:460.20,462.3 1 0
github.com/luxfi/precompile/fhe/contract.go:463.2,463.18 1 0
github.com/luxfi/precompile/fhe/contract.go:463.18,465.3 1 0
github.com/luxfi/precompile/fhe/contract.go:467.2,471.42 3 0
github.com/luxfi/precompile/fhe/contract.go:474.153,475.19 1 0
github.com/luxfi/precompile/fhe/contract.go:475.19,477.3 1 0
github.com/luxfi/precompile/fhe/contract.go:478.2,478.19 1 0
github.com/luxfi/precompile/fhe/contract.go:478.19,480.3 1 0
github.com/luxfi/precompile/fhe/contract.go:482.2,486.43 3 0
github.com/luxfi/precompile/fhe/contract.go:491.152,492.20 1 0
github.com/luxfi/precompile/fhe/contract.go:492.20,494.3 1 0
github.com/luxfi/precompile/fhe/contract.go:495.2,495.18 1 0
github.com/luxfi/precompile/fhe/contract.go:495.18,497.3 1 0
github.com/luxfi/precompile/fhe/contract.go:499.2,504.42 4 0
github.com/luxfi/precompile/fhe/contract.go:507.152,508.20 1 0
github.com/luxfi/precompile/fhe/contract.go:508.20,510.3 1 0
github.com/luxfi/precompile/fhe/contract.go:511.2,511.18 1 0
github.com/luxfi/precompile/fhe/contract.go:511.18,513.3 1 0
github.com/luxfi/precompile/fhe/contract.go:515.2,520.42 4 0
github.com/luxfi/precompile/fhe/contract.go:525.158,526.20 1 0
github.com/luxfi/precompile/fhe/contract.go:526.20,528.3 1 0
github.com/luxfi/precompile/fhe/contract.go:529.2,529.18 1 0
github.com/luxfi/precompile/fhe/contract.go:529.18,531.3 1 0
github.com/luxfi/precompile/fhe/contract.go:533.2,538.42 4 0
github.com/luxfi/precompile/fhe/contract.go:541.158,542.20 1 0
github.com/luxfi/precompile/fhe/contract.go:542.20,544.3 1 0
github.com/luxfi/precompile/fhe/contract.go:545.2,545.18 1 0
github.com/luxfi/precompile/fhe/contract.go:545.18,547.3 1 0
github.com/luxfi/precompile/fhe/contract.go:549.2,554.42 4 0
github.com/luxfi/precompile/fhe/contract.go:557.158,558.20 1 0
github.com/luxfi/precompile/fhe/contract.go:558.20,560.3 1 0
github.com/luxfi/precompile/fhe/contract.go:561.2,561.18 1 0
github.com/luxfi/precompile/fhe/contract.go:561.18,563.3 1 0
github.com/luxfi/precompile/fhe/contract.go:565.2,570.42 4 0
github.com/luxfi/precompile/fhe/contract.go:573.158,574.20 1 0
github.com/luxfi/precompile/fhe/contract.go:574.20,576.3 1 0
github.com/luxfi/precompile/fhe/contract.go:577.2,577.18 1 0
github.com/luxfi/precompile/fhe/contract.go:577.18,579.3 1 0
github.com/luxfi/precompile/fhe/contract.go:581.2,586.42 4 0
github.com/luxfi/precompile/fhe/contract.go:589.158,590.20 1 0
github.com/luxfi/precompile/fhe/contract.go:590.20,592.3 1 0
github.com/luxfi/precompile/fhe/contract.go:593.2,593.18 1 0
github.com/luxfi/precompile/fhe/contract.go:593.18,595.3 1 0
github.com/luxfi/precompile/fhe/contract.go:597.2,602.42 4 0
github.com/luxfi/precompile/fhe/contract.go:607.151,608.20 1 0
github.com/luxfi/precompile/fhe/contract.go:608.20,610.3 1 0
github.com/luxfi/precompile/fhe/contract.go:611.2,611.17 1 0
github.com/luxfi/precompile/fhe/contract.go:611.17,613.3 1 0
github.com/luxfi/precompile/fhe/contract.go:615.2,620.41 4 0
github.com/luxfi/precompile/fhe/contract.go:623.151,624.20 1 0
github.com/luxfi/precompile/fhe/contract.go:624.20,626.3 1 0
github.com/luxfi/precompile/fhe/contract.go:627.2,627.17 1 0
github.com/luxfi/precompile/fhe/contract.go:627.17,629.3 1 0
github.com/luxfi/precompile/fhe/contract.go:631.2,636.41 4 0
github.com/luxfi/precompile/fhe/contract.go:639.151,640.20 1 0
github.com/luxfi/precompile/fhe/contract.go:640.20,642.3 1 0
github.com/luxfi/precompile/fhe/contract.go:643.2,643.17 1 0
github.com/luxfi/precompile/fhe/contract.go:643.17,645.3 1 0
github.com/luxfi/precompile/fhe/contract.go:647.2,652.41 4 0
github.com/luxfi/precompile/fhe/contract.go:657.152,658.20 1 0
github.com/luxfi/precompile/fhe/contract.go:658.20,660.3 1 0
github.com/luxfi/precompile/fhe/contract.go:661.2,661.18 1 0
github.com/luxfi/precompile/fhe/contract.go:661.18,663.3 1 0
github.com/luxfi/precompile/fhe/contract.go:665.2,670.42 4 0
github.com/luxfi/precompile/fhe/contract.go:675.152,676.20 1 0
github.com/luxfi/precompile/fhe/contract.go:676.20,678.3 1 0
github.com/luxfi/precompile/fhe/contract.go:679.2,679.18 1 0
github.com/luxfi/precompile/fhe/contract.go:679.18,681.3 1 0
github.com/luxfi/precompile/fhe/contract.go:683.2,688.42 4 0
github.com/luxfi/precompile/fhe/contract.go:691.152,692.20 1 0
github.com/luxfi/precompile/fhe/contract.go:692.20,694.3 1 0
github.com/luxfi/precompile/fhe/contract.go:695.2,695.18 1 0
github.com/luxfi/precompile/fhe/contract.go:695.18,697.3 1 0
github.com/luxfi/precompile/fhe/contract.go:699.2,704.42 4 0
github.com/luxfi/precompile/fhe/contract.go:707.153,708.20 1 0
github.com/luxfi/precompile/fhe/contract.go:708.20,710.3 1 0
github.com/luxfi/precompile/fhe/contract.go:711.2,711.19 1 0
github.com/luxfi/precompile/fhe/contract.go:711.19,713.3 1 0
github.com/luxfi/precompile/fhe/contract.go:715.2,720.43 4 0
github.com/luxfi/precompile/fhe/contract.go:723.153,724.20 1 0
github.com/luxfi/precompile/fhe/contract.go:724.20,726.3 1 0
github.com/luxfi/precompile/fhe/contract.go:727.2,727.19 1 0
github.com/luxfi/precompile/fhe/contract.go:727.19,729.3 1 0
github.com/luxfi/precompile/fhe/contract.go:731.2,736.43 4 0
github.com/luxfi/precompile/fhe/contract.go:741.153,742.20 1 0
github.com/luxfi/precompile/fhe/contract.go:742.20,744.3 1 0
github.com/luxfi/precompile/fhe/contract.go:745.2,745.19 1 0
github.com/luxfi/precompile/fhe/contract.go:745.19,747.3 1 0
github.com/luxfi/precompile/fhe/contract.go:749.2,754.43 4 0
github.com/luxfi/precompile/fhe/contract.go:757.156,758.20 1 0
github.com/luxfi/precompile/fhe/contract.go:758.20,760.3 1 0
github.com/luxfi/precompile/fhe/contract.go:761.2,761.22 1 0
github.com/luxfi/precompile/fhe/contract.go:761.22,763.3 1 0
github.com/luxfi/precompile/fhe/contract.go:765.2,767.23 3 0
github.com/luxfi/precompile/fhe/contract.go:767.23,769.3 1 0
github.com/luxfi/precompile/fhe/contract.go:771.2,773.46 2 0
github.com/luxfi/precompile/fhe/contract.go:776.157,777.20 1 0
github.com/luxfi/precompile/fhe/contract.go:777.20,779.3 1 0
github.com/luxfi/precompile/fhe/contract.go:780.2,780.22 1 0
github.com/luxfi/precompile/fhe/contract.go:780.22,782.3 1 0
github.com/luxfi/precompile/fhe/contract.go:784.2,788.46 3 0
github.com/luxfi/precompile/fhe/contract.go:791.157,792.20 1 0
github.com/luxfi/precompile/fhe/contract.go:792.20,794.3 1 0
github.com/luxfi/precompile/fhe/contract.go:795.2,795.22 1 0
github.com/luxfi/precompile/fhe/contract.go:795.22,797.3 1 0
github.com/luxfi/precompile/fhe/contract.go:799.2,803.46 3 0
github.com/luxfi/precompile/fhe/contract.go:806.158,807.20 1 0
github.com/luxfi/precompile/fhe/contract.go:807.20,809.3 1 0
github.com/luxfi/precompile/fhe/contract.go:810.2,810.22 1 0
github.com/luxfi/precompile/fhe/contract.go:810.22,812.3 1 0
github.com/luxfi/precompile/fhe/contract.go:814.2,818.46 3 0
github.com/luxfi/precompile/fhe/contract.go:821.158,822.20 1 0
github.com/luxfi/precompile/fhe/contract.go:822.20,824.3 1 0
github.com/luxfi/precompile/fhe/contract.go:825.2,825.22 1 0
github.com/luxfi/precompile/fhe/contract.go:825.22,827.3 1 0
github.com/luxfi/precompile/fhe/contract.go:829.2,833.46 3 0
github.com/luxfi/precompile/fhe/contract.go:836.159,837.20 1 0
github.com/luxfi/precompile/fhe/contract.go:837.20,839.3 1 0
github.com/luxfi/precompile/fhe/contract.go:840.2,840.22 1 0
github.com/luxfi/precompile/fhe/contract.go:840.22,842.3 1 0
github.com/luxfi/precompile/fhe/contract.go:844.2,848.46 3 0
github.com/luxfi/precompile/fhe/contract.go:851.159,852.20 1 0
github.com/luxfi/precompile/fhe/contract.go:852.20,854.3 1 0
github.com/luxfi/precompile/fhe/contract.go:855.2,855.22 1 0
github.com/luxfi/precompile/fhe/contract.go:855.22,857.3 1 0
github.com/luxfi/precompile/fhe/contract.go:859.2,863.46 3 0
github.com/luxfi/precompile/fhe/contract.go:868.156,869.20 1 0
github.com/luxfi/precompile/fhe/contract.go:869.20,871.3 1 0
github.com/luxfi/precompile/fhe/contract.go:872.2,872.29 1 0
github.com/luxfi/precompile/fhe/contract.go:872.29,874.3 1 0
github.com/luxfi/precompile/fhe/contract.go:876.2,880.53 3 0
github.com/luxfi/precompile/fhe/contract.go:883.155,884.20 1 0
github.com/luxfi/precompile/fhe/contract.go:884.20,886.3 1 0
github.com/luxfi/precompile/fhe/contract.go:887.2,887.22 1 0
github.com/luxfi/precompile/fhe/contract.go:887.22,889.3 1 0
github.com/luxfi/precompile/fhe/contract.go:891.2,896.46 4 0
github.com/luxfi/precompile/fhe/contract.go:899.159,900.20 1 0
github.com/luxfi/precompile/fhe/contract.go:900.20,902.3 1 0
github.com/luxfi/precompile/fhe/contract.go:903.2,903.22 1 0
github.com/luxfi/precompile/fhe/contract.go:903.22,905.3 1 0
github.com/luxfi/precompile/fhe/contract.go:907.2,912.38 4 0
github.com/luxfi/precompile/fhe/contract.go:920.59,925.2 4 1
github.com/luxfi/precompile/fhe/contract.go:928.60,930.9 2 1
github.com/luxfi/precompile/fhe/contract.go:930.9,932.3 1 0
github.com/luxfi/precompile/fhe/contract.go:933.2,933.40 1 1
github.com/luxfi/precompile/fhe/contract.go:938.102,940.9 2 1
github.com/luxfi/precompile/fhe/contract.go:940.9,942.3 1 0
github.com/luxfi/precompile/fhe/contract.go:943.2,944.9 2 1
github.com/luxfi/precompile/fhe/contract.go:944.9,946.3 1 0
github.com/luxfi/precompile/fhe/contract.go:949.2,949.53 1 1
github.com/luxfi/precompile/fhe/contract.go:949.53,951.87 2 0
github.com/luxfi/precompile/fhe/contract.go:951.87,953.4 1 0
github.com/luxfi/precompile/fhe/contract.go:954.3,954.45 1 0
github.com/luxfi/precompile/fhe/contract.go:958.2,959.12 2 1
github.com/luxfi/precompile/fhe/contract.go:960.13,961.38 1 1
github.com/luxfi/precompile/fhe/contract.go:962.13,963.38 1 0
github.com/luxfi/precompile/fhe/contract.go:964.13,965.38 1 0
github.com/luxfi/precompile/fhe/contract.go:966.12,967.37 1 0
github.com/luxfi/precompile/fhe/contract.go:968.12,969.37 1 0
github.com/luxfi/precompile/fhe/contract.go:970.12,971.37 1 0
github.com/luxfi/precompile/fhe/contract.go:972.12,973.37 1 0
github.com/luxfi/precompile/fhe/contract.go:974.12,975.37 1 0
github.com/luxfi/precompile/fhe/contract.go:976.12,977.37 1 0
github.com/luxfi/precompile/fhe/contract.go:978.13,979.38 1 0
github.com/luxfi/precompile/fhe/contract.go:980.12,981.37 1 0
github.com/luxfi/precompile/fhe/contract.go:982.13,983.38 1 0
github.com/luxfi/precompile/fhe/contract.go:984.13,985.38 1 0
github.com/luxfi/precompile/fhe/contract.go:986.13,987.38 1 0
github.com/luxfi/precompile/fhe/contract.go:988.10,989.23 1 0
github.com/luxfi/precompile/fhe/contract.go:992.2,992.19 1 1
github.com/luxfi/precompile/fhe/contract.go:992.19,994.3 1 0
github.com/luxfi/precompile/fhe/contract.go:997.2,998.86 2 1
github.com/luxfi/precompile/fhe/contract.go:998.86,1000.3 1 0
github.com/luxfi/precompile/fhe/contract.go:1002.2,1002.44 1 1
github.com/luxfi/precompile/fhe/contract.go:1007.50,1011.24 1 1
github.com/luxfi/precompile/fhe/contract.go:1011.24,1013.3 1 1
github.com/luxfi/precompile/fhe/contract.go:1016.2,1029.12 6 0
github.com/luxfi/precompile/fhe/contract.go:1030.13,1031.47 1 0
github.com/luxfi/precompile/fhe/contract.go:1032.13,1033.47 1 0
github.com/luxfi/precompile/fhe/contract.go:1034.13,1036.57 2 0
github.com/luxfi/precompile/fhe/contract.go:1037.10,1038.13 1 0
github.com/luxfi/precompile/fhe/contract.go:1041.2,1041.33 1 0
github.com/luxfi/precompile/fhe/contract.go:1041.33,1043.3 1 0
github.com/luxfi/precompile/fhe/contract.go:1045.2,1045.35 1 0
github.com/luxfi/precompile/fhe/contract.go:1049.39,1051.12 2 0
github.com/luxfi/precompile/fhe/contract.go:1051.12,1053.3 1 0
github.com/luxfi/precompile/fhe/contract.go:1054.2,1055.19 2 0
github.com/luxfi/precompile/fhe/contract.go:1055.19,1056.44 1 0
github.com/luxfi/precompile/fhe/contract.go:1056.44,1058.4 1 0
github.com/luxfi/precompile/fhe/contract.go:1060.2,1060.12 1 0
github.com/luxfi/precompile/fhe/contract.go:1064.39,1066.22 2 0
github.com/luxfi/precompile/fhe/contract.go:1066.22,1067.20 1 0
github.com/luxfi/precompile/fhe/contract.go:1067.20,1069.4 1 0
github.com/luxfi/precompile/fhe/contract.go:1071.2,1071.12 1 0
github.com/luxfi/precompile/fhe/contract.go:1075.98,1077.9 2 0
github.com/luxfi/precompile/fhe/contract.go:1077.9,1079.3 1 0
github.com/luxfi/precompile/fhe/contract.go:1080.2,1081.9 2 0
github.com/luxfi/precompile/fhe/contract.go:1081.9,1083.3 1 0
github.com/luxfi/precompile/fhe/contract.go:1084.2,1085.9 2 0
github.com/luxfi/precompile/fhe/contract.go:1085.9,1087.3 1 0
github.com/luxfi/precompile/fhe/contract.go:1089.2,1090.19 2 0
github.com/luxfi/precompile/fhe/contract.go:1090.19,1092.3 1 0
github.com/luxfi/precompile/fhe/contract.go:1094.2,1094.42 1 0
github.com/luxfi/precompile/fhe/contract.go:1098.97,1100.9 2 0
github.com/luxfi/precompile/fhe/contract.go:1100.9,1102.3 1 0
github.com/luxfi/precompile/fhe/contract.go:1104.2,1105.12 2 0
github.com/luxfi/precompile/fhe/contract.go:1106.13,1107.31 1 0
github.com/luxfi/precompile/fhe/contract.go:1108.13,1109.31 1 0
github.com/luxfi/precompile/fhe/contract.go:1110.10,1111.23 1 0
github.com/luxfi/precompile/fhe/contract.go:1114.2,1114.19 1 0
github.com/luxfi/precompile/fhe/contract.go:1114.19,1116.3 1 0
github.com/luxfi/precompile/fhe/contract.go:1118.2,1118.40 1 0
github.com/luxfi/precompile/fhe/contract.go:1122.82,1124.15 2 1
github.com/luxfi/precompile/fhe/contract.go:1124.15,1126.3 1 0
github.com/luxfi/precompile/fhe/contract.go:1127.2,1127.36 1 1
github.com/luxfi/precompile/fhe/contract.go:1131.77,1135.15 3 1
github.com/luxfi/precompile/fhe/contract.go:1135.15,1137.3 1 0
github.com/luxfi/precompile/fhe/contract.go:1138.2,1138.42 1 1
github.com/luxfi/precompile/fhe/contract.go:1142.79,1146.15 3 0
github.com/luxfi/precompile/fhe/contract.go:1146.15,1148.3 1 0
github.com/luxfi/precompile/fhe/contract.go:1149.2,1149.36 1 0
github.com/luxfi/precompile/fhe/contract.go:1153.115,1155.9 2 0
github.com/luxfi/precompile/fhe/contract.go:1155.9,1157.3 1 0
github.com/luxfi/precompile/fhe/contract.go:1159.2,1160.12 2 0
github.com/luxfi/precompile/fhe/contract.go:1161.19,1162.54 1 0
github.com/luxfi/precompile/fhe/contract.go:1163.19,1164.54 1 0
github.com/luxfi/precompile/fhe/contract.go:1165.19,1166.54 1 0
github.com/luxfi/precompile/fhe/contract.go:1167.19,1168.54 1 0
github.com/luxfi/precompile/fhe/contract.go:1169.19,1170.54 1 0
github.com/luxfi/precompile/fhe/contract.go:1171.10,1172.23 1 0
github.com/luxfi/precompile/fhe/contract.go:1175.2,1175.19 1 0
github.com/luxfi/precompile/fhe/contract.go:1175.19,1177.3 1 0
github.com/luxfi/precompile/fhe/contract.go:1179.2,1179.40 1 0
github.com/luxfi/precompile/fhe/contract.go:1183.108,1185.9 2 0
github.com/luxfi/precompile/fhe/contract.go:1185.9,1187.3 1 0
github.com/luxfi/precompile/fhe/contract.go:1189.2,1190.12 2 0
github.com/luxfi/precompile/fhe/contract.go:1191.13,1192.38 1 0
github.com/luxfi/precompile/fhe/contract.go:1193.13,1194.38 1 0
github.com/luxfi/precompile/fhe/contract.go:1195.14,1196.39 1 0
github.com/luxfi/precompile/fhe/contract.go:1197.14,1198.39 1 0
github.com/luxfi/precompile/fhe/contract.go:1199.10,1200.23 1 0
github.com/luxfi/precompile/fhe/contract.go:1203.2,1203.19 1 0
github.com/luxfi/precompile/fhe/contract.go:1203.19,1205.3 1 0
github.com/luxfi/precompile/fhe/contract.go:1207.2,1207.40 1 0
github.com/luxfi/precompile/fhe/contract.go:1211.90,1213.9 2 0
github.com/luxfi/precompile/fhe/contract.go:1213.9,1215.3 1 0
github.com/luxfi/precompile/fhe/contract.go:1217.2,1218.19 2 0
github.com/luxfi/precompile/fhe/contract.go:1218.19,1220.3 1 0
github.com/luxfi/precompile/fhe/contract.go:1222.2,1222.40 1 0
github.com/luxfi/precompile/fhe/contract.go:1226.90,1228.15 2 0
github.com/luxfi/precompile/fhe/contract.go:1228.15,1230.3 1 0
github.com/luxfi/precompile/fhe/contract.go:1231.2,1231.36 1 0
github.com/luxfi/precompile/fhe/contract.go:1235.76,1237.9 2 0
github.com/luxfi/precompile/fhe/contract.go:1237.9,1239.3 1 0
github.com/luxfi/precompile/fhe/contract.go:1241.2,1241.32 1 0
github.com/luxfi/precompile/fhe/contract.go:1245.92,1246.38 1 0
github.com/luxfi/precompile/fhe/contract.go:1246.38,1248.3 1 0
github.com/luxfi/precompile/fhe/contract.go:1249.2,1249.45 1 0
github.com/luxfi/precompile/fhe/contract.go:1253.95,1255.9 2 0
github.com/luxfi/precompile/fhe/contract.go:1255.9,1257.3 1 0
github.com/luxfi/precompile/fhe/contract.go:1258.2,1258.46 1 0
github.com/luxfi/precompile/fhe/fhe_ops.go:30.23,31.21 1 1
github.com/luxfi/precompile/fhe/fhe_ops.go:31.21,36.17 3 1
github.com/luxfi/precompile/fhe/fhe_ops.go:36.17,39.4 2 0
github.com/luxfi/precompile/fhe/fhe_ops.go:42.3,49.62 6 1
github.com/luxfi/precompile/fhe/fhe_ops.go:52.2,52.16 1 1
github.com/luxfi/precompile/fhe/fhe_ops.go:56.55,57.17 1 1
github.com/luxfi/precompile/fhe/fhe_ops.go:58.17,59.21 1 1
github.com/luxfi/precompile/fhe/fhe_ops.go:60.18,61.22 1 1
github.com/luxfi/precompile/fhe/fhe_ops.go:62.19,63.23 1 1
github.com/luxfi/precompile/fhe/fhe_ops.go:64.19,65.23 1 1
github.com/luxfi/precompile/fhe/fhe_ops.go:66.19,67.23 1 1
github.com/luxfi/precompile/fhe/fhe_ops.go:68.20,69.24 1 1
github.com/luxfi/precompile/fhe/fhe_ops.go:70.20,71.24 1 1
github.com/luxfi/precompile/fhe/fhe_ops.go:72.20,73.24 1 1
github.com/luxfi/precompile/fhe/fhe_ops.go:74.10,75.23 1 0
github.com/luxfi/precompile/fhe/fhe_ops.go:80.59,81.15 1 1
github.com/luxfi/precompile/fhe/fhe_ops.go:81.15,83.3 1 0
github.com/luxfi/precompile/fhe/fhe_ops.go:84.2,85.16 2 1
github.com/luxfi/precompile/fhe/fhe_ops.go:85.16,87.3 1 0
github.com/luxfi/precompile/fhe/fhe_ops.go:88.2,88.13 1 1
github.com/luxfi/precompile/fhe/fhe_ops.go:92.63,93.20 1 1
github.com/luxfi/precompile/fhe/fhe_ops.go:93.20,95.3 1 0
github.com/luxfi/precompile/fhe/fhe_ops.go:96.2,97.49 2 1
github.com/luxfi/precompile/fhe/fhe_ops.go:97.49,99.3 1 1
github.com/luxfi/precompile/fhe/fhe_ops.go:100.2,100.11 1 1
github.com/luxfi/precompile/fhe/fhe_ops.go:104.53,105.15 1 0
github.com/luxfi/precompile/fhe/fhe_ops.go:105.15,107.3 1 0
github.com/luxfi/precompile/fhe/fhe_ops.go:108.2,109.16 2 0
github.com/luxfi/precompile/fhe/fhe_ops.go:109.16,111.3 1 0
github.com/luxfi/precompile/fhe/fhe_ops.go:112.2,112.13 1 0
github.com/luxfi/precompile/fhe/fhe_ops.go:116.57,117.20 1 0
github.com/luxfi/precompile/fhe/fhe_ops.go:117.20,119.3 1 0
github.com/luxfi/precompile/fhe/fhe_ops.go:120.2,121.49 2 0
github.com/luxfi/precompile/fhe/fhe_ops.go:121.49,123.3 1 0
github.com/luxfi/precompile/fhe/fhe_ops.go:124.2,124.11 1 0
github.com/luxfi/precompile/fhe/fhe_ops.go:129.53,130.35 1 1
github.com/luxfi/precompile/fhe/fhe_ops.go:130.35,132.3 1 0
github.com/luxfi/precompile/fhe/fhe_ops.go:134.2,136.34 3 1
github.com/luxfi/precompile/fhe/fhe_ops.go:136.34,138.3 1 0
github.com/luxfi/precompile/fhe/fhe_ops.go:140.2,141.16 2 1
github.com/luxfi/precompile/fhe/fhe_ops.go:141.16,143.3 1 0
github.com/luxfi/precompile/fhe/fhe_ops.go:145.2,145.39 1 1
github.com/luxfi/precompile/fhe/fhe_ops.go:148.53,149.35 1 1
github.com/luxfi/precompile/fhe/fhe_ops.go:149.35,151.3 1 0
github.com/luxfi/precompile/fhe/fhe_ops.go:153.2,155.34 3 1
github.com/luxfi/precompile/fhe/fhe_ops.go:155.34,157.3 1 0
github.com/luxfi/precompile/fhe/fhe_ops.go:159.2,160.16 2 1
github.com/luxfi/precompile/fhe/fhe_ops.go:160.16,162.3 1 0
github.com/luxfi/precompile/fhe/fhe_ops.go:164.2,164.39 1 1
github.com/luxfi/precompile/fhe/fhe_ops.go:167.53,168.35 1 1
github.com/luxfi/precompile/fhe/fhe_ops.go:168.35,170.3 1 0
github.com/luxfi/precompile/fhe/fhe_ops.go:172.2,174.34 3 1
github.com/luxfi/precompile/fhe/fhe_ops.go:174.34,176.3 1 0
github.com/luxfi/precompile/fhe/fhe_ops.go:180.2,181.16 2 1
github.com/luxfi/precompile/fhe/fhe_ops.go:181.16,183.3 1 0
github.com/luxfi/precompile/fhe/fhe_ops.go:185.2,185.39 1 1
github.com/luxfi/precompile/fhe/fhe_ops.go:188.53,189.35 1 0
github.com/luxfi/precompile/fhe/fhe_ops.go:189.35,191.3 1 0
github.com/luxfi/precompile/fhe/fhe_ops.go:193.2,195.34 3 0
github.com/luxfi/precompile/fhe/fhe_ops.go:195.34,197.3 1 0
github.com/luxfi/precompile/fhe/fhe_ops.go:200.2,201.16 2 0
github.com/luxfi/precompile/fhe/fhe_ops.go:201.16,203.3 1 0
github.com/luxfi/precompile/fhe/fhe_ops.go:205.2,205.39 1 0
github.com/luxfi/precompile/fhe/fhe_ops.go:208.53,209.35 1 0
github.com/luxfi/precompile/fhe/fhe_ops.go:209.35,211.3 1 0
github.com/luxfi/precompile/fhe/fhe_ops.go:213.2,215.34 3 0
github.com/luxfi/precompile/fhe/fhe_ops.go:215.34,217.3 1 0
github.com/luxfi/precompile/fhe/fhe_ops.go:220.2,221.16 2 0
github.com/luxfi/precompile/fhe/fhe_ops.go:221.16,223.3 1 0
github.com/luxfi/precompile/fhe/fhe_ops.go:225.2,225.39 1 0
github.com/luxfi/precompile/fhe/fhe_ops.go:231.52,232.35 1 1
github.com/luxfi/precompile/fhe/fhe_ops.go:232.35,234.3 1 0
github.com/luxfi/precompile/fhe/fhe_ops.go:236.2,238.34 3 1
github.com/luxfi/precompile/fhe/fhe_ops.go:238.34,240.3 1 0
github.com/luxfi/precompile/fhe/fhe_ops.go:242.2,243.16 2 1
github.com/luxfi/precompile/fhe/fhe_ops.go:243.16,245.3 1 0
github.com/luxfi/precompile/fhe/fhe_ops.go:248.2,249.39 2 1
github.com/luxfi/precompile/fhe/fhe_ops.go:252.52,253.35 1 1
github.com/luxfi/precompile/fhe/fhe_ops.go:253.35,255.3 1 0
github.com/luxfi/precompile/fhe/fhe_ops.go:257.2,259.34 3 1
github.com/luxfi/precompile/fhe/fhe_ops.go:259.34,261.3 1 0
github.com/luxfi/precompile/fhe/fhe_ops.go:263.2,264.16 2 1
github.com/luxfi/precompile/fhe/fhe_ops.go:264.16,266.3 1 0
github.com/luxfi/precompile/fhe/fhe_ops.go:268.2,269.39 2 1
github.com/luxfi/precompile/fhe/fhe_ops.go:272.52,273.35 1 1
github.com/luxfi/precompile/fhe/fhe_ops.go:273.35,275.3 1 0
github.com/luxfi/precompile/fhe/fhe_ops.go:277.2,279.34 3 1
github.com/luxfi/precompile/fhe/fhe_ops.go:279.34,281.3 1 0
github.com/luxfi/precompile/fhe/fhe_ops.go:283.2,284.16 2 1
github.com/luxfi/precompile/fhe/fhe_ops.go:284.16,286.3 1 0
github.com/luxfi/precompile/fhe/fhe_ops.go:288.2,289.39 2 1
github.com/luxfi/precompile/fhe/fhe_ops.go:292.52,293.35 1 1
github.com/luxfi/precompile/fhe/fhe_ops.go:293.35,295.3 1 0
github.com/luxfi/precompile/fhe/fhe_ops.go:297.2,299.34 3 1
github.com/luxfi/precompile/fhe/fhe_ops.go:299.34,301.3 1 0
github.com/luxfi/precompile/fhe/fhe_ops.go:303.2,304.16 2 1
github.com/luxfi/precompile/fhe/fhe_ops.go:304.16,306.3 1 0
github.com/luxfi/precompile/fhe/fhe_ops.go:308.2,309.39 2 1
github.com/luxfi/precompile/fhe/fhe_ops.go:312.52,313.35 1 1
github.com/luxfi/precompile/fhe/fhe_ops.go:313.35,315.3 1 0
github.com/luxfi/precompile/fhe/fhe_ops.go:317.2,319.34 3 1
github.com/luxfi/precompile/fhe/fhe_ops.go:319.34,321.3 1 0
github.com/luxfi/precompile/fhe/fhe_ops.go:323.2,324.16 2 1
github.com/luxfi/precompile/fhe/fhe_ops.go:324.16,326.3 1 0
github.com/luxfi/precompile/fhe/fhe_ops.go:328.2,329.39 2 1
github.com/luxfi/precompile/fhe/fhe_ops.go:332.52,333.35 1 0
github.com/luxfi/precompile/fhe/fhe_ops.go:333.35,335.3 1 0
github.com/luxfi/precompile/fhe/fhe_ops.go:337.2,339.34 3 0
github.com/luxfi/precompile/fhe/fhe_ops.go:339.34,341.3 1 0
github.com/luxfi/precompile/fhe/fhe_ops.go:344.2,345.16 2 0
github.com/luxfi/precompile/fhe/fhe_ops.go:345.16,347.3 1 0
github.com/luxfi/precompile/fhe/fhe_ops.go:348.2,349.16 2 0
github.com/luxfi/precompile/fhe/fhe_ops.go:349.16,351.3 1 0
github.com/luxfi/precompile/fhe/fhe_ops.go:354.2,358.16 4 0
github.com/luxfi/precompile/fhe/fhe_ops.go:358.16,360.3 1 0
github.com/luxfi/precompile/fhe/fhe_ops.go:363.2,363.41 1 0
github.com/luxfi/precompile/fhe/fhe_ops.go:368.53,369.35 1 1
github.com/luxfi/precompile/fhe/fhe_ops.go:369.35,371.3 1 0
github.com/luxfi/precompile/fhe/fhe_ops.go:373.2,375.34 3 1
github.com/luxfi/precompile/fhe/fhe_ops.go:375.34,377.3 1 0
github.com/luxfi/precompile/fhe/fhe_ops.go:379.2,380.16 2 1
github.com/luxfi/precompile/fhe/fhe_ops.go:380.16,382.3 1 0
github.com/luxfi/precompile/fhe/fhe_ops.go:384.2,384.39 1 1
github.com/luxfi/precompile/fhe/fhe_ops.go:387.52,388.35 1 1
github.com/luxfi/precompile/fhe/fhe_ops.go:388.35,390.3 1 0
github.com/luxfi/precompile/fhe/fhe_ops.go:392.2,394.34 3 1
github.com/luxfi/precompile/fhe/fhe_ops.go:394.34,396.3 1 0
github.com/luxfi/precompile/fhe/fhe_ops.go:398.2,399.16 2 1
github.com/luxfi/precompile/fhe/fhe_ops.go:399.16,401.3 1 0
github.com/luxfi/precompile/fhe/fhe_ops.go:403.2,403.39 1 1
github.com/luxfi/precompile/fhe/fhe_ops.go:406.53,407.35 1 1
github.com/luxfi/precompile/fhe/fhe_ops.go:407.35,409.3 1 0
github.com/luxfi/precompile/fhe/fhe_ops.go:411.2,413.34 3 1
github.com/luxfi/precompile/fhe/fhe_ops.go:413.34,415.3 1 0
github.com/luxfi/precompile/fhe/fhe_ops.go:417.2,418.16 2 1
github.com/luxfi/precompile/fhe/fhe_ops.go:418.16,420.3 1 0
github.com/luxfi/precompile/fhe/fhe_ops.go:422.2,422.39 1 1
github.com/luxfi/precompile/fhe/fhe_ops.go:425.47,426.35 1 1
github.com/luxfi/precompile/fhe/fhe_ops.go:426.35,428.3 1 0
github.com/luxfi/precompile/fhe/fhe_ops.go:430.2,431.17 2 1
github.com/luxfi/precompile/fhe/fhe_ops.go:431.17,433.3 1 0
github.com/luxfi/precompile/fhe/fhe_ops.go:436.2,437.39 2 1
github.com/luxfi/precompile/fhe/fhe_ops.go:440.47,441.35 1 0
github.com/luxfi/precompile/fhe/fhe_ops.go:441.35,443.3 1 0
github.com/luxfi/precompile/fhe/fhe_ops.go:445.2,446.17 2 0
github.com/luxfi/precompile/fhe/fhe_ops.go:446.17,448.3 1 0
github.com/luxfi/precompile/fhe/fhe_ops.go:451.2,452.16 2 0
github.com/luxfi/precompile/fhe/fhe_ops.go:452.16,454.3 1 0
github.com/luxfi/precompile/fhe/fhe_ops.go:456.2,456.39 1 0
github.com/luxfi/precompile/fhe/fhe_ops.go:461.72,462.35 1 0
github.com/luxfi/precompile/fhe/fhe_ops.go:462.35,464.3 1 0
github.com/luxfi/precompile/fhe/fhe_ops.go:467.2,470.57 4 0
github.com/luxfi/precompile/fhe/fhe_ops.go:470.57,472.3 1 0
github.com/luxfi/precompile/fhe/fhe_ops.go:475.2,476.16 2 0
github.com/luxfi/precompile/fhe/fhe_ops.go:476.16,478.3 1 0
github.com/luxfi/precompile/fhe/fhe_ops.go:480.2,480.39 1 0
github.com/luxfi/precompile/fhe/fhe_ops.go:483.57,484.35 1 1
github.com/luxfi/precompile/fhe/fhe_ops.go:484.35,486.3 1 0
github.com/luxfi/precompile/fhe/fhe_ops.go:488.2,489.17 2 1
github.com/luxfi/precompile/fhe/fhe_ops.go:489.17,491.3 1 0
github.com/luxfi/precompile/fhe/fhe_ops.go:493.2,497.39 3 1
github.com/luxfi/precompile/fhe/fhe_ops.go:502.53,503.35 1 1
github.com/luxfi/precompile/fhe/fhe_ops.go:503.35,505.3 1 0
github.com/luxfi/precompile/fhe/fhe_ops.go:507.2,509.34 3 1
github.com/luxfi/precompile/fhe/fhe_ops.go:509.34,511.3 1 0
github.com/luxfi/precompile/fhe/fhe_ops.go:514.2,515.16 2 1
github.com/luxfi/precompile/fhe/fhe_ops.go:515.16,517.3 1 0
github.com/luxfi/precompile/fhe/fhe_ops.go:519.2,520.16 2 1
github.com/luxfi/precompile/fhe/fhe_ops.go:520.16,522.3 1 0
github.com/luxfi/precompile/fhe/fhe_ops.go:524.2,524.39 1 1
github.com/luxfi/precompile/fhe/fhe_ops.go:527.53,528.35 1 1
github.com/luxfi/precompile/fhe/fhe_ops.go:528.35,530.3 1 0
github.com/luxfi/precompile/fhe/fhe_ops.go:532.2,534.34 3 1
github.com/luxfi/precompile/fhe/fhe_ops.go:534.34,536.3 1 0
github.com/luxfi/precompile/fhe/fhe_ops.go:539.2,540.16 2 1
github.com/luxfi/precompile/fhe/fhe_ops.go:540.16,542.3 1 0
github.com/luxfi/precompile/fhe/fhe_ops.go:544.2,545.16 2 1
github.com/luxfi/precompile/fhe/fhe_ops.go:545.16,547.3 1 0
github.com/luxfi/precompile/fhe/fhe_ops.go:549.2,549.39 1 1
github.com/luxfi/precompile/fhe/fhe_ops.go:554.48,557.2 1 1
github.com/luxfi/precompile/fhe/fhe_ops.go:559.53,560.35 1 1
github.com/luxfi/precompile/fhe/fhe_ops.go:560.35,562.3 1 0
github.com/luxfi/precompile/fhe/fhe_ops.go:564.2,565.17 2 1
github.com/luxfi/precompile/fhe/fhe_ops.go:565.17,567.3 1 0
github.com/luxfi/precompile/fhe/fhe_ops.go:569.2,570.42 2 1
github.com/luxfi/precompile/fhe/fhe_ops.go:573.66,574.35 1 1
github.com/luxfi/precompile/fhe/fhe_ops.go:574.35,576.3 1 0
github.com/luxfi/precompile/fhe/fhe_ops.go:578.2,582.35 3 1
github.com/luxfi/precompile/fhe/fhe_ops.go:585.58,595.2 6 0
github.com/luxfi/precompile/fhe/fhe_ops.go:597.52,598.35 1 1
github.com/luxfi/precompile/fhe/fhe_ops.go:598.35,600.3 1 0
github.com/luxfi/precompile/fhe/fhe_ops.go:603.2,612.35 6 1
github.com/luxfi/precompile/fhe/fhe_ops.go:615.39,616.35 1 1
github.com/luxfi/precompile/fhe/fhe_ops.go:616.35,618.3 1 0
github.com/luxfi/precompile/fhe/fhe_ops.go:620.2,620.22 1 1
github.com/luxfi/precompile/fhe/fhe_ops.go:620.22,622.3 1 0
github.com/luxfi/precompile/fhe/fhe_ops.go:624.2,625.16 2 1
github.com/luxfi/precompile/fhe/fhe_ops.go:625.16,630.3 3 0
github.com/luxfi/precompile/fhe/fhe_ops.go:632.2,632.13 1 1
github.com/luxfi/precompile/fhe/fhe_ops.go:637.58,638.35 1 1
github.com/luxfi/precompile/fhe/fhe_ops.go:638.35,640.3 1 0
github.com/luxfi/precompile/fhe/fhe_ops.go:642.2,643.17 2 1
github.com/luxfi/precompile/fhe/fhe_ops.go:643.17,645.3 1 0
github.com/luxfi/precompile/fhe/fhe_ops.go:648.2,649.39 2 1
github.com/luxfi/precompile/fhe/fhe_ops.go:652.58,653.35 1 1
github.com/luxfi/precompile/fhe/fhe_ops.go:653.35,655.3 1 0
github.com/luxfi/precompile/fhe/fhe_ops.go:657.2,658.17 2 1
github.com/luxfi/precompile/fhe/fhe_ops.go:658.17,660.3 1 0
github.com/luxfi/precompile/fhe/fhe_ops.go:663.2,664.39 2 1
github.com/luxfi/precompile/fhe/fhe_ops.go:667.59,668.35 1 0
github.com/luxfi/precompile/fhe/fhe_ops.go:668.35,670.3 1 0
github.com/luxfi/precompile/fhe/fhe_ops.go:672.2,673.17 2 0
github.com/luxfi/precompile/fhe/fhe_ops.go:673.17,675.3 1 0
github.com/luxfi/precompile/fhe/fhe_ops.go:678.2,685.16 6 0
github.com/luxfi/precompile/fhe/fhe_ops.go:685.16,687.3 1 0
github.com/luxfi/precompile/fhe/fhe_ops.go:689.2,689.39 1 0
github.com/luxfi/precompile/fhe/fhe_ops.go:692.59,693.35 1 0
github.com/luxfi/precompile/fhe/fhe_ops.go:693.35,695.3 1 0
github.com/luxfi/precompile/fhe/fhe_ops.go:697.2,698.17 2 0
github.com/luxfi/precompile/fhe/fhe_ops.go:698.17,700.3 1 0
github.com/luxfi/precompile/fhe/fhe_ops.go:703.2,710.16 6 0
github.com/luxfi/precompile/fhe/fhe_ops.go:710.16,712.3 1 0
github.com/luxfi/precompile/fhe/fhe_ops.go:714.2,714.39 1 0
github.com/luxfi/precompile/fhe/fhe_ops.go:719.68,720.35 1 1
github.com/luxfi/precompile/fhe/fhe_ops.go:720.35,722.3 1 0
github.com/luxfi/precompile/fhe/fhe_ops.go:724.2,725.17 2 1
github.com/luxfi/precompile/fhe/fhe_ops.go:725.17,727.3 1 0
github.com/luxfi/precompile/fhe/fhe_ops.go:729.2,730.16 2 1
github.com/luxfi/precompile/fhe/fhe_ops.go:730.16,732.3 1 0
github.com/luxfi/precompile/fhe/fhe_ops.go:734.2,734.39 1 1
github.com/luxfi/precompile/fhe/fhe_ops.go:737.68,738.35 1 0
github.com/luxfi/precompile/fhe/fhe_ops.go:738.35,740.3 1 0
github.com/luxfi/precompile/fhe/fhe_ops.go:742.2,743.17 2 0
github.com/luxfi/precompile/fhe/fhe_ops.go:743.17,745.3 1 0
github.com/luxfi/precompile/fhe/fhe_ops.go:749.2,754.16 5 0
github.com/luxfi/precompile/fhe/fhe_ops.go:754.16,756.3 1 0
github.com/luxfi/precompile/fhe/fhe_ops.go:758.2,758.39 1 0
github.com/luxfi/precompile/fhe/fhe_ops.go:761.68,762.35 1 1
github.com/luxfi/precompile/fhe/fhe_ops.go:762.35,764.3 1 0
github.com/luxfi/precompile/fhe/fhe_ops.go:766.2,767.17 2 1
github.com/luxfi/precompile/fhe/fhe_ops.go:767.17,769.3 1 0
github.com/luxfi/precompile/fhe/fhe_ops.go:771.2,772.16 2 1
github.com/luxfi/precompile/fhe/fhe_ops.go:772.16,774.3 1 0
github.com/luxfi/precompile/fhe/fhe_ops.go:776.2,776.39 1 1
github.com/luxfi/precompile/fhe/fhe_ops.go:779.68,780.35 1 0
github.com/luxfi/precompile/fhe/fhe_ops.go:780.35,782.3 1 0
github.com/luxfi/precompile/fhe/fhe_ops.go:784.2,784.17 1 0
github.com/luxfi/precompile/fhe/fhe_ops.go:784.17,787.3 1 0
github.com/luxfi/precompile/fhe/fhe_ops.go:789.2,790.17 2 0
github.com/luxfi/precompile/fhe/fhe_ops.go:790.17,792.3 1 0
github.com/luxfi/precompile/fhe/fhe_ops.go:795.2,799.16 4 0
github.com/luxfi/precompile/fhe/fhe_ops.go:799.16,801.3 1 0
github.com/luxfi/precompile/fhe/fhe_ops.go:803.2,803.39 1 0
github.com/luxfi/precompile/fhe/fhe_ops.go:806.68,807.35 1 0
github.com/luxfi/precompile/fhe/fhe_ops.go:807.35,809.3 1 0
github.com/luxfi/precompile/fhe/fhe_ops.go:811.2,811.17 1 0
github.com/luxfi/precompile/fhe/fhe_ops.go:811.17,814.3 1 0
github.com/luxfi/precompile/fhe/fhe_ops.go:816.2,817.17 2 0
github.com/luxfi/precompile/fhe/fhe_ops.go:817.17,819.3 1 0
github.com/luxfi/precompile/fhe/fhe_ops.go:822.2,826.16 4 0
github.com/luxfi/precompile/fhe/fhe_ops.go:826.16,828.3 1 0
github.com/luxfi/precompile/fhe/fhe_ops.go:830.2,830.39 1 0
github.com/luxfi/precompile/fhe/fhe_ops.go:834.41,835.35 1 0
github.com/luxfi/precompile/fhe/fhe_ops.go:835.35,837.3 1 0
github.com/luxfi/precompile/fhe/fhe_ops.go:839.2,841.39 3 0
github.com/luxfi/precompile/fhe/fhe_ops.go:845.26,847.2 1 0
github.com/luxfi/precompile/fhe/module.go:46.13,49.55 1 1
github.com/luxfi/precompile/fhe/module.go:49.55,50.13 1 0
github.com/luxfi/precompile/fhe/module.go:56.59,58.2 1 0
github.com/luxfi/precompile/fhe/module.go:61.182,63.9 2 0
github.com/luxfi/precompile/fhe/module.go:63.9,65.3 1 0
github.com/luxfi/precompile/fhe/module.go:67.2,68.12 2 0
